customer_id,gender,age_group,city,register_date,membership_level,is_active
C000001,男,36-45,南京,2021-03-05,金卡,1
C000002,男,18-25,南京,2021-07-21,金卡,1
C000003,男,46-55,西安,2022-09-22,金卡,1
C000004,女,18-25,深圳,2023-06-25,钻石,0
C000005,女,26-35,杭州,2020-06-13,普通,0
C000006,女,18-25,广州,2020-12-03,钻石,0
C000007,男,36-45,成都,2021-02-22,银卡,1
C000008,女,46-55,北京,2021-12-11,金卡,0
C000009,男,26-35,西安,2020-05-08,金卡,1
C000010,女,36-45,武汉,2023-03-31,钻石,1
C000011,男,36-45,广州,2021-09-14,金卡,0
C000012,女,36-45,北京,2022-09-18,银卡,1
C000013,女,26-35,重庆,2021-08-05,银卡,1
C000014,男,26-35,广州,2021-01-08,银卡,0
C000015,女,55+,广州,2020-03-25,钻石,1
C000016,男,26-35,西安,2022-01-27,普通,1
C000017,男,36-45,武汉,2021-12-05,银卡,1
C000018,男,46-55,武汉,2020-09-05,银卡,1
C000019,男,18-25,西安,2021-10-17,金卡,1
C000020,女,55+,广州,2022-08-28,钻石,1
C000021,男,46-55,北京,2023-11-12,银卡,0
C000022,男,46-55,重庆,2021-09-22,银卡,1
C000023,男,36-45,北京,2022-01-01,银卡,0
C000024,男,18-25,上海,2021-07-23,钻石,0
C000025,女,26-35,武汉,2022-11-14,金卡,0
C000026,女,46-55,广州,2023-09-27,钻石,1
C000027,女,18-25,杭州,2022-03-01,金卡,1
C000028,女,55+,上海,2021-09-22,银卡,1
C000029,女,36-45,广州,2022-05-01,钻石,1
C000030,男,26-35,深圳,2020-10-12,金卡,1
C000031,女,18-25,重庆,2022-12-11,钻石,0
C000032,女,36-45,成都,2020-01-14,银卡,1
C000033,男,26-35,广州,2023-12-25,钻石,1
C000034,女,18-25,杭州,2023-02-08,金卡,1
C000035,女,26-35,北京,2023-02-19,普通,0
C000036,女,46-55,上海,2021-06-21,金卡,1
C000037,女,26-35,北京,2021-01-02,普通,1
C000038,男,55+,南京,2022-10-06,钻石,1
C000039,女,18-25,南京,2021-06-12,普通,1
C000040,男,26-35,南京,2020-11-29,钻石,0
C000041,男,18-25,杭州,2022-01-01,金卡,1
C000042,女,18-25,杭州,2023-07-27,金卡,0
C000043,男,26-35,上海,2022-11-18,银卡,1
C000044,女,36-45,南京,2021-10-09,普通,1
C000045,男,26-35,西安,2020-10-21,金卡,1
C000046,女,36-45,广州,2022-09-20,普通,0
C000047,男,26-35,西安,2020-11-12,普通,1
C000048,男,18-25,广州,2022-08-01,普通,1
C000049,女,36-45,广州,2021-12-14,钻石,1
C000050,女,18-25,上海,2020-12-18,银卡,0
C000051,男,26-35,杭州,2023-11-22,银卡,0
C000052,男,46-55,上海,2020-09-23,普通,0
C000053,女,18-25,深圳,2022-09-18,普通,0
C000054,男,46-55,上海,2023-09-13,金卡,0
C000055,女,18-25,上海,2020-05-15,普通,0
C000056,男,26-35,南京,2023-04-18,普通,0
C000057,女,55+,南京,2020-10-25,金卡,0
C000058,男,55+,重庆,2022-10-22,普通,0
C000059,男,55+,深圳,2023-03-30,银卡,1
C000060,男,18-25,深圳,2020-12-17,钻石,1
C000061,男,46-55,上海,2023-11-30,银卡,1
C000062,女,26-35,西安,2022-02-16,银卡,1
C000063,女,18-25,武汉,2020-08-19,普通,0
C000064,女,36-45,西安,2022-10-12,普通,0
C000065,女,18-25,成都,2021-11-02,金卡,1
C000066,女,46-55,深圳,2023-05-14,钻石,1
C000067,男,18-25,武汉,2022-05-26,金卡,0
C000068,女,18-25,成都,2020-01-27,钻石,0
C000069,男,46-55,成都,2020-09-01,普通,0
C000070,女,26-35,南京,2020-05-12,银卡,1
C000071,男,46-55,武汉,2020-09-08,金卡,1
C000072,女,36-45,武汉,2023-08-11,钻石,1
C000073,女,26-35,武汉,2022-11-13,普通,0
C000074,女,46-55,深圳,2021-05-28,银卡,0
C000075,男,18-25,武汉,2020-07-22,普通,0
C000076,女,26-35,杭州,2022-02-22,普通,0
C000077,女,46-55,深圳,2023-09-15,金卡,1
C000078,女,55+,南京,2022-10-01,普通,0
C000079,男,46-55,武汉,2022-05-31,金卡,1
C000080,女,18-25,北京,2022-06-25,银卡,1
C000081,男,46-55,成都,2023-12-17,银卡,1
C000082,女,18-25,重庆,2022-03-07,钻石,1
C000083,男,55+,北京,2022-09-01,钻石,1
C000084,女,55+,南京,2022-10-10,金卡,1
C000085,男,55+,北京,2020-05-05,银卡,1
C000086,男,36-45,成都,2021-12-15,普通,1
C000087,女,46-55,南京,2021-12-07,普通,0
C000088,男,36-45,重庆,2021-05-22,普通,0
C000089,男,36-45,广州,2021-09-16,普通,1
C000090,女,46-55,重庆,2020-03-17,钻石,1
C000091,女,55+,北京,2020-02-11,金卡,1
C000092,女,36-45,重庆,2023-03-14,普通,1
C000093,男,36-45,武汉,2020-07-23,金卡,0
C000094,女,36-45,成都,2023-06-13,银卡,1
C000095,男,55+,深圳,2023-07-25,金卡,1
C000096,女,55+,成都,2020-04-07,银卡,0
C000097,男,55+,南京,2023-03-30,金卡,0
C000098,女,46-55,深圳,2023-03-06,金卡,0
C000099,女,55+,杭州,2023-08-27,钻石,1
C000100,女,46-55,杭州,2021-02-13,钻石,0
C000101,男,55+,武汉,2020-02-08,银卡,1
C000102,女,55+,北京,2021-07-02,银卡,1
C000103,男,26-35,广州,2022-08-05,金卡,1
C000104,女,18-25,深圳,2022-04-20,钻石,1
C000105,男,36-45,重庆,2021-08-10,银卡,1
C000106,男,26-35,深圳,2021-05-03,普通,0
C000107,女,46-55,西安,2021-09-27,钻石,1
C000108,男,26-35,广州,2023-08-17,金卡,0
C000109,女,36-45,西安,2020-02-29,银卡,0
C000110,男,18-25,上海,2022-09-22,金卡,1
C000111,女,36-45,上海,2020-05-10,钻石,0
C000112,男,55+,西安,2021-04-28,普通,1
C000113,男,26-35,重庆,2022-10-13,普通,1
C000114,女,26-35,成都,2021-11-05,银卡,0
C000115,男,26-35,杭州,2020-08-06,钻石,1
C000116,男,46-55,西安,2021-06-04,金卡,0
C000117,女,46-55,深圳,2021-10-10,金卡,0
C000118,女,36-45,杭州,2022-01-13,普通,0
C000119,男,26-35,杭州,2023-09-18,钻石,1
C000120,女,18-25,西安,2023-08-01,银卡,1
C000121,男,46-55,杭州,2022-03-06,金卡,0
C000122,女,26-35,广州,2021-04-27,钻石,1
C000123,女,18-25,杭州,2023-08-12,普通,1
C000124,女,36-45,成都,2022-08-22,普通,0
C000125,女,55+,上海,2023-12-01,金卡,1
C000126,女,46-55,北京,2023-05-18,普通,0
C000127,女,26-35,北京,2023-07-14,钻石,0
C000128,女,36-45,重庆,2023-07-10,普通,0
C000129,男,55+,广州,2020-11-19,钻石,1
C000130,女,26-35,杭州,2022-07-13,银卡,1
C000131,男,18-25,成都,2021-07-31,金卡,0
C000132,女,55+,深圳,2022-03-16,普通,0
C000133,男,18-25,武汉,2023-02-17,银卡,1
C000134,男,18-25,成都,2023-12-07,钻石,1
C000135,男,36-45,广州,2020-11-01,普通,0
C000136,女,46-55,武汉,2022-12-12,普通,0
C000137,男,36-45,杭州,2021-02-20,钻石,1
C000138,女,26-35,重庆,2020-09-23,银卡,1
C000139,男,46-55,广州,2023-10-18,钻石,0
C000140,女,36-45,深圳,2020-02-28,钻石,0
C000141,女,18-25,北京,2022-01-27,钻石,0
C000142,女,26-35,成都,2021-10-24,钻石,1
C000143,男,55+,北京,2020-05-29,普通,1
C000144,女,36-45,重庆,2021-04-25,普通,0
C000145,女,36-45,成都,2021-06-03,金卡,0
C000146,男,55+,广州,2023-02-19,金卡,0
C000147,女,36-45,武汉,2022-10-28,银卡,0
C000148,女,26-35,杭州,2021-10-11,普通,1
C000149,男,46-55,杭州,2020-03-31,金卡,1
C000150,女,55+,杭州,2021-08-02,金卡,1
C000151,女,46-55,广州,2020-12-03,钻石,0
C000152,男,18-25,深圳,2021-01-21,银卡,0
C000153,女,26-35,武汉,2022-08-21,钻石,0
C000154,男,46-55,南京,2022-10-10,钻石,1
C000155,男,26-35,上海,2022-10-06,金卡,0
C000156,女,26-35,广州,2021-02-21,金卡,0
C000157,男,55+,重庆,2023-04-10,银卡,1
C000158,男,46-55,上海,2020-06-06,金卡,0
C000159,男,46-55,南京,2021-08-05,普通,1
C000160,男,18-25,武汉,2020-11-10,钻石,1
C000161,女,55+,北京,2023-07-10,金卡,0
C000162,女,36-45,重庆,2023-09-05,银卡,0
C000163,女,36-45,北京,2020-04-09,普通,1
C000164,女,36-45,广州,2020-07-08,银卡,1
C000165,男,26-35,广州,2020-07-01,钻石,1
C000166,男,18-25,杭州,2021-08-06,钻石,1
C000167,男,36-45,上海,2021-09-27,金卡,0
C000168,女,46-55,武汉,2022-09-29,金卡,1
C000169,女,36-45,重庆,2020-07-03,银卡,1
C000170,女,18-25,北京,2023-07-15,金卡,1
C000171,男,26-35,武汉,2023-10-17,普通,1
C000172,女,18-25,武汉,2022-08-16,金卡,0
C000173,女,26-35,西安,2020-09-18,钻石,1
C000174,男,55+,上海,2023-03-10,普通,0
C000175,女,46-55,上海,2022-11-11,钻石,1
C000176,女,55+,上海,2021-12-28,普通,0
C000177,女,26-35,广州,2023-09-16,钻石,0
C000178,女,36-45,南京,2020-06-19,钻石,1
C000179,女,36-45,广州,2023-07-01,银卡,0
C000180,女,18-25,成都,2020-06-09,普通,0
C000181,男,18-25,广州,2022-03-19,钻石,1
C000182,女,55+,武汉,2023-11-17,金卡,1
C000183,女,36-45,上海,2023-11-15,银卡,0
C000184,男,18-25,北京,2020-01-29,银卡,0
C000185,女,26-35,深圳,2021-03-04,钻石,0
C000186,女,46-55,广州,2020-06-25,钻石,1
C000187,男,26-35,广州,2020-02-14,钻石,1
C000188,男,46-55,重庆,2022-08-23,银卡,0
C000189,女,18-25,南京,2021-08-26,普通,0
C000190,女,46-55,武汉,2023-07-15,金卡,0
C000191,女,46-55,西安,2022-09-25,钻石,0
C000192,男,46-55,重庆,2020-05-04,金卡,0
C000193,女,46-55,上海,2021-07-02,钻石,1
C000194,女,18-25,广州,2022-07-07,金卡,0
C000195,女,46-55,深圳,2022-08-19,银卡,1
C000196,女,26-35,杭州,2023-05-18,钻石,1
C000197,女,46-55,广州,2023-10-10,银卡,1
C000198,男,46-55,广州,2023-11-15,银卡,0
C000199,女,18-25,成都,2020-11-16,钻石,1
C000200,男,55+,北京,2021-04-25,普通,1
C000201,女,26-35,广州,2021-06-18,普通,0
C000202,女,18-25,重庆,2021-11-22,银卡,0
C000203,男,46-55,杭州,2023-02-24,金卡,1
C000204,女,26-35,西安,2020-04-05,普通,0
C000205,女,18-25,上海,2022-06-15,普通,0
C000206,男,26-35,上海,2022-11-04,银卡,1
C000207,女,46-55,西安,2020-11-17,钻石,0
C000208,女,36-45,广州,2020-11-11,普通,0
C000209,女,18-25,深圳,2022-06-18,钻石,1
C000210,男,18-25,杭州,2021-08-10,金卡,1
C000211,男,26-35,西安,2022-01-08,钻石,0
C000212,女,46-55,成都,2020-10-09,钻石,1
C000213,女,26-35,北京,2020-03-01,普通,0
C000214,女,46-55,广州,2021-11-23,钻石,0
C000215,男,26-35,重庆,2022-03-16,普通,1
C000216,女,55+,杭州,2022-05-08,金卡,1
C000217,女,55+,重庆,2020-01-17,银卡,1
C000218,男,55+,重庆,2022-07-02,钻石,1
C000219,女,26-35,杭州,2023-08-21,普通,0
C000220,女,46-55,广州,2023-01-05,金卡,0
C000221,女,55+,南京,2020-07-09,银卡,0
C000222,女,26-35,杭州,2020-02-27,钻石,0
C000223,女,36-45,西安,2020-05-02,金卡,0
C000224,男,46-55,杭州,2020-04-07,普通,1
C000225,男,55+,重庆,2021-11-25,银卡,1
C000226,女,55+,广州,2021-09-04,钻石,0
C000227,女,55+,重庆,2020-08-03,银卡,1
C000228,男,26-35,成都,2022-07-19,钻石,0
C000229,男,46-55,广州,2020-07-07,钻石,0
C000230,男,36-45,西安,2022-07-02,钻石,1
C000231,女,46-55,武汉,2021-06-24,钻石,1
C000232,男,55+,广州,2020-11-29,钻石,1
C000233,男,26-35,武汉,2020-09-21,钻石,0
C000234,女,18-25,重庆,2020-11-17,钻石,0
C000235,女,55+,杭州,2020-09-04,普通,0
C000236,女,36-45,南京,2020-08-29,金卡,1
C000237,男,26-35,广州,2022-09-22,钻石,0
C000238,女,26-35,广州,2021-09-16,钻石,0
C000239,女,18-25,北京,2020-09-07,钻石,1
C000240,女,55+,武汉,2023-03-19,金卡,1
C000241,男,26-35,西安,2022-08-31,钻石,1
C000242,女,26-35,南京,2023-09-28,普通,1
C000243,男,46-55,南京,2022-03-04,普通,1
C000244,男,26-35,北京,2021-07-22,金卡,0
C000245,男,26-35,重庆,2023-08-11,普通,0
C000246,男,18-25,西安,2022-09-01,银卡,0
C000247,男,26-35,重庆,2021-07-17,钻石,0
C000248,女,46-55,重庆,2022-12-28,普通,1
C000249,女,46-55,广州,2020-02-17,钻石,0
C000250,女,46-55,杭州,2022-12-17,普通,0
C000251,男,36-45,广州,2020-07-22,银卡,1
C000252,男,36-45,成都,2020-07-02,银卡,0
C000253,女,26-35,北京,2023-06-12,普通,1
C000254,男,36-45,广州,2022-03-09,钻石,1
C000255,女,18-25,北京,2021-06-12,银卡,0
C000256,男,46-55,西安,2023-05-07,钻石,0
C000257,男,36-45,武汉,2021-07-05,钻石,0
C000258,男,46-55,深圳,2022-09-18,普通,1
C000259,男,26-35,西安,2023-02-08,银卡,1
C000260,女,46-55,上海,2023-03-09,银卡,0
C000261,男,26-35,西安,2022-02-03,钻石,1
C000262,男,46-55,重庆,2020-03-26,金卡,0
C000263,男,46-55,杭州,2020-01-02,金卡,1
C000264,男,55+,西安,2021-12-20,金卡,0
C000265,男,36-45,上海,2020-11-26,钻石,0
C000266,女,46-55,深圳,2020-10-13,金卡,1
C000267,女,46-55,杭州,2023-07-24,银卡,1
C000268,男,46-55,重庆,2021-11-30,金卡,0
C000269,男,18-25,重庆,2023-11-17,钻石,0
C000270,男,46-55,西安,2020-01-20,钻石,1
C000271,男,18-25,西安,2023-01-07,普通,1
C000272,男,36-45,成都,2023-10-08,金卡,1
C000273,男,18-25,武汉,2020-12-28,金卡,0
C000274,男,26-35,北京,2022-06-29,金卡,1
C000275,男,55+,杭州,2021-01-27,银卡,0
C000276,女,18-25,杭州,2022-10-08,钻石,0
C000277,男,46-55,上海,2020-01-15,金卡,1
C000278,男,55+,重庆,2020-12-15,银卡,0
C000279,男,18-25,广州,2023-04-19,金卡,0
C000280,女,26-35,北京,2022-12-07,金卡,1
C000281,女,18-25,南京,2020-01-05,钻石,1
C000282,男,55+,武汉,2021-07-15,钻石,1
C000283,男,26-35,北京,2022-11-25,金卡,1
C000284,女,36-45,北京,2022-12-26,钻石,0
C000285,男,55+,北京,2021-11-16,银卡,1
C000286,男,26-35,广州,2020-06-01,金卡,1
C000287,男,18-25,武汉,2020-05-08,钻石,0
C000288,女,36-45,深圳,2023-04-28,普通,1
C000289,女,18-25,南京,2021-05-03,银卡,0
C000290,女,18-25,武汉,2023-05-13,普通,0
C000291,男,46-55,南京,2020-05-04,普通,0
C000292,女,18-25,杭州,2020-05-06,钻石,0
C000293,男,55+,北京,2020-07-27,金卡,1
C000294,男,55+,成都,2022-04-02,银卡,0
C000295,女,46-55,成都,2022-07-17,普通,1
C000296,男,46-55,西安,2023-08-26,金卡,0
C000297,男,18-25,重庆,2020-08-09,普通,0
C000298,男,55+,杭州,2023-03-19,金卡,1
C000299,女,26-35,深圳,2022-09-12,银卡,0
C000300,男,36-45,重庆,2020-05-03,钻石,1
C000301,男,26-35,武汉,2021-09-29,金卡,1
C000302,女,18-25,西安,2021-08-19,银卡,0
C000303,男,46-55,南京,2021-05-01,银卡,0
C000304,男,18-25,南京,2023-08-04,银卡,1
C000305,女,55+,南京,2023-11-23,金卡,1
C000306,女,26-35,上海,2022-05-07,钻石,0
C000307,男,18-25,深圳,2022-10-12,银卡,1
C000308,男,26-35,武汉,2023-07-01,金卡,1
C000309,女,26-35,北京,2021-02-24,金卡,0
C000310,女,18-25,西安,2020-05-31,普通,0
C000311,女,26-35,重庆,2021-08-18,金卡,0
C000312,男,26-35,杭州,2020-03-01,银卡,0
C000313,男,36-45,西安,2021-06-20,银卡,0
C000314,男,26-35,杭州,2021-02-05,普通,0
C000315,男,46-55,上海,2023-10-19,金卡,0
C000316,女,26-35,南京,2021-09-16,金卡,0
C000317,女,18-25,上海,2022-12-15,银卡,0
C000318,男,55+,成都,2021-01-23,金卡,1
C000319,女,26-35,北京,2023-05-12,银卡,1
C000320,女,26-35,北京,2020-10-31,金卡,0
C000321,女,26-35,上海,2022-11-06,钻石,0
C000322,女,55+,南京,2020-12-08,钻石,1
C000323,女,36-45,西安,2021-01-01,钻石,1
C000324,女,55+,成都,2022-08-28,普通,0
C000325,男,46-55,深圳,2021-03-25,钻石,0
C000326,女,46-55,重庆,2021-09-18,银卡,1
C000327,男,26-35,上海,2021-06-05,金卡,1
C000328,女,26-35,重庆,2022-11-28,普通,1
C000329,女,46-55,武汉,2022-11-15,钻石,1
C000330,女,46-55,南京,2022-04-17,金卡,1
C000331,男,46-55,深圳,2020-02-20,金卡,0
C000332,男,36-45,西安,2022-01-05,普通,1
C000333,男,18-25,上海,2021-04-11,金卡,0
C000334,男,36-45,深圳,2023-01-23,金卡,1
C000335,女,26-35,重庆,2021-09-11,银卡,1
C000336,女,36-45,南京,2020-01-18,钻石,1
C000337,男,46-55,西安,2023-04-02,银卡,1
C000338,男,26-35,武汉,2021-04-11,银卡,1
C000339,女,18-25,南京,2022-08-02,银卡,1
C000340,女,26-35,武汉,2023-11-30,钻石,0
C000341,男,55+,广州,2022-02-06,金卡,0
C000342,女,36-45,深圳,2022-10-20,钻石,1
C000343,女,55+,杭州,2023-11-05,金卡,0
C000344,男,26-35,广州,2023-03-08,金卡,1
C000345,男,46-55,上海,2022-02-19,钻石,0
C000346,男,36-45,重庆,2022-08-30,钻石,1
C000347,男,18-25,西安,2020-07-09,银卡,0
C000348,女,18-25,广州,2023-11-12,银卡,0
C000349,女,26-35,深圳,2022-03-01,金卡,0
C000350,男,36-45,西安,2022-07-20,普通,0
C000351,女,46-55,广州,2021-10-31,普通,0
C000352,女,46-55,上海,2023-01-03,钻石,0
C000353,男,36-45,成都,2020-09-23,钻石,0
C000354,女,55+,深圳,2023-05-21,钻石,1
C000355,男,26-35,武汉,2021-02-17,普通,1
C000356,男,55+,南京,2023-05-23,钻石,1
C000357,男,18-25,杭州,2022-08-05,钻石,1
C000358,女,46-55,重庆,2023-12-05,银卡,1
C000359,男,55+,成都,2021-05-25,钻石,1
C000360,男,55+,上海,2023-09-11,钻石,0
C000361,男,36-45,西安,2021-05-05,金卡,0
C000362,男,46-55,成都,2023-11-30,普通,1
C000363,男,55+,南京,2020-06-05,钻石,1
C000364,女,26-35,西安,2020-12-03,普通,1
C000365,男,46-55,成都,2020-02-24,金卡,1
C000366,女,18-25,北京,2021-02-02,金卡,0
C000367,男,36-45,武汉,2023-12-23,钻石,1
C000368,男,55+,深圳,2020-05-19,钻石,0
C000369,女,26-35,广州,2022-08-22,普通,0
C000370,女,18-25,西安,2020-12-28,钻石,0
C000371,男,36-45,广州,2020-06-07,钻石,1
C000372,男,18-25,西安,2020-12-30,银卡,1
C000373,男,55+,上海,2023-11-27,钻石,1
C000374,男,55+,北京,2022-06-28,普通,1
C000375,男,36-45,深圳,2021-02-17,银卡,0
C000376,女,18-25,北京,2020-02-02,金卡,0
C000377,男,26-35,上海,2023-10-24,银卡,0
C000378,女,55+,上海,2020-03-31,金卡,1
C000379,男,55+,深圳,2023-02-25,钻石,1
C000380,男,26-35,上海,2020-09-04,金卡,1
C000381,男,46-55,南京,2020-12-21,普通,1
C000382,女,26-35,上海,2021-03-11,金卡,1
C000383,男,26-35,成都,2020-03-30,金卡,1
C000384,男,36-45,上海,2020-07-27,金卡,1
C000385,男,36-45,广州,2023-10-20,金卡,1
C000386,女,18-25,重庆,2020-05-18,钻石,1
C000387,男,55+,重庆,2022-11-12,普通,0
C000388,男,36-45,深圳,2020-02-13,钻石,0
C000389,男,18-25,广州,2023-06-23,金卡,1
C000390,男,26-35,成都,2021-08-30,银卡,0
C000391,女,36-45,广州,2021-05-02,金卡,1
C000392,男,55+,成都,2023-08-11,金卡,0
C000393,女,36-45,深圳,2021-04-14,银卡,0
C000394,男,26-35,重庆,2023-09-23,钻石,1
C000395,女,18-25,上海,2021-01-10,钻石,0
C000396,男,26-35,深圳,2021-01-29,银卡,0
C000397,男,26-35,西安,2020-12-21,普通,1
C000398,女,26-35,深圳,2022-08-14,银卡,1
C000399,男,36-45,杭州,2020-12-27,钻石,0
C000400,女,18-25,南京,2021-07-10,钻石,1
C000401,女,46-55,成都,2020-12-09,钻石,0
C000402,男,46-55,成都,2022-09-14,普通,1
C000403,男,55+,广州,2023-05-03,金卡,1
C000404,女,46-55,杭州,2022-08-07,钻石,1
C000405,女,26-35,武汉,2020-05-27,银卡,0
C000406,男,18-25,西安,2021-01-23,金卡,1
C000407,女,46-55,南京,2022-04-08,钻石,1
C000408,男,46-55,北京,2021-09-22,普通,1
C000409,男,26-35,成都,2023-03-04,金卡,1
C000410,女,36-45,北京,2022-11-09,钻石,1
C000411,男,46-55,北京,2021-05-20,金卡,0
C000412,男,36-45,重庆,2023-11-29,钻石,0
C000413,男,55+,重庆,2021-06-04,银卡,0
C000414,男,46-55,成都,2020-08-27,普通,0
C000415,男,46-55,杭州,2022-05-16,金卡,1
C000416,女,46-55,上海,2023-04-15,普通,1
C000417,女,26-35,成都,2020-10-19,金卡,0
C000418,女,18-25,上海,2020-12-10,普通,1
C000419,女,36-45,成都,2022-12-11,银卡,0
C000420,男,26-35,深圳,2022-02-06,钻石,0
C000421,男,46-55,重庆,2022-10-26,银卡,0
C000422,男,26-35,深圳,2021-02-15,金卡,1
C000423,男,26-35,上海,2022-06-21,金卡,0
C000424,男,36-45,上海,2022-02-12,金卡,0
C000425,男,46-55,武汉,2023-04-14,普通,0
C000426,女,18-25,重庆,2020-05-05,普通,0
C000427,男,46-55,重庆,2021-03-08,金卡,1
C000428,女,55+,成都,2022-08-27,金卡,1
C000429,女,36-45,深圳,2023-10-28,金卡,1
C000430,男,36-45,南京,2022-02-14,普通,0
C000431,女,26-35,北京,2022-07-24,普通,1
C000432,男,36-45,武汉,2023-12-03,钻石,1
C000433,男,18-25,南京,2023-09-14,普通,1
C000434,女,46-55,深圳,2020-04-03,钻石,1
C000435,男,36-45,成都,2023-06-08,钻石,0
C000436,女,55+,深圳,2022-02-27,银卡,0
C000437,女,18-25,杭州,2020-09-18,钻石,0
C000438,男,46-55,西安,2022-07-02,银卡,0
C000439,男,18-25,上海,2021-03-09,钻石,0
C000440,女,46-55,杭州,2020-11-24,银卡,1
C000441,女,18-25,广州,2023-09-25,钻石,0
C000442,女,26-35,重庆,2023-11-17,普通,1
C000443,女,55+,成都,2022-02-11,银卡,0
C000444,男,36-45,上海,2021-06-14,普通,0
C000445,男,18-25,重庆,2021-11-27,金卡,0
C000446,女,55+,北京,2021-10-03,金卡,0
C000447,男,46-55,成都,2023-04-23,金卡,1
C000448,男,55+,重庆,2023-10-23,银卡,0
C000449,男,55+,武汉,2022-03-20,金卡,0
C000450,男,46-55,武汉,2021-08-30,银卡,1
C000451,男,55+,南京,2020-10-25,金卡,0
C000452,女,26-35,武汉,2021-07-14,金卡,1
C000453,女,26-35,深圳,2020-04-30,银卡,0
C000454,女,46-55,杭州,2021-01-01,银卡,0
C000455,女,36-45,成都,2023-01-27,钻石,1
C000456,女,18-25,西安,2022-03-12,金卡,1
C000457,男,55+,成都,2023-11-27,普通,0
C000458,男,36-45,武汉,2021-10-24,银卡,0
C000459,女,36-45,广州,2022-06-23,银卡,0
C000460,男,36-45,重庆,2021-02-04,普通,0
C000461,女,26-35,北京,2022-02-10,普通,1
C000462,男,18-25,上海,2022-08-28,金卡,1
C000463,女,26-35,北京,2020-10-31,普通,0
C000464,女,36-45,重庆,2022-03-23,银卡,1
C000465,男,46-55,成都,2023-11-17,金卡,1
C000466,男,18-25,上海,2022-01-22,普通,0
C000467,男,18-25,重庆,2022-09-28,钻石,1
C000468,男,55+,广州,2023-11-21,钻石,1
C000469,女,36-45,重庆,2023-08-13,银卡,0
C000470,男,55+,广州,2021-10-28,钻石,0
C000471,女,18-25,西安,2022-03-17,普通,0
C000472,男,26-35,重庆,2023-09-10,银卡,0
C000473,女,36-45,上海,2023-02-10,普通,0
C000474,男,26-35,上海,2023-03-23,金卡,0
C000475,男,55+,杭州,2020-06-22,金卡,0
C000476,男,26-35,杭州,2022-05-16,普通,1
C000477,女,26-35,重庆,2023-09-11,钻石,1
C000478,女,55+,西安,2022-12-06,银卡,0
C000479,男,26-35,北京,2023-09-19,银卡,0
C000480,男,26-35,重庆,2021-09-05,银卡,1
C000481,男,55+,成都,2021-07-22,普通,1
C000482,女,26-35,成都,2021-06-17,钻石,0
C000483,女,26-35,西安,2021-06-04,银卡,0
C000484,女,26-35,南京,2023-07-13,银卡,1
C000485,女,46-55,成都,2020-11-10,普通,0
C000486,女,18-25,西安,2020-06-07,普通,1
C000487,女,18-25,南京,2020-05-15,金卡,1
C000488,男,36-45,北京,2020-10-26,普通,1
C000489,女,18-25,上海,2021-03-31,银卡,1
C000490,女,18-25,西安,2023-04-20,金卡,1
C000491,女,55+,上海,2023-02-03,普通,0
C000492,女,26-35,南京,2021-10-13,钻石,1
C000493,男,36-45,北京,2023-04-28,银卡,0
C000494,女,55+,杭州,2020-10-19,普通,1
C000495,男,55+,成都,2023-12-19,钻石,0
C000496,女,46-55,西安,2022-06-17,金卡,1
C000497,男,36-45,上海,2022-05-26,金卡,1
C000498,男,18-25,上海,2021-10-02,银卡,0
C000499,男,18-25,杭州,2020-12-04,钻石,0
C000500,男,46-55,武汉,2022-05-18,普通,1
C000501,男,18-25,成都,2020-01-29,金卡,0
C000502,男,55+,武汉,2023-09-16,银卡,0
C000503,男,36-45,广州,2020-12-24,金卡,0
C000504,女,46-55,广州,2022-05-15,金卡,0
C000505,男,55+,上海,2021-11-23,金卡,1
C000506,女,36-45,深圳,2022-09-16,普通,1
C000507,女,55+,北京,2021-03-21,钻石,1
C000508,女,18-25,重庆,2020-04-27,钻石,1
C000509,女,18-25,北京,2021-09-03,金卡,0
C000510,女,18-25,上海,2022-04-03,钻石,1
C000511,男,55+,西安,2021-02-08,银卡,1
C000512,女,18-25,广州,2020-09-10,金卡,0
C000513,女,36-45,杭州,2022-08-21,金卡,1
C000514,女,18-25,武汉,2021-01-08,钻石,0
C000515,女,46-55,北京,2020-10-13,金卡,0
C000516,男,36-45,北京,2020-08-14,银卡,1
C000517,女,18-25,广州,2022-05-12,银卡,1
C000518,女,18-25,成都,2023-09-24,钻石,1
C000519,男,36-45,成都,2023-10-28,钻石,0
C000520,男,18-25,广州,2020-08-12,银卡,1
C000521,男,26-35,北京,2022-10-21,金卡,1
C000522,男,46-55,武汉,2023-05-07,金卡,1
C000523,男,46-55,深圳,2022-09-22,银卡,0
C000524,女,18-25,杭州,2021-05-25,银卡,1
C000525,女,18-25,西安,2021-02-10,银卡,0
C000526,男,26-35,上海,2023-04-25,银卡,1
C000527,女,26-35,广州,2020-03-19,钻石,0
C000528,男,18-25,北京,2023-06-16,钻石,1
C000529,女,26-35,深圳,2022-12-11,金卡,1
C000530,男,55+,成都,2022-09-08,普通,1
C000531,女,36-45,杭州,2020-08-13,金卡,1
C000532,女,18-25,广州,2021-05-20,普通,0
C000533,女,26-35,杭州,2020-04-16,钻石,1
C000534,男,46-55,广州,2023-05-27,金卡,1
C000535,女,36-45,上海,2022-01-14,普通,0
C000536,男,36-45,南京,2023-10-30,金卡,1
C000537,女,26-35,重庆,2021-05-02,钻石,0
C000538,男,55+,上海,2020-08-05,普通,0
C000539,女,18-25,上海,2021-01-30,金卡,1
C000540,男,55+,广州,2022-08-29,普通,0
C000541,女,55+,杭州,2021-01-27,金卡,1
C000542,男,46-55,上海,2022-07-07,钻石,1
C000543,男,26-35,重庆,2022-12-08,金卡,0
C000544,男,55+,北京,2021-08-16,银卡,1
C000545,男,26-35,武汉,2022-10-10,钻石,1
C000546,女,26-35,广州,2022-03-31,普通,0
C000547,男,55+,北京,2023-03-17,钻石,1
C000548,男,36-45,杭州,2021-09-13,普通,0
C000549,男,55+,深圳,2021-04-03,金卡,0
C000550,男,36-45,广州,2023-08-02,金卡,0
C000551,男,26-35,西安,2023-08-08,普通,0
C000552,女,55+,南京,2023-08-21,金卡,0
C000553,女,26-35,成都,2023-12-15,金卡,1
C000554,男,36-45,深圳,2020-04-27,金卡,0
C000555,男,55+,重庆,2021-06-08,普通,1
C000556,女,55+,西安,2023-09-01,银卡,1
C000557,女,36-45,深圳,2021-03-27,钻石,0
C000558,男,46-55,南京,2022-07-02,银卡,1
C000559,女,26-35,武汉,2020-07-10,银卡,0
C000560,女,26-35,杭州,2021-01-21,普通,1
C000561,男,46-55,重庆,2020-11-29,银卡,0
C000562,男,46-55,深圳,2020-10-20,钻石,1
C000563,男,18-25,重庆,2020-07-24,普通,1
C000564,男,18-25,北京,2022-02-25,普通,0
C000565,男,36-45,广州,2021-05-23,普通,0
C000566,女,18-25,深圳,2020-08-05,银卡,1
C000567,女,26-35,杭州,2023-02-26,金卡,1
C000568,男,18-25,西安,2020-11-12,金卡,0
C000569,男,18-25,西安,2020-02-13,金卡,0
C000570,女,26-35,北京,2022-11-13,银卡,0
C000571,女,46-55,广州,2021-04-09,金卡,1
C000572,女,18-25,武汉,2021-04-07,银卡,0
C000573,男,36-45,南京,2021-04-04,普通,1
C000574,女,18-25,北京,2020-08-30,银卡,0
C000575,女,55+,广州,2022-05-27,钻石,0
C000576,女,55+,杭州,2023-09-28,金卡,0
C000577,女,36-45,杭州,2021-07-09,普通,0
C000578,男,36-45,广州,2020-10-31,钻石,1
C000579,男,18-25,重庆,2022-09-06,钻石,1
C000580,男,36-45,广州,2020-10-23,银卡,1
C000581,女,46-55,成都,2021-12-23,钻石,1
C000582,女,26-35,深圳,2023-05-17,钻石,1
C000583,女,55+,西安,2023-01-30,钻石,0
C000584,男,55+,成都,2022-02-26,银卡,0
C000585,女,18-25,深圳,2021-04-26,普通,1
C000586,女,26-35,上海,2023-02-17,普通,1
C000587,男,36-45,武汉,2022-01-09,银卡,1
C000588,男,26-35,北京,2021-05-11,银卡,0
C000589,男,46-55,北京,2023-11-25,钻石,1
C000590,男,55+,上海,2020-04-20,钻石,0
C000591,男,36-45,广州,2020-03-02,普通,0
C000592,男,55+,成都,2020-06-06,银卡,0
C000593,男,55+,杭州,2022-08-20,钻石,1
C000594,女,18-25,杭州,2021-11-21,普通,0
C000595,男,55+,广州,2020-05-02,银卡,0
C000596,女,46-55,西安,2022-03-22,金卡,1
C000597,男,46-55,广州,2023-12-23,金卡,0
C000598,女,26-35,深圳,2022-12-04,钻石,0
C000599,女,26-35,西安,2021-03-24,普通,1
C000600,女,46-55,成都,2022-09-04,银卡,0
C000601,女,26-35,杭州,2022-01-30,普通,0
C000602,女,55+,南京,2020-06-08,普通,0
C000603,男,55+,上海,2021-07-31,普通,0
C000604,男,36-45,深圳,2023-05-07,银卡,0
C000605,女,18-25,重庆,2021-05-07,普通,1
C000606,男,36-45,上海,2020-04-03,金卡,0
C000607,女,46-55,西安,2021-12-31,银卡,1
C000608,女,26-35,上海,2022-03-11,金卡,1
C000609,男,55+,广州,2022-10-28,普通,1
C000610,男,36-45,广州,2022-09-03,银卡,1
C000611,男,26-35,深圳,2020-06-10,银卡,0
C000612,女,46-55,广州,2022-10-24,金卡,1
C000613,女,18-25,成都,2022-01-07,银卡,0
C000614,男,26-35,重庆,2023-06-04,钻石,0
C000615,男,36-45,西安,2020-01-31,普通,1
C000616,女,36-45,广州,2020-07-11,金卡,0
C000617,女,55+,南京,2020-05-19,金卡,0
C000618,男,46-55,杭州,2020-05-25,钻石,1
C000619,男,18-25,重庆,2022-06-24,钻石,0
C000620,女,46-55,成都,2022-01-14,银卡,1
C000621,女,36-45,上海,2022-01-21,钻石,1
C000622,男,55+,北京,2021-06-22,银卡,0
C000623,男,36-45,成都,2020-11-12,银卡,1
C000624,男,46-55,武汉,2020-05-29,普通,1
C000625,女,55+,武汉,2022-08-12,普通,0
C000626,男,46-55,成都,2021-01-04,银卡,1
C000627,男,36-45,南京,2021-11-04,钻石,0
C000628,女,18-25,杭州,2023-12-09,钻石,0
C000629,男,46-55,广州,2023-01-21,银卡,1
C000630,男,55+,成都,2023-03-09,普通,1
C000631,女,26-35,北京,2022-05-30,银卡,0
C000632,女,36-45,杭州,2023-11-01,银卡,0
C000633,男,36-45,成都,2020-10-17,普通,1
C000634,女,46-55,西安,2023-12-29,银卡,1
C000635,男,18-25,成都,2021-01-11,金卡,1
C000636,男,36-45,成都,2020-12-02,钻石,1
C000637,男,46-55,南京,2023-01-01,钻石,0
C000638,男,18-25,重庆,2023-02-22,银卡,1
C000639,女,18-25,广州,2023-09-22,钻石,0
C000640,女,18-25,成都,2022-10-19,金卡,0
C000641,男,46-55,重庆,2022-07-11,普通,0
C000642,男,46-55,西安,2021-03-23,银卡,1
C000643,女,26-35,深圳,2021-03-18,普通,1
C000644,男,36-45,杭州,2022-01-15,普通,1
C000645,女,46-55,成都,2023-08-21,金卡,1
C000646,女,55+,南京,2023-01-15,普通,0
C000647,女,36-45,广州,2022-07-28,银卡,1
C000648,女,46-55,杭州,2022-02-20,普通,0
C000649,男,18-25,重庆,2020-07-31,钻石,0
C000650,男,46-55,西安,2022-10-13,普通,1
C000651,男,26-35,武汉,2022-05-11,钻石,0
C000652,女,18-25,南京,2021-02-04,钻石,1
C000653,女,18-25,南京,2023-08-13,银卡,1
C000654,女,36-45,成都,2021-07-02,银卡,0
C000655,男,18-25,北京,2022-04-29,银卡,1
C000656,女,36-45,广州,2022-11-28,钻石,0
C000657,女,26-35,重庆,2023-02-12,钻石,0
C000658,女,26-35,成都,2023-03-29,银卡,1
C000659,男,46-55,深圳,2021-10-13,普通,0
C000660,男,55+,成都,2022-10-29,金卡,0
C000661,男,18-25,上海,2021-10-22,普通,1
C000662,男,18-25,重庆,2020-01-24,普通,1
C000663,男,46-55,南京,2020-02-21,银卡,0
C000664,男,36-45,深圳,2023-08-29,银卡,1
C000665,男,36-45,上海,2021-06-17,银卡,0
C000666,男,18-25,武汉,2023-07-31,普通,0
C000667,女,36-45,广州,2020-10-17,普通,0
C000668,女,26-35,成都,2022-10-09,普通,1
C000669,女,18-25,武汉,2020-02-14,普通,0
C000670,女,46-55,南京,2023-11-08,钻石,0
C000671,女,18-25,广州,2021-01-03,普通,0
C000672,女,46-55,重庆,2021-12-03,普通,0
C000673,女,18-25,深圳,2022-12-04,普通,0
C000674,男,26-35,南京,2022-11-26,普通,0
C000675,女,26-35,深圳,2020-03-01,普通,0
C000676,女,46-55,深圳,2021-07-02,普通,1
C000677,女,46-55,武汉,2023-12-21,钻石,1
C000678,女,26-35,深圳,2021-01-30,金卡,1
C000679,女,26-35,深圳,2020-07-29,钻石,1
C000680,女,55+,杭州,2022-07-02,金卡,0
C000681,女,46-55,深圳,2023-05-28,金卡,1
C000682,男,46-55,广州,2023-07-19,普通,1
C000683,女,36-45,重庆,2023-04-16,金卡,1
C000684,男,26-35,南京,2020-03-02,钻石,0
C000685,男,18-25,深圳,2022-01-02,金卡,1
C000686,女,18-25,北京,2020-10-24,金卡,0
C000687,男,46-55,重庆,2021-11-04,金卡,0
C000688,男,46-55,杭州,2023-02-24,银卡,0
C000689,女,55+,上海,2020-07-29,钻石,1
C000690,女,26-35,深圳,2021-10-12,普通,1
C000691,男,36-45,成都,2022-10-18,普通,0
C000692,男,55+,南京,2022-07-16,钻石,0
C000693,男,36-45,北京,2023-03-26,普通,1
C000694,男,46-55,北京,2021-08-05,普通,1
C000695,男,18-25,武汉,2023-08-13,普通,1
C000696,女,36-45,南京,2021-09-08,钻石,0
C000697,女,46-55,重庆,2023-02-13,普通,1
C000698,女,46-55,上海,2021-09-03,金卡,0
C000699,男,18-25,北京,2020-02-29,银卡,0
C000700,女,26-35,广州,2021-10-23,普通,0
C000701,男,18-25,杭州,2022-01-25,普通,0
C000702,女,18-25,杭州,2020-04-08,金卡,1
C000703,男,26-35,重庆,2021-07-06,钻石,0
C000704,女,26-35,重庆,2020-09-15,钻石,1
C000705,男,55+,西安,2023-09-30,银卡,1
C000706,女,36-45,南京,2023-09-16,钻石,0
C000707,女,36-45,上海,2020-07-07,金卡,0
C000708,男,18-25,上海,2023-09-12,钻石,0
C000709,男,26-35,武汉,2021-03-11,钻石,0
C000710,男,36-45,深圳,2022-09-25,金卡,1
C000711,女,26-35,西安,2023-12-22,普通,0
C000712,女,46-55,武汉,2021-03-24,银卡,1
C000713,男,36-45,成都,2021-01-19,银卡,1
C000714,男,26-35,武汉,2023-03-28,普通,0
C000715,男,46-55,广州,2021-05-07,金卡,0
C000716,女,36-45,杭州,2022-09-02,普通,0
C000717,女,26-35,广州,2021-12-26,钻石,1
C000718,女,18-25,武汉,2022-11-06,金卡,1
C000719,男,46-55,成都,2020-07-19,银卡,1
C000720,女,26-35,重庆,2021-01-22,金卡,1
C000721,女,18-25,北京,2022-11-28,银卡,0
C000722,男,18-25,北京,2021-03-25,金卡,0
C000723,男,36-45,深圳,2020-05-14,钻石,1
C000724,男,26-35,杭州,2022-03-15,钻石,0
C000725,男,36-45,杭州,2020-12-16,金卡,0
C000726,男,55+,重庆,2020-07-12,钻石,1
C000727,男,26-35,南京,2023-11-09,普通,0
C000728,女,46-55,广州,2021-01-18,普通,1
C000729,女,18-25,广州,2022-05-26,金卡,0
C000730,男,55+,南京,2020-12-15,钻石,0
C000731,男,46-55,上海,2022-09-27,普通,0
C000732,女,26-35,西安,2023-03-07,银卡,0
C000733,男,36-45,南京,2020-07-11,钻石,1
C000734,女,46-55,杭州,2021-12-19,金卡,1
C000735,女,36-45,南京,2020-01-28,钻石,0
C000736,男,26-35,成都,2021-07-06,银卡,0
C000737,女,18-25,深圳,2022-01-01,钻石,1
C000738,男,26-35,成都,2021-02-26,普通,1
C000739,女,55+,广州,2023-07-07,金卡,1
C000740,女,55+,成都,2021-11-09,金卡,1
C000741,男,55+,西安,2021-01-25,金卡,0
C000742,女,55+,南京,2022-06-06,金卡,0
C000743,女,26-35,武汉,2020-01-18,银卡,1
C000744,男,36-45,武汉,2023-07-01,金卡,0
C000745,男,46-55,北京,2021-08-26,银卡,1
C000746,男,18-25,武汉,2023-04-29,金卡,0
C000747,女,18-25,北京,2022-05-31,金卡,0
C000748,女,55+,西安,2021-12-18,银卡,0
C000749,女,26-35,深圳,2023-12-31,钻石,0
C000750,男,18-25,武汉,2021-08-18,金卡,0
C000751,女,46-55,成都,2023-10-21,普通,1
C000752,女,26-35,重庆,2021-09-10,钻石,1
C000753,男,26-35,杭州,2023-03-30,银卡,1
C000754,男,36-45,杭州,2023-02-09,普通,1
C000755,女,55+,广州,2023-03-06,钻石,1
C000756,男,55+,武汉,2020-07-15,金卡,1
C000757,女,46-55,武汉,2022-08-17,钻石,1
C000758,男,55+,北京,2022-08-02,钻石,0
C000759,女,26-35,重庆,2020-10-14,金卡,0
C000760,女,18-25,成都,2023-06-25,银卡,1
C000761,男,46-55,西安,2023-10-04,钻石,0
C000762,男,36-45,上海,2020-06-22,金卡,0
C000763,女,36-45,北京,2021-08-18,普通,0
C000764,男,55+,广州,2023-12-07,钻石,0
C000765,男,36-45,杭州,2021-04-02,普通,1
C000766,男,18-25,上海,2023-07-01,普通,0
C000767,男,55+,上海,2023-05-21,银卡,0
C000768,女,18-25,西安,2020-07-31,钻石,1
C000769,男,36-45,成都,2020-04-23,钻石,0
C000770,女,55+,武汉,2021-04-26,普通,1
C000771,男,26-35,广州,2020-10-26,银卡,0
C000772,男,46-55,武汉,2022-11-13,金卡,1
C000773,男,55+,武汉,2023-09-29,金卡,1
C000774,女,18-25,武汉,2022-03-12,钻石,1
C000775,男,36-45,武汉,2020-10-30,普通,1
C000776,女,18-25,重庆,2020-01-23,钻石,0
C000777,男,46-55,武汉,2021-12-27,金卡,0
C000778,女,55+,西安,2020-11-20,银卡,1
C000779,女,55+,上海,2023-12-17,银卡,0
C000780,女,46-55,广州,2021-12-21,金卡,1
C000781,男,46-55,成都,2022-03-17,钻石,0
C000782,女,26-35,南京,2023-03-25,金卡,1
C000783,男,18-25,广州,2020-05-18,银卡,0
C000784,男,46-55,武汉,2023-09-24,金卡,0
C000785,男,26-35,成都,2021-04-29,钻石,0
C000786,女,18-25,北京,2020-05-06,普通,1
C000787,男,26-35,南京,2022-02-05,普通,1
C000788,男,55+,西安,2022-02-12,银卡,0
C000789,女,46-55,杭州,2021-06-01,银卡,0
C000790,女,55+,深圳,2020-11-27,普通,0
C000791,男,26-35,北京,2023-07-12,银卡,0
C000792,女,55+,西安,2022-01-06,普通,1
C000793,女,26-35,深圳,2021-01-14,钻石,1
C000794,男,18-25,武汉,2021-12-31,钻石,1
C000795,男,26-35,西安,2020-05-25,金卡,0
C000796,女,26-35,北京,2020-08-29,金卡,0
C000797,女,36-45,成都,2021-04-03,金卡,0
C000798,女,18-25,西安,2020-11-19,银卡,1
C000799,男,55+,上海,2022-03-28,钻石,1
C000800,男,18-25,南京,2023-08-30,钻石,1
C000801,女,18-25,广州,2021-02-14,银卡,1
C000802,男,26-35,武汉,2023-09-20,普通,0
C000803,男,46-55,重庆,2021-12-09,普通,1
C000804,女,18-25,上海,2020-09-22,普通,1
C000805,男,36-45,成都,2022-11-05,钻石,1
C000806,男,18-25,北京,2021-04-11,银卡,1
C000807,男,55+,武汉,2023-10-28,普通,1
C000808,男,46-55,成都,2022-02-11,银卡,0
C000809,男,55+,南京,2022-06-15,金卡,0
C000810,女,18-25,深圳,2021-12-03,银卡,0
C000811,男,26-35,成都,2023-04-20,普通,0
C000812,男,18-25,北京,2021-05-26,银卡,1
C000813,女,18-25,南京,2021-01-04,金卡,0
C000814,男,55+,成都,2021-08-21,钻石,0
C000815,男,18-25,杭州,2023-09-06,银卡,1
C000816,女,26-35,武汉,2023-12-15,金卡,1
C000817,女,26-35,西安,2023-02-03,金卡,1
C000818,男,18-25,南京,2023-11-30,钻石,1
C000819,男,26-35,广州,2021-07-26,银卡,1
C000820,男,18-25,南京,2023-02-06,银卡,0
C000821,女,46-55,上海,2021-04-26,普通,1
C000822,女,36-45,重庆,2020-03-10,钻石,1
C000823,男,36-45,重庆,2020-06-22,钻石,1
C000824,女,46-55,武汉,2020-02-08,普通,0
C000825,女,26-35,成都,2021-02-25,普通,1
C000826,女,18-25,重庆,2020-03-05,金卡,1
C000827,男,18-25,南京,2023-04-25,钻石,1
C000828,男,55+,成都,2020-04-26,金卡,1
C000829,女,26-35,成都,2022-05-18,钻石,0
C000830,男,36-45,杭州,2020-09-27,普通,0
C000831,女,36-45,重庆,2023-01-16,钻石,0
C000832,女,36-45,杭州,2023-06-14,金卡,0
C000833,女,55+,南京,2020-09-11,金卡,0
C000834,女,18-25,武汉,2022-06-27,普通,1
C000835,女,46-55,西安,2020-03-16,银卡,1
C000836,男,36-45,重庆,2020-04-29,金卡,0
C000837,男,36-45,杭州,2022-06-21,金卡,1
C000838,男,26-35,广州,2020-09-17,普通,0
C000839,男,26-35,西安,2020-08-22,钻石,1
C000840,男,18-25,杭州,2020-03-26,金卡,0
C000841,女,55+,北京,2023-10-21,银卡,1
C000842,男,55+,武汉,2020-08-11,普通,0
C000843,男,36-45,重庆,2021-04-30,金卡,1
C000844,女,36-45,广州,2020-05-26,普通,1
C000845,女,36-45,成都,2023-05-28,金卡,1
C000846,男,26-35,南京,2021-08-25,普通,1
C000847,男,18-25,重庆,2020-11-03,银卡,1
C000848,女,26-35,成都,2022-11-12,普通,0
C000849,男,18-25,深圳,2022-02-19,钻石,0
C000850,男,55+,武汉,2022-12-16,钻石,1
C000851,男,55+,杭州,2021-07-05,银卡,1
C000852,女,26-35,武汉,2021-05-12,金卡,0
C000853,男,46-55,成都,2023-11-20,金卡,0
C000854,男,36-45,武汉,2021-12-21,银卡,1
C000855,男,55+,广州,2022-05-07,银卡,1
C000856,男,55+,杭州,2023-10-12,金卡,1
C000857,男,18-25,成都,2021-10-04,钻石,0
C000858,女,26-35,广州,2023-03-25,钻石,0
C000859,男,46-55,杭州,2020-12-07,钻石,0
C000860,男,46-55,北京,2020-09-15,银卡,0
C000861,女,46-55,南京,2020-09-28,银卡,1
C000862,男,36-45,上海,2023-11-28,金卡,1
C000863,男,18-25,上海,2023-04-26,金卡,1
C000864,女,46-55,杭州,2022-04-17,钻石,0
C000865,男,26-35,北京,2021-01-10,金卡,1
C000866,女,46-55,广州,2022-02-15,金卡,0
C000867,女,46-55,南京,2021-04-20,普通,1
C000868,女,46-55,南京,2021-08-07,银卡,0
C000869,男,46-55,西安,2020-03-26,金卡,1
C000870,女,36-45,广州,2020-07-22,普通,1
C000871,女,46-55,深圳,2021-07-14,银卡,1
C000872,男,26-35,杭州,2021-06-15,银卡,0
C000873,男,18-25,重庆,2021-02-27,普通,0
C000874,女,18-25,南京,2020-01-14,银卡,1
C000875,女,46-55,西安,2023-03-15,银卡,1
C000876,男,18-25,武汉,2021-08-27,钻石,1
C000877,男,26-35,杭州,2021-06-22,普通,1
C000878,男,18-25,南京,2020-06-10,银卡,1
C000879,女,55+,上海,2021-07-19,金卡,0
C000880,男,55+,南京,2022-06-06,银卡,0
C000881,男,26-35,广州,2023-07-23,钻石,0
C000882,男,36-45,武汉,2023-10-11,银卡,1
C000883,女,36-45,广州,2021-01-18,银卡,0
C000884,男,18-25,成都,2022-11-23,普通,1
C000885,男,26-35,北京,2023-02-16,钻石,1
C000886,女,55+,深圳,2023-06-10,金卡,1
C000887,男,36-45,深圳,2022-12-22,金卡,1
C000888,女,55+,南京,2022-09-30,钻石,1
C000889,男,18-25,杭州,2020-07-16,钻石,1
C000890,男,46-55,上海,2021-10-28,银卡,1
C000891,男,36-45,成都,2021-10-15,银卡,1
C000892,女,26-35,北京,2022-09-28,金卡,1
C000893,男,46-55,北京,2022-11-05,金卡,1
C000894,女,46-55,成都,2023-10-14,钻石,1
C000895,女,18-25,杭州,2022-03-27,钻石,0
C000896,男,36-45,武汉,2021-11-26,钻石,0
C000897,男,55+,深圳,2023-03-18,普通,1
C000898,男,18-25,成都,2020-09-21,普通,1
C000899,男,18-25,西安,2021-12-23,银卡,1
C000900,男,26-35,西安,2023-01-01,钻石,0
C000901,男,36-45,南京,2021-08-17,钻石,0
C000902,男,18-25,北京,2023-02-06,普通,0
C000903,女,46-55,北京,2022-10-24,银卡,1
C000904,男,26-35,深圳,2021-09-09,普通,1
C000905,女,46-55,广州,2020-09-10,金卡,0
C000906,男,55+,成都,2020-06-05,普通,0
C000907,男,18-25,重庆,2023-01-14,钻石,0
C000908,女,36-45,成都,2023-05-25,普通,1
C000909,女,26-35,上海,2021-07-15,金卡,1
C000910,女,46-55,上海,2022-02-10,银卡,1
C000911,女,46-55,杭州,2023-02-22,银卡,1
C000912,女,46-55,南京,2020-02-05,普通,1
C000913,男,46-55,深圳,2021-04-03,钻石,1
C000914,男,36-45,南京,2022-09-03,银卡,0
C000915,男,26-35,武汉,2020-07-14,银卡,0
C000916,女,55+,武汉,2020-10-16,银卡,0
C000917,女,46-55,杭州,2022-10-07,金卡,0
C000918,女,55+,重庆,2020-03-15,钻石,0
C000919,男,55+,武汉,2021-07-03,钻石,1
C000920,男,36-45,武汉,2023-08-28,钻石,0
C000921,女,18-25,成都,2020-08-03,银卡,0
C000922,男,26-35,深圳,2020-11-27,钻石,0
C000923,女,46-55,广州,2020-03-20,钻石,0
C000924,女,46-55,北京,2023-01-25,金卡,0
C000925,女,36-45,西安,2022-06-10,金卡,1
C000926,男,26-35,杭州,2023-02-28,银卡,1
C000927,女,46-55,武汉,2022-11-29,银卡,1
C000928,男,55+,武汉,2020-10-04,普通,1
C000929,男,26-35,武汉,2022-05-02,普通,0
C000930,男,26-35,上海,2021-09-30,钻石,1
C000931,男,55+,武汉,2020-07-12,银卡,0
C000932,男,36-45,北京,2021-12-18,银卡,1
C000933,女,55+,杭州,2021-08-05,金卡,1
C000934,男,18-25,重庆,2021-06-05,银卡,0
C000935,女,26-35,杭州,2021-03-19,普通,0
C000936,女,36-45,重庆,2022-12-05,金卡,1
C000937,男,18-25,深圳,2021-03-04,银卡,0
C000938,男,26-35,广州,2023-06-13,钻石,0
C000939,男,18-25,广州,2021-10-24,钻石,1
C000940,女,36-45,杭州,2023-09-23,普通,0
C000941,女,46-55,成都,2023-02-21,钻石,1
C000942,女,55+,上海,2021-09-30,银卡,0
C000943,女,26-35,成都,2023-07-21,钻石,1
C000944,女,18-25,西安,2023-11-24,钻石,1
C000945,男,36-45,武汉,2020-12-30,金卡,1
C000946,男,46-55,南京,2021-03-13,银卡,0
C000947,女,36-45,西安,2021-02-05,银卡,0
C000948,女,36-45,上海,2023-04-15,金卡,1
C000949,男,55+,杭州,2022-10-26,普通,1
C000950,女,46-55,北京,2023-08-07,金卡,1
C000951,男,55+,北京,2023-07-04,钻石,1
C000952,男,46-55,西安,2022-10-01,普通,0
C000953,男,55+,广州,2022-01-26,银卡,0
C000954,女,18-25,北京,2020-06-18,钻石,0
C000955,男,55+,杭州,2021-10-05,银卡,0
C000956,女,26-35,重庆,2021-11-12,金卡,0
C000957,女,46-55,北京,2023-09-22,普通,0
C000958,男,36-45,上海,2022-10-24,银卡,1
C000959,女,55+,深圳,2020-04-01,钻石,0
C000960,男,36-45,杭州,2023-07-25,金卡,0
C000961,女,55+,上海,2021-11-30,钻石,0
C000962,男,26-35,上海,2020-08-26,银卡,1
C000963,男,26-35,北京,2023-04-25,银卡,1
C000964,男,26-35,杭州,2022-07-31,银卡,0
C000965,男,46-55,杭州,2021-09-27,银卡,1
C000966,女,46-55,深圳,2020-10-14,银卡,1
C000967,男,36-45,杭州,2021-02-12,钻石,1
C000968,女,36-45,重庆,2020-07-08,金卡,1
C000969,女,26-35,北京,2023-08-07,钻石,0
C000970,男,46-55,南京,2023-01-06,金卡,0
C000971,女,18-25,西安,2021-12-01,银卡,1
C000972,女,36-45,北京,2021-03-22,普通,0
C000973,男,46-55,重庆,2022-08-31,金卡,1
C000974,女,55+,北京,2023-02-28,金卡,0
C000975,女,18-25,广州,2023-07-13,钻石,1
C000976,女,18-25,广州,2021-11-16,金卡,1
C000977,女,55+,广州,2020-11-29,普通,1
C000978,女,55+,重庆,2023-06-16,钻石,1
C000979,男,36-45,南京,2022-08-27,金卡,1
C000980,女,36-45,北京,2023-10-21,银卡,0
C000981,女,36-45,重庆,2022-05-12,钻石,0
C000982,男,36-45,重庆,2020-12-01,银卡,0
C000983,女,18-25,上海,2020-09-23,金卡,0
C000984,女,46-55,广州,2021-12-09,钻石,0
C000985,男,26-35,广州,2023-09-10,金卡,1
C000986,男,26-35,深圳,2020-06-13,钻石,0
C000987,男,55+,南京,2021-05-16,普通,1
C000988,女,18-25,武汉,2020-11-22,钻石,0
C000989,女,46-55,深圳,2022-08-25,普通,1
C000990,女,26-35,成都,2020-09-20,金卡,1
C000991,女,55+,成都,2023-10-13,普通,1
C000992,男,26-35,重庆,2022-09-27,银卡,0
C000993,女,36-45,西安,2022-01-25,普通,1
C000994,男,26-35,武汉,2020-06-07,银卡,0
C000995,女,46-55,上海,2021-03-08,金卡,1
C000996,男,46-55,广州,2023-09-01,金卡,1
C000997,女,18-25,杭州,2022-03-03,钻石,0
C000998,女,55+,上海,2020-11-30,钻石,0
C000999,男,46-55,北京,2021-12-10,银卡,1
C001000,女,46-55,北京,2020-09-20,钻石,1
