order_id,user_id,order_time,category,amount,quantity,total_amount,rating,payment_method,region
O000040,U0041,2025-12-20 01:46:27.969896,母婴,137.86,1,137.86,5,微信支付,华东
O000104,U0071,2025-12-20 04:19:44.969896,电子产品,6546.51,1,6546.51,5,支付宝,华北
O000075,U0043,2025-12-20 06:23:58.969896,图书,125.66,2,251.32,5,支付宝,华东
O000237,U0020,2025-12-20 07:03:30.969896,食品,21.41,4,85.64,4,支付宝,华北
O000129,U0012,2025-12-20 11:06:51.969896,图书,64.47,2,128.94,5,支付宝,华南
O000484,U0075,2025-12-20 14:34:09.969896,图书,75.28,2,150.56,3,支付宝,华南
O000205,U0071,2025-12-21 10:59:40.969896,数码配件,221.47,1,221.47,5,信用卡,华南
O000220,U0046,2025-12-21 11:37:55.969896,美妆,378.29,2,756.58,5,支付宝,华东
O000311,U0102,2025-12-21 12:47:22.969896,美妆,627.86,1,627.86,5,信用卡,东北
O000045,U0083,2025-12-21 20:15:27.969896,母婴,444.82,2,889.64,5,支付宝,华南
O000476,U0002,2025-12-22 01:30:09.969896,服装,673.8,3,2021.4,4,支付宝,华北
O000488,U0130,2025-12-22 06:24:02.969896,数码配件,412.05,3,1236.15,4,银行卡,西北
O000055,U0017,2025-12-22 13:36:15.969896,运动户外,1913.34,2,3826.68,5,微信支付,华东
O000472,U0096,2025-12-23 03:47:15.969896,家居,2213.7,1,2213.7,3,微信支付,华中
O000533,U0061,2025-12-23 05:19:28.969896,母婴,478.77,1,478.77,4,信用卡,西南
O000170,U0112,2025-12-23 06:20:33.969896,母婴,367.51,1,367.51,5,信用卡,华东
O000202,U0098,2025-12-23 10:10:54.969896,运动户外,1391.93,5,6959.65,5,微信支付,华北
O000427,U0119,2025-12-23 18:15:21.969896,母婴,285.16,1,285.16,3,银行卡,华中
O000284,U0039,2025-12-23 20:46:52.969896,母婴,483.4,1,483.4,5,支付宝,华北
O000496,U0017,2025-12-24 02:52:07.969896,母婴,221.23,2,442.46,4,支付宝,华东
O000338,U0105,2025-12-24 05:40:31.969896,美妆,751.35,1,751.35,3,微信支付,西北
O000500,U0122,2025-12-24 15:44:15.969896,美妆,131.42,1,131.42,5,支付宝,西南
O000550,U0087,2025-12-24 17:13:03.969896,家电,4846.72,1,4846.72,3,支付宝,西南
O000583,U0103,2025-12-24 17:50:03.969896,数码配件,442.87,1,442.87,5,银行卡,东北
O000221,U0033,2025-12-24 18:10:11.969896,美妆,220.27,1,220.27,5,信用卡,华南
O000144,U0038,2025-12-25 01:05:57.969896,电子产品,4736.31,1,4736.31,3,微信支付,华南
O000435,U0130,2025-12-25 01:12:17.969896,食品,10.04,1,10.04,4,微信支付,华东
O000282,U0060,2025-12-25 03:46:09.969896,图书,139.96,2,279.92,5,支付宝,华北
O000456,U0043,2025-12-25 07:08:37.969896,母婴,386.35,4,1545.4,4,信用卡,西南
O000571,U0150,2025-12-25 18:01:29.969896,运动户外,1547.56,1,1547.56,5,银行卡,华北
O000464,U0036,2025-12-26 15:31:45.969896,美妆,373.07,2,746.14,3,信用卡,西南
O000341,U0140,2025-12-27 06:40:49.969896,运动户外,1713.18,1,1713.18,5,银行卡,华中
O000433,U0129,2025-12-27 08:35:15.969896,食品,170.23,2,340.46,5,支付宝,华北
O000078,U0076,2025-12-27 13:16:19.969896,家居,2263.53,1,2263.53,5,支付宝,西南
O000374,U0034,2025-12-27 13:32:14.969896,数码配件,57.91,1,57.91,4,微信支付,西北
O000058,U0016,2025-12-27 17:19:42.969896,家居,602.29,2,1204.58,5,微信支付,华东
O000083,U0018,2025-12-28 00:44:53.969896,家电,1531.43,1,1531.43,4,微信支付,华东
O000439,U0014,2025-12-28 04:11:18.969896,运动户外,1028.12,2,2056.24,4,支付宝,华东
O000035,U0109,2025-12-28 06:11:37.969896,家电,3110.86,2,6221.72,3,支付宝,华东
O000556,U0077,2025-12-28 18:21:57.969896,母婴,329.21,1,329.21,5,银行卡,华中
O000426,U0091,2025-12-29 03:29:10.969896,数码配件,187.43,4,749.72,5,支付宝,西北
O000227,U0103,2025-12-29 13:11:36.969896,母婴,455.32,1,455.32,5,信用卡,华东
O000513,U0071,2025-12-29 15:23:45.969896,电子产品,2846.81,3,8540.43,4,信用卡,华东
O000428,U0095,2025-12-29 15:39:22.969896,美妆,68.67,1,68.67,3,支付宝,华南
O000047,U0062,2025-12-29 19:18:11.969896,家电,4031.82,2,8063.64,5,银行卡,华南
O000160,U0082,2025-12-29 21:13:21.969896,数码配件,221.01,1,221.01,4,支付宝,华中
O000413,U0103,2025-12-30 06:35:38.969896,数码配件,456.54,3,1369.62,5,支付宝,西南
O000442,U0039,2025-12-30 13:24:05.969896,运动户外,1917.06,1,1917.06,5,支付宝,华南
O000033,U0131,2025-12-30 17:54:00.969896,母婴,455.19,1,455.19,5,微信支付,东北
O000004,U0009,2025-12-31 00:08:42.969896,电子产品,3739.59,1,3739.59,4,支付宝,华南
O000468,U0038,2025-12-31 00:16:07.969896,图书,142.68,5,713.4,5,银行卡,华东
O000569,U0128,2025-12-31 06:30:08.969896,电子产品,2311.22,1,2311.22,3,支付宝,华南
O000411,U0118,2025-12-31 08:05:05.969896,运动户外,1988.19,1,1988.19,5,微信支付,华东
O000254,U0112,2025-12-31 09:17:50.969896,母婴,159.57,4,638.28,4,支付宝,华东
O000373,U0024,2026-01-01 05:45:08.969896,图书,137.38,1,137.38,5,银行卡,华东
O000580,U0031,2026-01-01 06:31:34.969896,食品,253.06,1,253.06,5,微信支付,华南
O000063,U0049,2026-01-01 16:10:39.969896,服装,139.72,1,139.72,4,银行卡,华东
O000010,U0056,2026-01-01 19:33:41.969896,运动户外,1227.97,1,1227.97,4,支付宝,华南
O000418,U0038,2026-01-01 21:30:59.969896,家居,1763.23,1,1763.23,5,银行卡,华南
O000561,U0132,2026-01-02 03:48:12.969896,数码配件,402.2,1,402.2,4,信用卡,华中
O000356,U0132,2026-01-02 08:38:30.969896,家电,978.72,1,978.72,3,微信支付,东北
O000125,U0068,2026-01-02 13:54:18.969896,电子产品,2241.6,1,2241.6,5,信用卡,华北
O000522,U0072,2026-01-02 17:07:41.969896,家居,2051.33,2,4102.66,4,银行卡,西南
O000226,U0065,2026-01-02 18:33:49.969896,母婴,440.16,2,880.32,5,微信支付,西南
O000478,U0136,2026-01-03 02:40:27.969896,图书,143.56,1,143.56,5,微信支付,华中
O000481,U0118,2026-01-03 10:22:58.969896,服装,364.99,1,364.99,5,支付宝,东北
O000402,U0075,2026-01-03 16:27:58.969896,运动户外,780.02,1,780.02,5,微信支付,华东
O000479,U0061,2026-01-03 17:55:23.969896,美妆,247.52,4,990.08,5,银行卡,华南
O000526,U0126,2026-01-03 21:07:35.969896,家居,1927.72,1,1927.72,4,微信支付,华中
O000562,U0062,2026-01-04 01:55:23.969896,母婴,196.03,2,392.06,4,支付宝,华北
O000502,U0085,2026-01-04 05:35:02.969896,美妆,727.69,1,727.69,3,微信支付,华南
O000342,U0071,2026-01-04 08:44:25.969896,家居,296.24,1,296.24,5,微信支付,华北
O000351,U0029,2026-01-04 16:43:32.969896,电子产品,7363.18,2,14726.36,5,银行卡,华南
O000516,U0113,2026-01-04 18:37:57.969896,电子产品,3876.91,2,7753.82,5,支付宝,华中
O000362,U0038,2026-01-05 02:11:51.969896,服装,652.44,1,652.44,4,微信支付,华东
O000538,U0148,2026-01-05 03:43:38.969896,服装,129.38,3,388.14,3,支付宝,华南
O000093,U0130,2026-01-05 04:53:30.969896,美妆,454.97,1,454.97,5,支付宝,华东
O000560,U0089,2026-01-05 05:40:32.969896,图书,44.43,1,44.43,3,银行卡,华中
O000183,U0040,2026-01-05 09:25:35.969896,家居,1862.44,1,1862.44,5,支付宝,华东
O000319,U0045,2026-01-05 11:49:26.969896,家居,1048.1,3,3144.3,4,信用卡,华南
O000546,U0142,2026-01-05 14:56:27.969896,美妆,225.02,1,225.02,3,银行卡,西南
O000332,U0105,2026-01-05 17:50:08.969896,服装,741.54,2,1483.08,5,银行卡,华东
O000002,U0063,2026-01-05 19:54:59.969896,家居,268.44,2,536.88,5,支付宝,西北
O000450,U0050,2026-01-05 21:49:33.969896,家居,2894.15,1,2894.15,5,银行卡,华中
O000574,U0028,2026-01-06 01:48:49.969896,图书,140.66,1,140.66,5,支付宝,西北
O000068,U0138,2026-01-06 07:32:41.969896,母婴,277.36,3,832.08,5,支付宝,华东
O000152,U0032,2026-01-06 09:06:06.969896,母婴,417.85,1,417.85,4,微信支付,华南
O000520,U0020,2026-01-06 11:27:42.969896,家电,1156.5,1,1156.5,5,支付宝,华东
O000563,U0116,2026-01-06 19:42:34.969896,家居,867.44,2,1734.88,5,银行卡,华东
O000323,U0120,2026-01-07 00:23:56.969896,服装,582.63,2,1165.26,5,支付宝,西南
O000109,U0150,2026-01-07 07:49:58.969896,数码配件,398.8,1,398.8,4,微信支付,华中
O000388,U0103,2026-01-07 15:14:16.969896,服装,627.51,4,2510.04,5,银行卡,华东
O000077,U0143,2026-01-07 23:05:55.969896,母婴,55.11,1,55.11,4,支付宝,华中
O000423,U0083,2026-01-08 08:11:45.969896,运动户外,645.67,2,1291.34,3,微信支付,华东
O000228,U0014,2026-01-08 12:40:37.969896,食品,190.66,1,190.66,5,微信支付,东北
O000081,U0129,2026-01-08 18:15:20.969896,数码配件,322.11,2,644.22,5,微信支付,东北
O000543,U0078,2026-01-09 03:55:56.969896,食品,185.63,1,185.63,4,微信支付,华东
O000105,U0034,2026-01-09 08:16:17.969896,美妆,506.06,2,1012.12,4,支付宝,华南
O000022,U0137,2026-01-09 09:00:54.969896,家居,2472.24,1,2472.24,4,微信支付,华东
O000393,U0014,2026-01-09 14:40:46.969896,食品,187.65,1,187.65,5,信用卡,华东
O000299,U0145,2026-01-09 22:33:31.969896,食品,29.33,2,58.66,5,微信支付,华中
O000295,U0026,2026-01-10 03:05:16.969896,母婴,117.52,1,117.52,4,支付宝,华南
O000244,U0019,2026-01-10 03:23:04.969896,电子产品,2117.56,2,4235.12,5,支付宝,华中
O000595,U0150,2026-01-10 11:16:17.969896,母婴,256.29,2,512.58,5,银行卡,西南
O000185,U0066,2026-01-10 14:14:40.969896,运动户外,1990.22,2,3980.44,4,微信支付,华东
O000403,U0128,2026-01-10 20:53:17.969896,图书,83.13,4,332.52,3,支付宝,华东
O000115,U0106,2026-01-11 04:16:45.969896,电子产品,7470.32,1,7470.32,5,银行卡,华东
O000527,U0019,2026-01-11 08:23:26.969896,母婴,471.33,1,471.33,4,微信支付,华东
O000236,U0041,2026-01-11 12:16:55.969896,家居,696.94,1,696.94,4,微信支付,东北
O000124,U0030,2026-01-11 13:19:24.969896,美妆,368.13,1,368.13,4,微信支付,华北
O000419,U0066,2026-01-11 14:07:02.969896,家居,2556.21,3,7668.63,4,微信支付,华北
O000420,U0040,2026-01-11 15:02:51.969896,服装,645.26,1,645.26,4,微信支付,华中
O000175,U0035,2026-01-11 18:00:55.969896,母婴,448.69,1,448.69,5,银行卡,华东
O000225,U0113,2026-01-11 18:03:19.969896,运动户外,1506.0,1,1506.0,5,信用卡,华东
O000385,U0069,2026-01-12 02:08:03.969896,电子产品,7488.15,2,14976.3,3,支付宝,华南
O000504,U0099,2026-01-12 10:15:03.969896,运动户外,211.24,1,211.24,5,微信支付,华南
O000253,U0114,2026-01-12 13:29:45.969896,美妆,765.75,1,765.75,3,微信支付,东北
O000015,U0093,2026-01-12 18:43:01.969896,家电,1692.72,2,3385.44,4,银行卡,华北
O000067,U0028,2026-01-12 23:06:36.969896,家居,2589.4,2,5178.8,5,支付宝,东北
O000216,U0138,2026-01-13 00:03:46.969896,食品,125.11,2,250.22,4,银行卡,华东
O000128,U0099,2026-01-13 01:27:31.969896,家电,1392.75,1,1392.75,4,银行卡,西南
O000134,U0142,2026-01-13 07:29:33.969896,食品,212.03,1,212.03,5,微信支付,华北
O000273,U0038,2026-01-13 14:00:26.969896,图书,106.44,1,106.44,5,支付宝,华东
O000307,U0117,2026-01-14 06:11:27.969896,美妆,128.63,1,128.63,5,支付宝,华南
O000118,U0121,2026-01-14 08:56:37.969896,家居,1076.15,5,5380.75,3,支付宝,西南
O000111,U0011,2026-01-15 01:16:11.969896,运动户外,763.71,1,763.71,5,支付宝,华东
O000400,U0015,2026-01-15 03:09:32.969896,电子产品,7175.73,1,7175.73,4,微信支付,华中
O000137,U0078,2026-01-15 07:50:11.969896,美妆,485.28,1,485.28,3,银行卡,华东
O000101,U0054,2026-01-15 15:16:35.969896,运动户外,404.36,1,404.36,4,支付宝,华北
O000347,U0054,2026-01-16 00:40:04.969896,家电,1346.22,2,2692.44,5,支付宝,华东
O000184,U0030,2026-01-16 09:06:57.969896,家电,3942.01,4,15768.04,3,银行卡,东北
O000396,U0107,2026-01-16 10:50:19.969896,美妆,532.26,1,532.26,5,微信支付,华南
O000060,U0072,2026-01-16 11:49:03.969896,母婴,81.76,1,81.76,4,信用卡,华北
O000032,U0103,2026-01-16 21:13:16.969896,运动户外,1649.07,1,1649.07,5,支付宝,东北
O000169,U0057,2026-01-17 02:07:19.969896,母婴,162.35,5,811.75,5,信用卡,华东
O000414,U0080,2026-01-17 04:18:40.969896,运动户外,319.66,3,958.98,5,信用卡,华东
O000399,U0079,2026-01-17 06:34:32.969896,电子产品,5791.89,1,5791.89,5,微信支付,华东
O000209,U0024,2026-01-17 06:54:30.969896,美妆,739.05,1,739.05,5,支付宝,华东
O000007,U0140,2026-01-17 08:32:23.969896,图书,59.6,1,59.6,3,支付宝,华北
O000330,U0084,2026-01-17 15:45:54.969896,家电,1633.88,1,1633.88,5,银行卡,西南
O000180,U0014,2026-01-17 15:51:20.969896,运动户外,1976.43,2,3952.86,5,支付宝,东北
O000594,U0149,2026-01-17 18:03:16.969896,家电,594.91,2,1189.82,5,支付宝,华南
O000293,U0061,2026-01-17 19:28:31.969896,美妆,39.33,2,78.66,5,信用卡,华北
O000219,U0050,2026-01-18 05:19:26.969896,美妆,291.38,3,874.14,4,微信支付,西南
O000458,U0073,2026-01-18 11:37:38.969896,母婴,138.12,2,276.24,4,微信支付,华东
O000250,U0007,2026-01-18 13:07:37.969896,服装,623.28,1,623.28,5,支付宝,西南
O000046,U0093,2026-01-18 18:17:37.969896,美妆,653.21,3,1959.63,5,微信支付,华北
O000570,U0130,2026-01-19 00:01:04.969896,母婴,402.68,2,805.36,5,支付宝,华东
O000088,U0053,2026-01-19 01:51:19.969896,运动户外,1942.24,1,1942.24,5,微信支付,华南
O000308,U0124,2026-01-19 06:04:11.969896,服装,467.43,1,467.43,5,支付宝,华东
O000206,U0049,2026-01-19 06:58:56.969896,服装,899.39,1,899.39,4,微信支付,华南
O000229,U0078,2026-01-19 20:29:50.969896,服装,220.7,1,220.7,5,银行卡,华北
O000148,U0127,2026-01-19 21:33:27.969896,图书,22.56,1,22.56,4,微信支付,华东
O000054,U0116,2026-01-20 00:21:56.969896,服装,198.62,2,397.24,4,微信支付,华南
O000555,U0078,2026-01-20 06:58:12.969896,母婴,401.88,1,401.88,5,支付宝,华中
O000303,U0066,2026-01-20 16:31:36.969896,母婴,169.27,4,677.08,2,支付宝,华中
O000178,U0072,2026-01-20 19:10:00.969896,图书,119.88,2,239.76,5,支付宝,华东
O000350,U0034,2026-01-20 22:32:16.969896,数码配件,157.83,2,315.66,5,银行卡,华南
O000545,U0073,2026-01-20 23:19:54.969896,服装,803.12,1,803.12,3,微信支付,华中
O000214,U0070,2026-01-21 00:34:42.969896,美妆,139.72,2,279.44,5,微信支付,华东
O000353,U0005,2026-01-21 18:05:33.969896,食品,63.43,1,63.43,5,微信支付,华北
O000235,U0054,2026-01-21 19:08:26.969896,家居,2025.03,2,4050.06,5,微信支付,西南
O000029,U0118,2026-01-21 21:16:06.969896,食品,21.82,1,21.82,5,微信支付,华东
O000156,U0122,2026-01-22 01:11:11.969896,母婴,112.71,1,112.71,5,支付宝,华南
O000524,U0144,2026-01-22 01:39:41.969896,服装,545.38,3,1636.14,3,微信支付,华北
O000050,U0141,2026-01-22 11:23:48.969896,食品,46.85,1,46.85,5,微信支付,华东
O000325,U0102,2026-01-22 11:43:14.969896,电子产品,6414.61,1,6414.61,5,支付宝,华南
O000026,U0081,2026-01-22 18:35:40.969896,图书,138.07,1,138.07,4,信用卡,华东
O000116,U0106,2026-01-22 21:58:51.969896,家居,1038.67,1,1038.67,5,支付宝,华北
O000100,U0142,2026-01-23 02:26:35.969896,食品,270.07,1,270.07,5,支付宝,华东
O000159,U0074,2026-01-23 04:24:45.969896,家居,2634.28,2,5268.56,5,支付宝,东北
O000394,U0013,2026-01-23 08:19:04.969896,服装,557.27,1,557.27,3,支付宝,华北
O000121,U0103,2026-01-23 18:42:44.969896,运动户外,1881.61,2,3763.22,3,微信支付,西南
O000009,U0109,2026-01-23 21:50:44.969896,运动户外,1129.68,2,2259.36,5,信用卡,东北
O000466,U0133,2026-01-24 19:14:18.969896,服装,726.14,1,726.14,5,微信支付,华北
O000218,U0135,2026-01-24 19:50:41.969896,家电,449.46,3,1348.38,5,微信支付,西南
O000239,U0009,2026-01-25 02:28:41.969896,家居,1953.45,1,1953.45,5,微信支付,华中
O000276,U0069,2026-01-25 03:03:17.969896,电子产品,771.2,1,771.2,4,支付宝,东北
O000076,U0068,2026-01-25 07:35:09.969896,母婴,399.72,3,1199.16,5,支付宝,华北
O000474,U0036,2026-01-25 09:23:10.969896,电子产品,6207.56,2,12415.12,4,信用卡,西北
O000409,U0104,2026-01-25 20:22:41.969896,图书,27.49,4,109.96,4,微信支付,华南
O000039,U0088,2026-01-26 08:00:50.969896,服装,897.44,1,897.44,5,微信支付,华北
O000014,U0021,2026-01-26 15:04:22.969896,数码配件,192.06,2,384.12,5,支付宝,华东
O000554,U0128,2026-01-26 15:33:21.969896,数码配件,406.16,1,406.16,5,银行卡,华北
O000186,U0030,2026-01-27 20:07:13.969896,食品,246.59,1,246.59,4,微信支付,华北
O000448,U0005,2026-01-27 22:44:52.969896,运动户外,108.21,1,108.21,4,支付宝,华南
O000110,U0033,2026-01-28 05:27:40.969896,电子产品,3737.45,1,3737.45,4,微信支付,华北
O000267,U0062,2026-01-28 12:14:24.969896,食品,89.51,3,268.53,2,支付宝,华南
O000592,U0107,2026-01-28 15:05:43.969896,家电,597.14,1,597.14,5,银行卡,华东
O000443,U0037,2026-01-28 16:04:15.969896,运动户外,790.04,1,790.04,3,银行卡,西南
O000090,U0077,2026-01-28 18:49:33.969896,母婴,396.04,1,396.04,5,微信支付,华东
O000215,U0031,2026-01-28 20:32:15.969896,家居,1046.74,1,1046.74,4,支付宝,华东
O000370,U0081,2026-01-29 01:27:53.969896,图书,114.47,1,114.47,5,银行卡,华东
O000087,U0145,2026-01-29 01:40:44.969896,数码配件,200.7,1,200.7,5,微信支付,华南
O000521,U0094,2026-01-29 15:50:04.969896,图书,55.2,1,55.2,3,微信支付,华北
O000296,U0008,2026-01-29 18:13:40.969896,电子产品,3945.85,4,15783.4,5,银行卡,华南
O000508,U0140,2026-01-29 19:55:12.969896,美妆,117.24,2,234.48,5,微信支付,华南
O000259,U0081,2026-01-29 20:24:19.969896,美妆,63.43,2,126.86,5,银行卡,东北
O000410,U0104,2026-01-29 22:26:32.969896,电子产品,4853.51,2,9707.02,4,微信支付,华南
O000176,U0067,2026-01-29 23:53:27.969896,图书,133.71,2,267.42,5,信用卡,华南
O000318,U0024,2026-01-30 07:18:45.969896,美妆,615.96,1,615.96,3,信用卡,华南
O000361,U0019,2026-01-30 14:19:55.969896,服装,668.59,2,1337.18,5,微信支付,西北
O000586,U0132,2026-01-30 14:30:21.969896,食品,107.23,2,214.46,4,银行卡,东北
O000123,U0103,2026-01-30 17:11:22.969896,数码配件,339.29,3,1017.87,5,支付宝,西南
O000285,U0129,2026-01-30 19:50:19.969896,家电,2309.66,1,2309.66,4,微信支付,华中
O000375,U0144,2026-01-30 20:38:06.969896,数码配件,430.73,2,861.46,4,微信支付,华东
O000255,U0090,2026-01-31 03:52:26.969896,图书,83.16,1,83.16,4,银行卡,华北
O000256,U0027,2026-01-31 07:10:20.969896,食品,100.28,1,100.28,5,微信支付,华东
O000204,U0091,2026-02-01 02:22:00.969896,美妆,533.97,1,533.97,5,微信支付,东北
O000177,U0117,2026-02-01 05:59:17.969896,运动户外,1553.0,2,3106.0,5,银行卡,西北
O000368,U0059,2026-02-01 08:41:46.969896,图书,74.93,3,224.79,3,支付宝,西南
O000588,U0077,2026-02-01 10:39:19.969896,家电,1489.1,1,1489.1,4,信用卡,华中
O000275,U0071,2026-02-01 10:40:15.969896,图书,31.59,2,63.18,5,银行卡,华中
O000558,U0119,2026-02-01 14:16:21.969896,家居,1933.93,2,3867.86,4,支付宝,华东
O000386,U0080,2026-02-01 16:24:25.969896,运动户外,1054.23,2,2108.46,5,信用卡,华东
O000491,U0092,2026-02-02 00:57:49.969896,服装,302.06,2,604.12,5,银行卡,华东
O000511,U0043,2026-02-02 08:27:51.969896,母婴,183.78,2,367.56,3,微信支付,华南
O000380,U0058,2026-02-02 12:26:15.969896,服装,953.0,1,953.0,5,微信支付,华东
O000501,U0049,2026-02-02 17:55:30.969896,美妆,547.98,2,1095.96,5,微信支付,西南
O000011,U0098,2026-02-03 04:42:27.969896,服装,419.24,1,419.24,5,支付宝,华北
O000493,U0035,2026-02-03 12:03:52.969896,电子产品,5857.45,2,11714.9,5,微信支付,西南
O000575,U0094,2026-02-03 17:49:55.969896,图书,147.55,2,295.1,5,微信支付,华东
O000324,U0102,2026-02-03 19:28:21.969896,数码配件,259.16,1,259.16,2,银行卡,华中
O000317,U0009,2026-02-03 20:58:09.969896,家电,3156.73,2,6313.46,4,微信支付,华东
O000517,U0061,2026-02-04 06:07:26.969896,运动户外,1955.85,1,1955.85,3,支付宝,华中
O000130,U0138,2026-02-04 07:53:16.969896,家居,2412.16,2,4824.32,4,微信支付,华中
O000262,U0049,2026-02-04 14:51:14.969896,数码配件,340.42,1,340.42,3,微信支付,华东
O000195,U0028,2026-02-04 15:19:32.969896,图书,40.9,1,40.9,5,支付宝,华南
O000326,U0032,2026-02-05 01:43:47.969896,母婴,89.87,2,179.74,4,信用卡,东北
O000437,U0041,2026-02-05 02:29:04.969896,运动户外,771.65,1,771.65,5,银行卡,东北
O000094,U0018,2026-02-05 02:33:38.969896,家居,2289.9,1,2289.9,5,支付宝,华东
O000391,U0088,2026-02-05 03:31:51.969896,食品,227.84,1,227.84,2,信用卡,华中
O000019,U0094,2026-02-05 05:07:11.969896,食品,76.35,1,76.35,3,信用卡,西南
O000297,U0076,2026-02-05 07:51:55.969896,运动户外,1401.22,2,2802.44,5,支付宝,东北
O000519,U0116,2026-02-05 08:20:53.969896,运动户外,1211.75,1,1211.75,5,微信支付,华东
O000534,U0142,2026-02-05 09:12:08.969896,家电,692.33,1,692.33,4,支付宝,西南
O000454,U0034,2026-02-05 21:48:03.969896,家电,4265.89,2,8531.78,4,银行卡,华北
O000231,U0058,2026-02-06 08:35:14.969896,数码配件,98.49,1,98.49,5,微信支付,华南
O000445,U0080,2026-02-06 15:36:48.969896,数码配件,311.72,2,623.44,4,微信支付,华南
O000471,U0096,2026-02-06 19:09:21.969896,家居,2785.96,1,2785.96,4,支付宝,西南
O000161,U0039,2026-02-06 21:44:53.969896,家居,340.12,1,340.12,5,支付宝,华南
O000564,U0013,2026-02-07 14:35:23.969896,美妆,98.06,1,98.06,5,支付宝,华南
O000283,U0122,2026-02-07 15:55:26.969896,图书,71.83,1,71.83,4,支付宝,华东
O000188,U0148,2026-02-07 23:24:20.969896,图书,132.08,1,132.08,5,支付宝,华南
O000536,U0017,2026-02-08 09:36:44.969896,美妆,153.48,2,306.96,5,支付宝,华东
O000470,U0107,2026-02-08 10:27:44.969896,电子产品,4738.14,1,4738.14,5,支付宝,华南
O000587,U0082,2026-02-08 14:37:50.969896,食品,34.68,1,34.68,3,支付宝,华北
O000028,U0055,2026-02-08 15:35:24.969896,母婴,335.09,2,670.18,4,支付宝,华东
O000133,U0105,2026-02-09 02:56:57.969896,运动户外,1051.31,3,3153.93,4,信用卡,华北
O000066,U0026,2026-02-09 04:32:18.969896,电子产品,7928.79,2,15857.58,5,支付宝,东北
O000052,U0052,2026-02-09 15:50:45.969896,美妆,427.55,1,427.55,4,微信支付,华东
O000261,U0139,2026-02-09 18:09:29.969896,母婴,209.04,1,209.04,4,银行卡,华南
O000268,U0004,2026-02-09 19:34:42.969896,数码配件,128.8,1,128.8,3,支付宝,西南
O000599,U0108,2026-02-09 23:36:29.969896,食品,46.54,1,46.54,5,微信支付,华北
O000287,U0004,2026-02-10 16:01:28.969896,食品,26.76,1,26.76,5,支付宝,华东
O000162,U0055,2026-02-11 07:01:29.969896,服装,733.09,1,733.09,4,微信支付,东北
O000390,U0056,2026-02-11 08:42:05.969896,图书,34.88,1,34.88,4,支付宝,华南
O000271,U0131,2026-02-11 09:45:07.969896,美妆,388.21,4,1552.84,3,支付宝,华中
O000557,U0041,2026-02-11 09:48:56.969896,母婴,458.7,2,917.4,5,银行卡,华北
O000192,U0089,2026-02-12 05:40:36.969896,数码配件,402.76,3,1208.28,5,微信支付,西南
O000064,U0111,2026-02-12 07:09:08.969896,运动户外,1643.78,2,3287.56,4,微信支付,西南
O000408,U0081,2026-02-12 13:03:41.969896,家电,3857.13,1,3857.13,5,支付宝,华东
O000397,U0030,2026-02-12 20:13:19.969896,运动户外,668.12,2,1336.24,5,银行卡,西南
O000196,U0118,2026-02-12 22:35:51.969896,食品,188.91,1,188.91,5,微信支付,华北
O000367,U0142,2026-02-13 08:37:31.969896,家居,1435.04,1,1435.04,5,信用卡,华东
O000541,U0047,2026-02-13 10:29:36.969896,食品,130.57,2,261.14,5,微信支付,华东
O000412,U0028,2026-02-13 13:37:29.969896,家居,1245.9,1,1245.9,3,支付宝,西北
O000198,U0124,2026-02-13 13:45:21.969896,母婴,334.68,4,1338.72,5,微信支付,华东
O000158,U0062,2026-02-13 19:00:20.969896,美妆,531.59,1,531.59,5,支付宝,东北
O000245,U0146,2026-02-13 20:42:44.969896,美妆,799.55,1,799.55,4,银行卡,西南
O000139,U0120,2026-02-13 23:57:55.969896,母婴,381.88,1,381.88,5,支付宝,华东
O000339,U0056,2026-02-14 00:46:52.969896,母婴,165.44,1,165.44,5,微信支付,西北
O000598,U0049,2026-02-14 03:36:21.969896,电子产品,3210.53,1,3210.53,5,微信支付,华中
O000305,U0041,2026-02-14 04:45:58.969896,服装,661.71,4,2646.84,4,银行卡,华南
O000457,U0094,2026-02-14 14:24:56.969896,家居,2974.85,1,2974.85,5,支付宝,华东
O000424,U0018,2026-02-14 15:10:21.969896,母婴,389.04,2,778.08,5,银行卡,华北
O000208,U0122,2026-02-14 16:48:45.969896,母婴,396.91,2,793.82,5,支付宝,华东
O000155,U0110,2026-02-14 21:58:46.969896,数码配件,224.1,1,224.1,3,微信支付,华南
O000355,U0017,2026-02-15 05:21:58.969896,母婴,492.85,1,492.85,5,银行卡,华南
O000467,U0042,2026-02-15 10:52:31.969896,美妆,86.27,1,86.27,5,银行卡,东北
O000475,U0036,2026-02-15 14:35:19.969896,母婴,309.71,1,309.71,4,微信支付,华南
O000407,U0112,2026-02-15 19:01:10.969896,电子产品,3391.34,1,3391.34,4,微信支付,华北
O000258,U0141,2026-02-15 19:23:27.969896,电子产品,4754.84,1,4754.84,5,银行卡,华北
O000585,U0122,2026-02-15 21:36:26.969896,数码配件,450.74,1,450.74,5,银行卡,华东
O000335,U0035,2026-02-16 05:41:34.969896,图书,55.35,2,110.7,5,支付宝,华北
O000272,U0121,2026-02-16 12:15:20.969896,家居,682.71,1,682.71,4,银行卡,华南
O000018,U0098,2026-02-16 15:19:45.969896,美妆,272.05,1,272.05,5,微信支付,华中
O000358,U0134,2026-02-16 15:36:28.969896,美妆,576.89,2,1153.78,4,微信支付,华南
O000269,U0058,2026-02-16 20:27:41.969896,服装,272.03,2,544.06,5,微信支付,华南
O000069,U0047,2026-02-17 01:16:47.969896,美妆,727.14,4,2908.56,3,信用卡,华北
O000163,U0085,2026-02-17 07:19:21.969896,数码配件,371.63,1,371.63,3,微信支付,华东
O000539,U0019,2026-02-17 11:01:16.969896,母婴,97.41,2,194.82,4,支付宝,华东
O000036,U0098,2026-02-17 11:26:57.969896,家电,2833.92,1,2833.92,5,微信支付,华东
O000302,U0037,2026-02-17 15:24:36.969896,家居,2017.97,1,2017.97,4,微信支付,华中
O000288,U0040,2026-02-18 01:50:02.969896,服装,338.11,1,338.11,4,微信支付,西北
O000593,U0007,2026-02-18 01:51:08.969896,家电,2987.36,2,5974.72,5,支付宝,华北
O000238,U0116,2026-02-18 02:47:20.969896,家电,399.55,4,1598.2,5,支付宝,西北
O000224,U0147,2026-02-18 09:36:51.969896,美妆,85.59,1,85.59,3,银行卡,华中
O000166,U0148,2026-02-18 16:23:57.969896,图书,123.92,1,123.92,5,支付宝,华东
O000278,U0115,2026-02-19 04:45:01.969896,数码配件,461.31,3,1383.93,5,支付宝,东北
O000359,U0008,2026-02-19 06:48:25.969896,电子产品,4206.59,1,4206.59,5,微信支付,西南
O000203,U0084,2026-02-19 23:54:27.969896,食品,57.45,1,57.45,5,支付宝,华中
O000102,U0068,2026-02-20 01:19:39.969896,数码配件,119.04,2,238.08,4,支付宝,西南
O000360,U0110,2026-02-20 08:20:03.969896,服装,145.61,1,145.61,4,微信支付,华中
O000073,U0043,2026-02-20 09:42:37.969896,图书,100.37,2,200.74,3,支付宝,西南
O000398,U0073,2026-02-20 11:22:11.969896,家电,4599.85,1,4599.85,5,支付宝,华北
O000589,U0131,2026-02-20 12:40:48.969896,数码配件,484.53,2,969.06,5,支付宝,华南
O000157,U0071,2026-02-20 15:00:14.969896,数码配件,28.83,1,28.83,5,支付宝,华北
O000333,U0010,2026-02-20 20:24:45.969896,美妆,499.87,2,999.74,4,信用卡,华东
O000567,U0049,2026-02-21 10:55:31.969896,食品,249.37,1,249.37,5,支付宝,华东
O000041,U0129,2026-02-21 20:03:32.969896,食品,282.73,1,282.73,5,支付宝,东北
O000320,U0094,2026-02-22 02:06:25.969896,数码配件,235.33,1,235.33,5,支付宝,华南
O000132,U0032,2026-02-22 03:26:43.969896,美妆,479.21,4,1916.84,5,支付宝,华北
O000578,U0019,2026-02-22 08:34:53.969896,图书,102.67,2,205.34,5,微信支付,华中
O000127,U0112,2026-02-22 20:23:42.969896,家电,3176.35,2,6352.7,5,支付宝,华南
O000514,U0104,2026-02-22 22:00:34.969896,运动户外,377.27,3,1131.81,5,支付宝,华北
O000416,U0030,2026-02-22 23:14:40.969896,数码配件,157.18,1,157.18,4,微信支付,华北
O000531,U0045,2026-02-23 00:20:56.969896,运动户外,292.03,1,292.03,4,微信支付,华北
O000059,U0085,2026-02-23 00:51:00.969896,服装,405.88,3,1217.64,5,微信支付,华东
O000447,U0024,2026-02-23 05:21:30.969896,图书,67.81,1,67.81,3,支付宝,西南
O000141,U0022,2026-02-23 15:13:45.969896,美妆,40.08,4,160.32,5,支付宝,华南
O000415,U0044,2026-02-23 15:14:23.969896,服装,489.54,3,1468.62,5,微信支付,华南
O000542,U0015,2026-02-23 21:45:21.969896,服装,525.11,2,1050.22,5,微信支付,华东
O000523,U0048,2026-02-24 06:16:28.969896,母婴,469.72,2,939.44,5,微信支付,华中
O000252,U0045,2026-02-24 15:54:19.969896,母婴,311.08,2,622.16,5,银行卡,华中
O000354,U0033,2026-02-24 20:19:21.969896,图书,30.85,1,30.85,5,信用卡,华南
O000364,U0098,2026-02-25 02:55:17.969896,家电,3531.92,1,3531.92,5,支付宝,华南
O000486,U0048,2026-02-25 05:18:50.969896,服装,268.9,4,1075.6,3,支付宝,华中
O000298,U0038,2026-02-25 07:11:13.969896,家居,1438.28,3,4314.84,5,微信支付,华北
O000462,U0098,2026-02-25 07:25:39.969896,数码配件,274.24,2,548.48,4,支付宝,华南
O000286,U0113,2026-02-25 08:49:15.969896,服装,194.42,1,194.42,3,支付宝,西北
O000436,U0113,2026-02-25 11:13:02.969896,母婴,427.7,2,855.4,3,支付宝,华东
O000573,U0121,2026-02-25 16:28:56.969896,美妆,612.68,1,612.68,5,支付宝,华北
O000547,U0078,2026-02-25 19:35:10.969896,家电,4247.97,2,8495.94,5,微信支付,华东
O000092,U0026,2026-02-25 23:56:43.969896,服装,157.88,2,315.76,5,微信支付,西南
O000030,U0064,2026-02-26 01:45:03.969896,数码配件,329.68,1,329.68,4,信用卡,华东
O000242,U0109,2026-02-27 00:22:11.969896,服装,707.99,2,1415.98,5,微信支付,华北
O000529,U0017,2026-02-27 02:45:23.969896,数码配件,386.93,1,386.93,5,支付宝,华东
O000247,U0070,2026-02-27 10:09:47.969896,数码配件,407.77,1,407.77,5,银行卡,华东
O000487,U0018,2026-02-27 10:39:21.969896,数码配件,376.11,1,376.11,5,支付宝,华中
O000136,U0078,2026-02-27 16:11:58.969896,图书,148.03,3,444.09,5,银行卡,华北
O000465,U0124,2026-02-27 19:55:11.969896,运动户外,1719.27,1,1719.27,5,信用卡,西北
O000264,U0053,2026-02-27 20:57:17.969896,美妆,497.46,1,497.46,5,微信支付,华北
O000577,U0050,2026-02-28 02:41:32.969896,运动户外,1040.69,2,2081.38,5,支付宝,华东
O000211,U0095,2026-02-28 11:30:53.969896,母婴,171.05,1,171.05,5,支付宝,华东
O000477,U0056,2026-02-28 14:21:12.969896,食品,74.05,1,74.05,2,银行卡,华南
O000106,U0142,2026-02-28 16:32:12.969896,图书,112.74,1,112.74,5,支付宝,华南
O000151,U0119,2026-03-01 01:15:27.969896,电子产品,2059.15,1,2059.15,3,微信支付,东北
O000581,U0096,2026-03-01 05:29:45.969896,运动户外,375.09,3,1125.27,5,微信支付,华北
O000576,U0103,2026-03-02 12:38:23.969896,电子产品,3910.73,1,3910.73,5,信用卡,华东
O000201,U0063,2026-03-02 14:24:22.969896,母婴,391.22,1,391.22,2,微信支付,华中
O000233,U0110,2026-03-02 14:47:44.969896,美妆,160.71,2,321.42,5,微信支付,华东
O000387,U0047,2026-03-02 16:07:04.969896,食品,89.67,1,89.67,4,信用卡,华中
O000251,U0006,2026-03-02 17:38:58.969896,美妆,429.69,1,429.69,4,支付宝,华南
O000309,U0147,2026-03-03 02:57:25.969896,运动户外,1782.9,2,3565.8,5,银行卡,西南
O000281,U0049,2026-03-03 06:07:41.969896,家居,1103.69,2,2207.38,5,支付宝,西南
O000485,U0091,2026-03-03 07:21:05.969896,家居,1615.28,1,1615.28,4,支付宝,华南
O000061,U0034,2026-03-03 09:23:38.969896,家电,2063.22,1,2063.22,5,信用卡,华南
O000378,U0091,2026-03-03 10:39:32.969896,服装,897.9,2,1795.8,5,微信支付,华中
O000080,U0015,2026-03-04 09:32:38.969896,电子产品,4457.76,1,4457.76,4,信用卡,华北
O000430,U0099,2026-03-04 12:22:00.969896,母婴,151.71,2,303.42,5,支付宝,华中
O000425,U0078,2026-03-04 18:13:47.969896,美妆,98.23,1,98.23,4,微信支付,华东
O000336,U0139,2026-03-04 21:48:38.969896,图书,24.37,1,24.37,4,微信支付,华南
O000056,U0142,2026-03-05 00:12:09.969896,家居,1132.32,1,1132.32,4,支付宝,华东
O000352,U0092,2026-03-05 03:58:22.969896,家居,2585.82,5,12929.1,5,支付宝,华东
O000003,U0140,2026-03-05 07:32:47.969896,服装,840.82,1,840.82,4,支付宝,华北
O000173,U0007,2026-03-05 12:44:00.969896,图书,49.9,2,99.8,3,支付宝,华中
O000548,U0129,2026-03-05 13:19:31.969896,食品,257.94,1,257.94,5,支付宝,西南
O000085,U0064,2026-03-05 17:37:54.969896,家电,3486.71,2,6973.42,5,信用卡,华中
O000248,U0113,2026-03-05 17:38:09.969896,服装,567.26,1,567.26,3,支付宝,华中
O000444,U0101,2026-03-05 19:16:09.969896,食品,71.48,3,214.44,5,支付宝,华中
O000392,U0084,2026-03-05 19:16:40.969896,家电,3457.62,1,3457.62,4,微信支付,东北
O000377,U0014,2026-03-06 03:33:38.969896,美妆,428.43,1,428.43,5,银行卡,华北
O000153,U0136,2026-03-06 03:44:13.969896,数码配件,319.59,1,319.59,5,支付宝,东北
O000429,U0024,2026-03-06 10:38:47.969896,家电,4056.72,3,12170.16,5,支付宝,华北
O000572,U0073,2026-03-06 16:00:20.969896,母婴,303.53,1,303.53,5,微信支付,西北
O000005,U0060,2026-03-06 17:09:03.969896,数码配件,238.91,1,238.91,5,微信支付,华东
O000518,U0146,2026-03-06 21:46:16.969896,电子产品,7359.11,1,7359.11,5,微信支付,华东
O000507,U0021,2026-03-06 22:45:17.969896,图书,76.16,1,76.16,4,支付宝,西北
O000042,U0077,2026-03-06 23:25:36.969896,数码配件,225.53,3,676.59,5,支付宝,华南
O000249,U0111,2026-03-07 01:18:01.969896,运动户外,826.03,1,826.03,5,支付宝,华东
O000313,U0074,2026-03-07 05:00:44.969896,家居,1566.97,1,1566.97,5,微信支付,华北
O000510,U0079,2026-03-07 07:41:56.969896,母婴,345.54,1,345.54,5,支付宝,西北
O000365,U0117,2026-03-07 07:50:52.969896,数码配件,333.52,2,667.04,5,银行卡,华中
O000395,U0109,2026-03-07 08:16:44.969896,母婴,309.74,1,309.74,3,支付宝,华中
O000432,U0049,2026-03-07 09:30:06.969896,运动户外,217.81,2,435.62,5,银行卡,西南
O000582,U0037,2026-03-07 10:43:16.969896,家居,1129.28,1,1129.28,2,支付宝,华北
O000230,U0143,2026-03-07 13:53:20.969896,图书,52.14,1,52.14,5,支付宝,华北
O000384,U0143,2026-03-07 16:08:08.969896,电子产品,1310.19,1,1310.19,5,微信支付,华南
O000357,U0129,2026-03-07 17:45:48.969896,家居,330.28,3,990.84,5,银行卡,华北
O000535,U0142,2026-03-07 19:19:25.969896,食品,206.31,2,412.62,5,微信支付,华北
O000525,U0115,2026-03-08 02:34:56.969896,家居,879.68,2,1759.36,5,银行卡,华北
O000512,U0011,2026-03-08 08:01:13.969896,运动户外,109.01,2,218.02,5,微信支付,华北
O000197,U0134,2026-03-08 11:46:44.969896,美妆,630.48,1,630.48,4,信用卡,华南
O000135,U0098,2026-03-08 12:54:18.969896,食品,133.0,3,399.0,5,微信支付,华东
O000383,U0144,2026-03-08 15:35:04.969896,家电,1193.56,1,1193.56,4,支付宝,华东
O000292,U0139,2026-03-08 18:40:33.969896,电子产品,643.94,1,643.94,4,微信支付,华东
O000314,U0057,2026-03-09 01:18:35.969896,家居,962.89,3,2888.67,5,微信支付,华中
O000131,U0018,2026-03-09 03:36:50.969896,运动户外,1412.38,1,1412.38,5,支付宝,东北
O000172,U0120,2026-03-09 11:37:53.969896,食品,259.99,2,519.98,5,支付宝,华北
O000329,U0121,2026-03-09 12:37:29.969896,电子产品,3008.83,2,6017.66,2,支付宝,华北
O000091,U0003,2026-03-09 12:40:57.969896,母婴,479.32,2,958.64,5,微信支付,华南
O000034,U0029,2026-03-09 22:00:34.969896,食品,267.26,1,267.26,5,支付宝,东北
O000291,U0098,2026-03-10 09:57:01.969896,运动户外,1668.87,1,1668.87,5,微信支付,华北
O000482,U0138,2026-03-10 10:56:56.969896,电子产品,4301.9,2,8603.8,5,支付宝,华中
O000266,U0032,2026-03-10 14:21:11.969896,电子产品,5693.27,1,5693.27,5,微信支付,华北
O000553,U0107,2026-03-10 17:17:14.969896,家电,3602.08,2,7204.16,3,微信支付,华东
O000021,U0019,2026-03-10 22:24:56.969896,家电,4075.71,1,4075.71,5,支付宝,华南
O000489,U0121,2026-03-11 06:16:14.969896,电子产品,6156.86,2,12313.72,4,支付宝,华北
O000103,U0014,2026-03-11 07:36:23.969896,服装,646.51,3,1939.53,4,支付宝,华南
O000480,U0062,2026-03-11 14:51:38.969896,图书,121.45,1,121.45,5,微信支付,华东
O000193,U0018,2026-03-12 04:36:30.969896,数码配件,354.79,2,709.58,5,支付宝,东北
O000174,U0007,2026-03-12 07:47:24.969896,服装,112.09,2,224.18,4,支付宝,华北
O000122,U0072,2026-03-12 10:43:53.969896,运动户外,348.36,1,348.36,5,支付宝,西南
O000551,U0021,2026-03-12 13:11:03.969896,电子产品,3751.04,1,3751.04,5,支付宝,华南
O000343,U0024,2026-03-12 15:28:04.969896,家居,580.75,2,1161.5,5,微信支付,华南
O000138,U0149,2026-03-13 03:55:02.969896,家电,1800.8,3,5402.4,4,支付宝,华南
O000071,U0026,2026-03-13 11:52:00.969896,电子产品,6436.84,1,6436.84,4,支付宝,华北
O000120,U0058,2026-03-13 23:12:58.969896,电子产品,3116.51,4,12466.04,5,支付宝,华中
O000241,U0068,2026-03-13 23:23:13.969896,家电,4855.58,1,4855.58,3,银行卡,华东
O000509,U0021,2026-03-14 02:56:55.969896,运动户外,843.42,1,843.42,4,支付宝,华南
O000257,U0127,2026-03-14 06:45:53.969896,美妆,169.48,1,169.48,5,微信支付,华东
O000049,U0033,2026-03-14 09:29:21.969896,食品,93.1,1,93.1,4,银行卡,华南
O000379,U0055,2026-03-14 09:44:26.969896,食品,78.86,1,78.86,5,微信支付,华中
O000210,U0063,2026-03-14 13:21:30.969896,美妆,557.89,1,557.89,5,支付宝,华北
O000086,U0021,2026-03-14 13:26:08.969896,图书,99.74,3,299.22,5,支付宝,华东
O000549,U0040,2026-03-14 14:55:16.969896,食品,271.51,3,814.53,3,支付宝,华北
O000528,U0023,2026-03-15 04:50:02.969896,运动户外,658.01,1,658.01,4,信用卡,华东
O000446,U0085,2026-03-15 11:21:00.969896,食品,197.0,1,197.0,4,银行卡,华南
O000097,U0136,2026-03-15 12:22:37.969896,电子产品,1603.05,1,1603.05,5,微信支付,西北
O000089,U0102,2026-03-15 15:41:12.969896,食品,26.35,5,131.75,5,信用卡,华北
O000591,U0095,2026-03-15 20:10:31.969896,运动户外,484.17,1,484.17,5,银行卡,华东
O000328,U0096,2026-03-16 00:41:52.969896,服装,847.81,1,847.81,4,支付宝,华南
O000440,U0025,2026-03-16 06:15:32.969896,数码配件,362.26,2,724.52,5,信用卡,华中
O000304,U0120,2026-03-16 12:05:08.969896,美妆,510.99,1,510.99,4,微信支付,华中
O000460,U0050,2026-03-16 12:57:11.969896,运动户外,1841.57,3,5524.71,4,微信支付,华东
O000065,U0120,2026-03-16 15:58:34.969896,电子产品,6013.03,1,6013.03,5,银行卡,西南
O000240,U0117,2026-03-17 00:41:00.969896,服装,182.67,2,365.34,3,支付宝,华中
O000024,U0143,2026-03-17 03:59:29.969896,家居,1154.53,1,1154.53,5,微信支付,华南
O000340,U0093,2026-03-17 05:33:32.969896,服装,628.1,1,628.1,4,支付宝,华南
O000371,U0096,2026-03-17 09:27:08.969896,食品,214.07,1,214.07,4,支付宝,华北
O000422,U0149,2026-03-17 12:44:14.969896,母婴,144.82,5,724.1,4,微信支付,西南
O000306,U0077,2026-03-18 01:17:25.969896,图书,147.4,2,294.8,5,银行卡,华中
O000289,U0087,2026-03-18 06:39:23.969896,家电,4107.06,2,8214.12,5,微信支付,华南
O000189,U0020,2026-03-18 15:01:18.969896,家电,1988.9,1,1988.9,4,支付宝,华东
O000165,U0100,2026-03-18 16:53:45.969896,家电,3695.31,1,3695.31,5,支付宝,西南
O000597,U0009,2026-03-18 20:11:09.969896,家电,1136.8,1,1136.8,5,微信支付,西南
O000222,U0142,2026-03-18 20:46:56.969896,美妆,170.23,1,170.23,5,微信支付,华中
O000190,U0063,2026-03-19 03:09:54.969896,服装,699.1,1,699.1,4,微信支付,华北
O000246,U0120,2026-03-19 06:50:22.969896,美妆,466.6,1,466.6,5,支付宝,华中
O000213,U0085,2026-03-19 08:42:18.969896,运动户外,1577.31,1,1577.31,3,支付宝,西北
O000020,U0054,2026-03-19 15:46:44.969896,美妆,517.72,1,517.72,5,银行卡,华北
O000404,U0098,2026-03-20 00:33:46.969896,数码配件,34.86,1,34.86,4,银行卡,华北
O000057,U0002,2026-03-20 15:09:44.969896,服装,862.69,1,862.69,5,微信支付,华北
O000434,U0027,2026-03-20 19:15:18.969896,运动户外,625.81,1,625.81,4,微信支付,华南
O000483,U0148,2026-03-20 21:24:43.969896,家居,2336.26,3,7008.78,5,微信支付,华南
O000363,U0150,2026-03-21 04:01:27.969896,数码配件,103.94,2,207.88,5,支付宝,华中
O000584,U0010,2026-03-21 04:18:37.969896,食品,67.03,2,134.06,5,信用卡,华东
O000147,U0148,2026-03-21 06:09:53.969896,家居,2176.32,1,2176.32,4,支付宝,华中
O000530,U0077,2026-03-21 15:24:09.969896,食品,30.44,3,91.32,4,银行卡,华中
O000006,U0144,2026-03-21 15:50:46.969896,家居,1861.88,4,7447.52,3,信用卡,西南
O000171,U0087,2026-03-21 22:11:37.969896,图书,110.66,5,553.3,5,信用卡,华北
O000566,U0084,2026-03-22 03:34:13.969896,家电,1750.53,1,1750.53,5,信用卡,西北
O000217,U0124,2026-03-22 13:39:03.969896,美妆,158.96,2,317.92,4,支付宝,东北
O000441,U0073,2026-03-22 16:05:22.969896,美妆,259.5,2,519.0,4,支付宝,华南
O000369,U0103,2026-03-22 19:38:48.969896,图书,57.99,2,115.98,5,支付宝,西北
O000126,U0112,2026-03-23 03:36:19.969896,运动户外,304.44,1,304.44,5,支付宝,西南
O000506,U0069,2026-03-23 07:38:25.969896,服装,239.04,1,239.04,5,支付宝,华南
O000012,U0068,2026-03-23 08:54:42.969896,电子产品,1556.93,5,7784.65,4,银行卡,华东
O000417,U0090,2026-03-23 15:41:04.969896,运动户外,1188.38,1,1188.38,5,银行卡,华中
O000234,U0016,2026-03-23 19:47:51.969896,家电,3162.3,1,3162.3,5,支付宝,华中
O000001,U0029,2026-03-24 02:11:53.969896,电子产品,3309.05,1,3309.05,5,支付宝,华东
O000492,U0027,2026-03-24 04:17:28.969896,家电,2666.5,4,10666.0,5,银行卡,华中
O000490,U0096,2026-03-24 16:46:33.969896,美妆,576.18,1,576.18,4,信用卡,华东
O000113,U0105,2026-03-24 21:48:42.969896,家电,585.12,5,2925.6,5,支付宝,华南
O000079,U0139,2026-03-25 03:36:09.969896,电子产品,2176.97,4,8707.88,4,支付宝,东北
O000503,U0112,2026-03-25 08:11:42.969896,图书,59.88,1,59.88,4,微信支付,华南
O000312,U0013,2026-03-25 10:16:12.969896,家电,407.23,2,814.46,4,银行卡,华东
O000389,U0008,2026-03-25 11:29:56.969896,服装,654.58,1,654.58,3,微信支付,华中
O000179,U0121,2026-03-25 11:49:27.969896,电子产品,3159.67,1,3159.67,4,支付宝,华东
O000168,U0108,2026-03-25 12:04:07.969896,数码配件,439.01,2,878.02,5,微信支付,西南
O000212,U0089,2026-03-25 12:13:25.969896,图书,71.02,1,71.02,5,微信支付,西南
O000181,U0018,2026-03-25 17:18:52.969896,电子产品,6397.59,3,19192.77,3,信用卡,华北
O000038,U0030,2026-03-26 01:53:58.969896,数码配件,64.96,1,64.96,4,信用卡,华南
O000167,U0091,2026-03-26 06:23:01.969896,美妆,736.33,1,736.33,5,支付宝,华北
O000421,U0127,2026-03-26 12:42:34.969896,母婴,361.64,1,361.64,4,银行卡,华南
O000263,U0128,2026-03-26 18:03:49.969896,母婴,381.59,1,381.59,5,支付宝,华中
O000008,U0072,2026-03-26 21:59:51.969896,电子产品,757.91,2,1515.82,5,支付宝,华北
O000043,U0040,2026-03-26 22:03:59.969896,运动户外,1714.18,1,1714.18,4,信用卡,华中
O000207,U0126,2026-03-27 00:56:04.969896,数码配件,434.89,1,434.89,5,银行卡,华中
O000401,U0055,2026-03-27 01:29:16.969896,食品,108.78,1,108.78,3,微信支付,华北
O000381,U0095,2026-03-27 02:19:37.969896,服装,291.67,1,291.67,4,支付宝,华南
O000048,U0125,2026-03-27 11:34:47.969896,服装,406.8,1,406.8,3,微信支付,华北
O000279,U0086,2026-03-27 11:58:13.969896,数码配件,75.86,3,227.58,5,银行卡,西南
O000294,U0112,2026-03-27 15:15:31.969896,服装,154.25,2,308.5,5,支付宝,华北
O000461,U0113,2026-03-28 02:26:37.969896,母婴,116.29,1,116.29,3,支付宝,西北
O000016,U0012,2026-03-28 02:43:15.969896,家居,446.82,1,446.82,5,银行卡,华北
O000537,U0135,2026-03-28 07:05:30.969896,图书,41.49,2,82.98,3,微信支付,华东
O000449,U0055,2026-03-28 09:53:21.969896,运动户外,1026.3,1,1026.3,5,支付宝,华北
O000552,U0068,2026-03-28 13:00:56.969896,家居,1180.35,1,1180.35,3,微信支付,华中
O000438,U0100,2026-03-29 04:30:15.969896,图书,76.4,4,305.6,5,支付宝,华中
O000149,U0002,2026-03-29 07:39:49.969896,服装,144.47,3,433.41,4,银行卡,华南
O000112,U0027,2026-03-29 12:34:10.969896,运动户外,552.24,1,552.24,4,支付宝,东北
O000600,U0106,2026-03-29 14:26:52.969896,数码配件,255.02,1,255.02,5,支付宝,华中
O000191,U0031,2026-03-29 17:40:48.969896,家电,4158.47,1,4158.47,4,支付宝,西南
O000344,U0006,2026-03-30 04:19:38.969896,电子产品,5382.3,1,5382.3,4,银行卡,华北
O000316,U0011,2026-03-30 08:14:04.969896,美妆,106.37,1,106.37,5,微信支付,华中
O000345,U0063,2026-03-30 12:44:25.969896,食品,25.07,1,25.07,5,支付宝,华南
O000348,U0085,2026-03-30 13:53:01.969896,食品,144.54,1,144.54,5,支付宝,华中
O000532,U0032,2026-03-30 21:14:27.969896,家居,1134.97,2,2269.94,5,支付宝,东北
O000473,U0026,2026-03-30 21:30:07.969896,运动户外,307.53,3,922.59,4,信用卡,华东
O000140,U0131,2026-03-30 22:21:46.969896,母婴,274.27,1,274.27,5,微信支付,华中
O000497,U0052,2026-03-30 23:26:49.969896,电子产品,6792.48,5,33962.4,3,微信支付,华东
O000322,U0076,2026-03-31 20:22:40.969896,运动户外,1209.35,1,1209.35,5,微信支付,华北
O000114,U0061,2026-03-31 22:37:51.969896,食品,291.15,1,291.15,5,支付宝,华中
O000150,U0057,2026-04-01 11:02:34.969896,食品,203.74,3,611.22,4,支付宝,华东
O000463,U0042,2026-04-01 14:11:59.969896,家居,2440.2,1,2440.2,5,支付宝,华东
O000495,U0123,2026-04-01 21:05:40.969896,食品,258.4,1,258.4,5,信用卡,华北
O000143,U0080,2026-04-01 23:26:05.969896,家居,708.73,1,708.73,5,支付宝,华北
O000062,U0063,2026-04-02 07:00:19.969896,母婴,482.54,1,482.54,5,支付宝,华东
O000382,U0147,2026-04-02 07:48:29.969896,家居,2917.44,1,2917.44,4,微信支付,华南
O000459,U0062,2026-04-02 09:15:39.969896,美妆,654.57,2,1309.14,5,支付宝,华南
O000070,U0020,2026-04-02 12:13:17.969896,母婴,334.33,1,334.33,5,微信支付,华中
O000096,U0078,2026-04-02 15:59:42.969896,家电,2667.15,2,5334.3,5,银行卡,东北
O000590,U0077,2026-04-02 16:47:25.969896,母婴,154.63,1,154.63,4,微信支付,华东
O000142,U0086,2026-04-03 00:44:09.969896,服装,131.08,1,131.08,5,支付宝,华中
O000154,U0114,2026-04-03 10:33:47.969896,家电,3865.31,1,3865.31,5,银行卡,西南
O000499,U0132,2026-04-03 11:57:21.969896,图书,113.4,2,226.8,5,微信支付,华南
O000260,U0104,2026-04-03 16:13:35.969896,数码配件,129.48,1,129.48,4,银行卡,东北
O000025,U0015,2026-04-03 17:21:12.969896,家居,926.04,1,926.04,3,支付宝,华南
O000243,U0039,2026-04-03 21:21:48.969896,美妆,699.06,4,2796.24,4,微信支付,华中
O000119,U0090,2026-04-04 00:28:16.969896,美妆,226.07,1,226.07,5,微信支付,华南
O000596,U0098,2026-04-04 01:00:10.969896,食品,101.02,5,505.1,5,银行卡,华南
O000194,U0004,2026-04-04 10:01:56.969896,图书,133.34,1,133.34,4,支付宝,华中
O000579,U0141,2026-04-04 14:52:34.969896,美妆,674.77,2,1349.54,3,微信支付,华中
O000327,U0150,2026-04-04 15:26:00.969896,图书,103.53,2,207.06,5,支付宝,华南
O000372,U0018,2026-04-04 19:17:33.969896,服装,336.2,1,336.2,5,微信支付,华东
O000405,U0129,2026-04-05 05:04:46.969896,数码配件,158.84,4,635.36,5,支付宝,东北
O000108,U0140,2026-04-05 05:37:38.969896,电子产品,2085.86,3,6257.58,4,微信支付,华中
O000164,U0016,2026-04-05 07:28:54.969896,家居,1539.46,2,3078.92,5,支付宝,华东
O000494,U0087,2026-04-05 09:06:04.969896,食品,89.48,1,89.48,5,支付宝,西北
O000337,U0107,2026-04-05 10:00:04.969896,服装,379.98,2,759.96,4,信用卡,华北
O000452,U0130,2026-04-05 11:21:18.969896,数码配件,77.7,1,77.7,3,银行卡,华北
O000095,U0041,2026-04-05 11:57:45.969896,母婴,207.76,1,207.76,5,信用卡,华南
O000346,U0053,2026-04-05 12:21:46.969896,服装,768.91,3,2306.73,5,银行卡,西南
O000455,U0042,2026-04-05 14:55:50.969896,食品,125.42,1,125.42,3,支付宝,华北
O000310,U0076,2026-04-05 16:09:00.969896,电子产品,7391.95,1,7391.95,4,银行卡,华中
O000182,U0064,2026-04-05 16:55:36.969896,家居,1878.89,1,1878.89,5,信用卡,华中
O000145,U0122,2026-04-06 18:50:10.969896,家电,2123.66,1,2123.66,5,银行卡,东北
O000451,U0020,2026-04-06 19:52:01.969896,美妆,431.4,1,431.4,5,银行卡,西南
O000082,U0131,2026-04-06 22:57:01.969896,服装,93.17,3,279.51,5,微信支付,华北
O000515,U0008,2026-04-07 14:18:20.969896,食品,213.33,1,213.33,5,微信支付,华南
O000349,U0001,2026-04-07 21:27:09.969896,美妆,663.02,4,2652.08,4,支付宝,华北
O000199,U0069,2026-04-08 01:07:22.969896,运动户外,657.85,1,657.85,4,支付宝,华北
O000290,U0021,2026-04-08 11:36:47.969896,运动户外,330.96,1,330.96,5,支付宝,华南
O000366,U0026,2026-04-08 16:01:19.969896,服装,297.27,1,297.27,5,支付宝,华南
O000037,U0065,2026-04-08 16:36:09.969896,数码配件,176.19,2,352.38,5,微信支付,华北
O000406,U0019,2026-04-08 17:43:29.969896,图书,98.38,1,98.38,5,信用卡,华南
O000274,U0131,2026-04-08 18:43:35.969896,食品,297.82,2,595.64,5,微信支付,华北
O000017,U0021,2026-04-08 19:51:43.969896,家居,1615.93,1,1615.93,4,支付宝,华中
O000277,U0149,2026-04-08 21:35:41.969896,母婴,299.21,1,299.21,4,微信支付,华北
O000565,U0108,2026-04-08 21:59:57.969896,家居,197.66,1,197.66,5,支付宝,华中
O000559,U0037,2026-04-09 03:48:38.969896,运动户外,682.55,1,682.55,4,信用卡,华北
O000232,U0114,2026-04-09 13:36:44.969896,美妆,625.57,1,625.57,5,支付宝,华东
O000223,U0126,2026-04-09 16:37:52.969896,服装,267.03,2,534.06,5,支付宝,华中
O000117,U0028,2026-04-09 17:35:40.969896,图书,57.52,1,57.52,5,微信支付,华东
O000300,U0021,2026-04-10 06:06:45.969896,家电,400.03,1,400.03,3,支付宝,华东
O000376,U0106,2026-04-10 07:35:00.969896,运动户外,260.21,2,520.42,5,银行卡,华北
O000568,U0120,2026-04-11 03:25:06.969896,母婴,499.5,2,999.0,4,银行卡,西北
O000027,U0055,2026-04-11 03:38:30.969896,家电,3426.25,2,6852.5,5,支付宝,华中
O000200,U0023,2026-04-11 08:35:52.969896,美妆,65.22,4,260.88,5,微信支付,华东
O000265,U0074,2026-04-11 09:49:57.969896,母婴,494.5,1,494.5,4,微信支付,华中
O000540,U0089,2026-04-11 12:15:25.969896,食品,123.4,4,493.6,4,微信支付,华北
O000453,U0010,2026-04-11 14:41:11.969896,运动户外,748.34,1,748.34,3,微信支付,西北
O000099,U0068,2026-04-11 20:04:54.969896,服装,171.64,2,343.28,4,支付宝,华南
O000334,U0025,2026-04-12 11:45:22.969896,家居,265.46,1,265.46,4,信用卡,华东
O000146,U0117,2026-04-12 15:06:49.969896,图书,68.53,1,68.53,4,支付宝,华东
O000031,U0150,2026-04-13 13:25:49.969896,图书,64.34,3,193.02,5,支付宝,华中
O000074,U0055,2026-04-13 18:19:10.969896,图书,111.81,5,559.05,2,支付宝,华南
O000053,U0096,2026-04-14 11:01:44.969896,母婴,61.41,2,122.82,5,微信支付,华东
O000315,U0036,2026-04-14 15:01:47.969896,服装,202.07,1,202.07,4,微信支付,西北
O000331,U0017,2026-04-15 03:11:13.969896,母婴,133.75,1,133.75,5,支付宝,华东
O000321,U0043,2026-04-15 09:43:41.969896,美妆,565.63,1,565.63,3,银行卡,华东
O000431,U0011,2026-04-15 12:59:53.969896,母婴,105.31,1,105.31,5,微信支付,华北
O000301,U0062,2026-04-15 13:25:00.969896,母婴,480.43,1,480.43,5,支付宝,华中
O000044,U0139,2026-04-15 16:12:19.969896,数码配件,293.63,5,1468.15,3,支付宝,华北
O000072,U0004,2026-04-17 00:47:27.969896,服装,469.45,1,469.45,5,支付宝,华中
O000187,U0149,2026-04-17 03:32:33.969896,电子产品,1186.15,1,1186.15,5,银行卡,西北
O000013,U0138,2026-04-17 05:58:00.969896,服装,55.25,2,110.5,5,银行卡,华东
O000505,U0128,2026-04-17 11:05:27.969896,运动户外,188.64,2,377.28,5,微信支付,华中
O000051,U0109,2026-04-17 11:49:11.969896,家居,249.88,2,499.76,5,微信支付,西北
O000023,U0098,2026-04-17 15:29:11.969896,美妆,122.3,1,122.3,5,微信支付,华中
O000469,U0116,2026-04-17 17:09:20.969896,运动户外,995.65,2,1991.3,5,微信支付,华东
O000270,U0040,2026-04-18 02:48:39.969896,母婴,199.85,2,399.7,5,微信支付,华中
O000498,U0011,2026-04-18 03:28:27.969896,运动户外,1433.35,4,5733.4,5,支付宝,华北
O000280,U0097,2026-04-18 03:54:01.969896,母婴,405.51,1,405.51,3,支付宝,华中
O000098,U0077,2026-04-18 21:04:26.969896,服装,517.99,1,517.99,4,支付宝,华东
O000107,U0029,2026-04-18 21:36:41.969896,服装,555.99,1,555.99,4,支付宝,华南
O000544,U0058,2026-04-19 11:04:37.969896,运动户外,832.37,1,832.37,5,微信支付,华东
O000084,U0104,2026-04-19 12:55:33.969896,服装,975.68,1,975.68,5,支付宝,西南
