订单ID,用户ID,订单时间,商品类别,单价,数量,总金额,用户评分,支付方式,地区
ORD20260416000563,USER_00074,2026-01-16 06:03:41.264853,服装鞋帽,304.65,1,304.65,,支付宝,华东
ORD20260416000577,USER_00154,2026-01-16 07:03:45.264853,家居用品,443.04,2,886.08,3.7,微信支付,华东
ORD20260416000160,USER_00160,2026-01-16 09:22:25.264853,美妆护肤,508.25,1,508.25,3.6,微信支付,西南
ORD20260416000360,USER_00192,2026-01-16 11:37:16.264853,食品饮料,137.53,1,137.53,4.3,微信支付,西南
ORD20260416000252,USER_00187,2026-01-16 13:19:07.264853,服装鞋帽,433.31,5,2166.55,3.4,微信支付,华中
ORD20260416000080,USER_00191,2026-01-16 15:21:24.264853,电子产品,3582.23,1,3582.23,5.0,微信支付,华东
ORD20260416000272,USER_00151,2026-01-16 20:07:49.264853,服装鞋帽,274.28,4,10971.199999999999,4.2,支付宝,华东
ORD20260416000504,USER_00069,2026-01-16 20:23:53.264853,美妆护肤,954.49,3,2863.47,3.8,信用卡,华东
ORD20260416000585,USER_00114,2026-01-16 20:38:51.264853,家居用品,397.21,2,794.42,5.0,支付宝,华南
ORD20260416000394,USER_00175,2026-01-16 22:13:00.264853,服装鞋帽,687.95,1,687.95,3.4,微信支付,华东
ORD20260416000280,USER_00060,2026-01-17 04:24:45.264853,服装鞋帽,800.0,3,2400.0,3.8,支付宝,华东
ORD20260416000376,USER_00099,2026-01-17 19:13:35.264853,服装鞋帽,144.57,1,144.57,4.1,微信支付,华南
ORD20260416000281,USER_00113,2026-01-17 22:00:18.264853,服装鞋帽,800.0,1,800.0,,银行卡,华东
ORD20260416000589,USER_00164,2026-01-18 03:59:27.264853,服装鞋帽,445.71,1,445.71,3.5,微信支付,华南
ORD20260416000186,USER_00121,2026-01-18 11:01:23.264853,服装鞋帽,686.88,2,1373.76,2.9,信用卡,华南
ORD20260416000332,USER_00145,2026-01-18 11:25:26.264853,服装鞋帽,317.09,1,317.09,3.8,货到付款,华东
ORD20260416000286,USER_00197,2026-01-18 12:47:12.264853,食品饮料,120.66,4,482.64,5.0,微信支付,华东
ORD20260416000168,USER_00062,2026-01-18 13:20:46.264853,电子产品,1821.34,2,3642.68,5.0,微信支付,华北
ORD20260416000082,USER_00044,2026-01-18 13:43:01.264853,电子产品,1890.22,3,5670.66,3.4,微信支付,东北
ORD20260416000185,USER_00190,2026-01-18 14:21:53.264853,电子产品,3928.0,1,3928.0,5.0,微信支付,西北
ORD20260416000285,USER_00140,2026-01-18 17:08:32.264853,家居用品,552.91,2,1105.82,3.8,信用卡,华东
ORD20260416000081,USER_00146,2026-01-18 19:32:15.264853,服装鞋帽,250.47,1,250.47,4.2,支付宝,华南
ORD20260416000368,USER_00099,2026-01-18 20:15:29.264853,服装鞋帽,575.54,1,575.54,4.6,信用卡,华东
ORD20260416000590,USER_00021,2026-01-18 20:36:20.264853,电子产品,1891.42,2,3782.84,4.7,支付宝,华东
ORD20260416000333,USER_00128,2026-01-18 20:49:23.264853,食品饮料,237.49,3,712.47,4.2,支付宝,华东
ORD20260416000167,USER_00045,2026-01-18 21:43:55.264853,美妆护肤,668.68,4,2674.72,4.3,银行卡,华南
ORD20260416000109,USER_00136,2026-01-18 22:48:08.264853,服装鞋帽,746.35,2,1492.7,5.0,支付宝,华东
ORD20260416000110,USER_00063,2026-01-18 22:57:48.264853,家居用品,449.13,2,898.26,4.9,支付宝,华南
ORD20260416000340,USER_00158,2026-01-19 01:14:34.264853,电子产品,2678.22,2,5356.44,4.9,支付宝,华南
ORD20260416000326,USER_00048,2026-01-19 01:41:46.264853,电子产品,5000.0,1,5000.0,3.4,支付宝,华南
ORD20260416000176,USER_00030,2026-01-19 07:24:16.264853,食品饮料,64.64,3,193.92,4.0,微信支付,华北
ORD20260416000584,USER_00058,2026-01-19 10:41:51.264853,电子产品,2302.81,2,4605.62,5.0,货到付款,华东
ORD20260416000217,USER_00187,2026-01-19 10:45:35.264853,服装鞋帽,568.0,1,568.0,3.4,信用卡,华中
ORD20260416000235,USER_00123,2026-01-19 11:17:39.264853,电子产品,1344.26,2,2688.52,2.1,银行卡,东北
ORD20260416000411,USER_00050,2026-01-19 20:45:50.264853,家居用品,1000.0,1,1000.0,4.4,支付宝,华东
ORD20260416000453,USER_00060,2026-01-20 07:04:04.264853,电子产品,5000.0,1,5000.0,3.2,微信支付,华东
ORD20260416000166,USER_00170,2026-01-20 09:10:26.264853,食品饮料,97.68,4,390.72,3.8,微信支付,华南
ORD20260416000245,USER_00097,2026-01-20 10:27:01.264853,服装鞋帽,484.93,1,484.93,4.1,信用卡,西南
ORD20260416000038,USER_00190,2026-01-20 11:57:45.264853,食品饮料,171.17,3,0.01,4.9,支付宝,华南
ORD20260416000190,USER_00198,2026-01-20 16:31:10.264853,服装鞋帽,474.51,3,1423.53,3.8,微信支付,华东
ORD20260416000253,USER_00164,2026-01-20 17:00:56.264853,家居用品,263.83,4,1055.32,3.9,微信支付,华南
ORD20260416000145,USER_00090,2026-01-20 17:23:44.264853,服装鞋帽,314.14,1,314.14,3.5,支付宝,华北
ORD20260416000493,USER_00096,2026-01-20 17:24:09.264853,食品饮料,82.48,4,329.92,4.2,微信支付,华东
ORD20260416000351,USER_00028,2026-01-20 17:35:02.264853,家居用品,840.19,1,840.19,3.7,信用卡,华东
ORD20260416000463,USER_00099,2026-01-20 23:53:12.264853,家居用品,353.81,1,353.81,,信用卡,华东
ORD20260416000314,USER_00110,2026-01-21 04:03:47.264853,美妆护肤,1133.99,3,3401.97,5.0,微信支付,华东
ORD20260416000225,USER_00126,2026-01-21 09:11:48.264853,服装鞋帽,430.79,1,430.79,2.7,支付宝,西北
ORD20260416000163,USER_00086,2026-01-21 21:14:54.264853,家居用品,692.09,1,692.09,4.7,支付宝,华北
ORD20260416000433,USER_00051,2026-01-21 21:28:51.264853,服装鞋帽,270.1,1,270.1,3.4,微信支付,华南
ORD20260416000137,USER_00131,2026-01-21 21:50:30.264853,电子产品,1361.69,2,2723.38,4.1,微信支付,华中
ORD20260416000598,USER_00036,2026-01-22 01:07:36.264853,食品饮料,149.9,4,599.6,4.0,信用卡,华东
ORD20260416000048,USER_00021,2026-01-22 09:34:51.264853,家居用品,632.74,1,632.74,3.8,支付宝,华南
ORD20260416000284,USER_00048,2026-01-22 11:01:49.264853,服装鞋帽,800.0,1,800.0,2.2,微信支付,华东
ORD20260416000435,USER_00186,2026-01-22 22:48:40.264853,食品饮料,135.93,2,271.86,4.0,微信支付,华东
ORD20260416000309,USER_00099,2026-01-23 00:22:42.264853,家居用品,874.72,1,874.72,3.6,微信支付,华北
ORD20260416000347,USER_00027,2026-01-23 00:23:59.264853,家居用品,627.96,2,1255.92,3.0,微信支付,华南
ORD20260416000057,USER_00090,2026-01-23 04:36:43.264853,食品饮料,47.26,1,47.26,3.1,微信支付,华东
ORD20260416000273,USER_00159,2026-01-23 08:54:07.264853,服装鞋帽,800.0,3,2400.0,4.1,支付宝,华南
ORD20260416000586,USER_00075,2026-01-23 14:58:49.264853,食品饮料,167.36,1,167.36,3.2,微信支付,华中
ORD20260416000120,USER_00028,2026-01-23 17:04:10.264853,美妆护肤,546.64,3,1639.92,4.9,支付宝,华东
ORD20260416000462,USER_00047,2026-01-23 20:11:26.264853,服装鞋帽,99.01,3,297.03,,支付宝,西北
ORD20260416000123,USER_00012,2026-01-23 20:25:17.264853,家居用品,799.31,2,1598.62,4.4,微信支付,西南
ORD20260416000599,USER_00096,2026-01-23 20:47:42.264853,食品饮料,168.67,1,168.67,5.0,支付宝,华南
ORD20260416000054,USER_00060,2026-01-24 13:34:02.264853,电子产品,4822.15,1,4822.15,4.9,支付宝,西南
ORD20260416000045,USER_00131,2026-01-24 13:46:23.264853,食品饮料,194.66,1,194.66,3.9,微信支付,华南
ORD20260416000392,USER_00114,2026-01-24 16:09:24.264853,服装鞋帽,744.31,3,2232.93,4.6,信用卡,华东
ORD20260416000021,USER_00088,2026-01-24 16:58:45.264853,美妆护肤,572.03,2,1144.06,5.0,微信支付,华东
ORD20260416000053,USER_00089,2026-01-24 19:39:41.264853,服装鞋帽,412.93,1,412.93,2.9,支付宝,华东
ORD20260416000020,USER_00002,2026-01-24 20:16:09.264853,服装鞋帽,800.0,4,3200.0,4.1,支付宝,华东
ORD20260416000046,USER_00051,2026-01-24 22:04:55.264853,食品饮料,143.95,2,287.9,3.2,支付宝,华北
ORD20260416000370,USER_00037,2026-01-25 06:04:19.264853,家居用品,1000.0,2,2000.0,3.5,支付宝,华南
ORD20260416000304,USER_00164,2026-01-25 11:11:04.264853,服装鞋帽,568.68,2,1137.36,4.6,支付宝,华中
ORD20260416000305,USER_00166,2026-01-25 12:36:14.264853,服装鞋帽,800.0,1,800.0,4.6,微信支付,华南
ORD20260416000219,USER_00002,2026-01-25 13:31:50.264853,家居用品,244.59,2,489.18,4.1,支付宝,华南
ORD20260416000373,USER_00046,2026-01-25 17:17:07.264853,服装鞋帽,584.66,1,584.66,4.8,支付宝,东北
ORD20260416000218,USER_00113,2026-01-25 19:28:54.264853,食品饮料,256.97,1,256.97,4.7,支付宝,华北
ORD20260416000372,USER_00093,2026-01-25 21:20:19.264853,服装鞋帽,289.58,1,289.58,2.5,微信支付,华北
ORD20260416000371,USER_00024,2026-01-25 22:43:00.264853,服装鞋帽,270.9,4,1083.6,4.7,微信支付,华东
ORD20260416000366,USER_00117,2026-01-26 14:15:11.264853,美妆护肤,1063.5,1,1063.5,5.0,支付宝,华北
ORD20260416000150,USER_00096,2026-01-26 20:19:31.264853,家居用品,170.78,1,170.78,2.6,支付宝,华东
ORD20260416000477,USER_00019,2026-01-26 20:45:06.264853,电子产品,1877.68,1,1877.68,3.2,微信支付,华东
ORD20260416000027,USER_00021,2026-01-27 05:28:44.264853,美妆护肤,808.6,2,1617.2,4.5,微信支付,西南
ORD20260416000254,USER_00147,2026-01-27 07:19:27.264853,电子产品,3099.58,1,3099.58,4.2,微信支付,华东
ORD20260416000358,USER_00004,2026-01-27 09:57:02.264853,服装鞋帽,558.54,2,1117.08,4.3,信用卡,华南
ORD20260416000187,USER_00116,2026-01-27 13:12:16.264853,电子产品,1504.89,1,1504.89,4.1,微信支付,华东
ORD20260416000016,USER_00152,2026-01-27 16:11:19.264853,电子产品,5000.0,2,10000.0,4.0,微信支付,华东
ORD20260416000483,USER_00062,2026-01-27 22:14:50.264853,家居用品,1000.0,1,1000.0,3.5,微信支付,华东
ORD20260416000113,USER_00136,2026-01-27 22:34:37.264853,食品饮料,193.28,3,579.84,,支付宝,华北
ORD20260416000564,USER_00043,2026-01-28 03:21:54.264853,电子产品,2526.98,2,5053.96,4.6,银行卡,华中
ORD20260416000050,USER_00167,2026-01-28 06:08:25.264853,电子产品,3026.57,1,3026.57,1.6,微信支付,华南
ORD20260416000485,USER_00127,2026-01-28 12:36:32.264853,服装鞋帽,593.72,1,593.72,4.9,微信支付,东北
ORD20260416000300,USER_00116,2026-01-28 18:09:01.264853,电子产品,2340.09,1,2340.09,3.5,银行卡,西南
ORD20260416000134,USER_00193,2026-01-28 19:41:35.264853,服装鞋帽,188.59,1,188.59,3.9,微信支付,华中
ORD20260416000374,USER_00181,2026-01-28 20:32:52.264853,服装鞋帽,368.24,2,736.48,5.0,货到付款,华南
ORD20260416000005,USER_00107,2026-01-28 20:34:31.264853,服装鞋帽,195.57,2,391.14,3.0,,华南
ORD20260416000402,USER_00104,2026-01-29 10:13:19.264853,电子产品,2322.95,1,2322.95,3.4,微信支付,华北
ORD20260416000362,USER_00017,2026-01-29 11:21:43.264853,电子产品,1018.95,3,3056.85,4.8,支付宝,华东
ORD20260416000419,USER_00173,2026-01-29 15:21:13.264853,食品饮料,300.0,1,300.0,3.8,微信支付,华东
ORD20260416000197,USER_00172,2026-01-29 16:31:49.264853,电子产品,5000.0,3,15000.0,4.0,支付宝,华东
ORD20260416000104,USER_00089,2026-01-29 17:52:50.264853,电子产品,3103.62,4,12414.48,4.1,微信支付,华南
ORD20260416000282,USER_00002,2026-01-29 22:13:52.264853,服装鞋帽,260.68,1,260.68,3.3,信用卡,华南
ORD20260416000516,USER_00047,2026-01-30 06:23:44.264853,电子产品,3608.49,1,3608.49,4.8,支付宝,华北
ORD20260416000105,USER_00071,2026-01-30 15:09:42.264853,电子产品,1172.63,1,1172.63,4.2,微信支付,华南
ORD20260416000290,USER_00099,2026-01-30 18:05:33.264853,家居用品,532.54,1,532.54,4.1,支付宝,华南
ORD20260416000381,USER_00161,2026-01-30 22:17:54.264853,家居用品,463.02,2,926.04,3.7,支付宝,华北
ORD20260416000439,USER_00150,2026-01-30 22:59:39.264853,电子产品,4346.23,3,13038.69,3.9,货到付款,华东
ORD20260416000116,USER_00033,2026-01-31 03:40:55.264853,家居用品,247.99,1,247.99,3.9,微信支付,华东
ORD20260416000025,USER_00192,2026-01-31 12:08:53.264853,电子产品,1557.42,2,3114.84,3.9,信用卡,华东
ORD20260416000233,USER_00183,2026-01-31 13:41:50.264853,服装鞋帽,703.89,2,1407.78,3.8,支付宝,华东
ORD20260416000575,USER_00008,2026-01-31 13:50:48.264853,服装鞋帽,328.94,2,657.88,4.1,微信支付,华东
ORD20260416000574,USER_00090,2026-01-31 15:59:58.264853,美妆护肤,376.56,1,376.56,4.0,微信支付,华中
ORD20260416000115,USER_00163,2026-01-31 16:13:36.264853,电子产品,2291.77,2,4583.54,4.6,支付宝,东北
ORD20260416000234,USER_00184,2026-01-31 16:53:11.264853,电子产品,2506.5,2,5013.0,3.9,支付宝,西南
ORD20260416000026,USER_00188,2026-01-31 17:45:03.264853,家居用品,321.97,5,1609.85,5.0,微信支付,华东
ORD20260416000427,USER_00092,2026-02-01 02:31:35.264853,电子产品,3181.91,1,3181.91,4.5,微信支付,华南
ORD20260416000060,USER_00084,2026-02-01 07:15:23.264853,电子产品,3210.86,1,3210.86,4.9,支付宝,华东
ORD20260416000047,USER_00135,2026-02-01 08:35:46.264853,家居用品,543.49,3,16304.7,4.3,微信支付,华东
ORD20260416000173,USER_00108,2026-02-01 08:48:24.264853,服装鞋帽,222.98,3,668.94,3.7,微信支付,华北
ORD20260416000130,USER_00099,2026-02-01 10:05:23.264853,服装鞋帽,694.83,1,694.83,2.6,微信支付,华东
ORD20260416000535,USER_00186,2026-02-01 12:36:19.264853,家居用品,468.47,1,468.47,,微信支付,华北
ORD20260416000297,USER_00120,2026-02-01 13:48:31.264853,美妆护肤,1500.0,2,3000.0,2.8,微信支付,华北
ORD20260416000426,USER_00143,2026-02-01 17:52:17.264853,食品饮料,189.11,2,378.22,4.3,支付宝,华东
ORD20260416000221,USER_00054,2026-02-01 18:36:31.264853,电子产品,2758.92,1,2758.92,5.0,支付宝,华东
ORD20260416000192,USER_00155,2026-02-01 20:07:10.264853,服装鞋帽,410.82,2,821.64,4.9,支付宝,华南
ORD20260416000536,USER_00096,2026-02-01 20:09:04.264853,电子产品,1307.33,1,1307.33,5.0,银行卡,华东
ORD20260416000061,USER_00092,2026-02-01 20:30:20.264853,服装鞋帽,418.79,1,418.79,3.6,支付宝,华南
ORD20260416000576,USER_00093,2026-02-02 09:06:20.264853,食品饮料,300.0,2,600.0,5.0,银行卡,华南
ORD20260416000415,USER_00060,2026-02-02 09:28:51.264853,电子产品,5000.0,1,5000.0,3.8,微信支付,西南
ORD20260416000043,USER_00055,2026-02-02 11:48:58.264853,食品饮料,260.14,2,520.28,3.8,支付宝,华东
ORD20260416000306,USER_00104,2026-02-02 15:14:42.264853,电子产品,3602.01,3,10806.03,3.2,支付宝,华南
ORD20260416000101,USER_00015,2026-02-02 16:12:33.264853,食品饮料,36.33,1,36.33,3.4,支付宝,华南
ORD20260416000287,USER_00037,2026-02-02 20:12:30.264853,电子产品,3751.7,2,7503.4,5.0,支付宝,华东
ORD20260416000098,USER_00124,2026-02-03 09:57:36.264853,食品饮料,139.01,2,278.02,3.2,支付宝,华南
ORD20260416000018,USER_00150,2026-02-03 11:52:43.264853,家居用品,639.48,1,639.48,4.3,微信支付,华东
ORD20260416000355,USER_00061,2026-02-03 18:43:26.264853,食品饮料,300.0,3,900.0,5.0,支付宝,华东
ORD20260416000072,USER_00104,2026-02-03 20:30:29.264853,电子产品,4020.05,3,12060.15,2.6,微信支付,华东
ORD20260416000014,USER_00100,2026-02-03 22:04:19.264853,电子产品,2691.9,2,5383.8,4.0,微信支付,华东
ORD20260416000558,USER_00012,2026-02-04 14:20:17.264853,电子产品,4798.39,2,9596.78,4.3,支付宝,华东
ORD20260416000357,USER_00147,2026-02-04 16:02:53.264853,服装鞋帽,636.85,4,2547.4,3.6,微信支付,华南
ORD20260416000476,USER_00063,2026-02-04 20:20:07.264853,食品饮料,262.28,1,262.28,4.1,微信支付,东北
ORD20260416000099,USER_00041,2026-02-04 20:42:59.264853,食品饮料,154.44,1,154.44,4.5,微信支付,西南
ORD20260416000250,USER_00003,2026-02-05 07:09:28.264853,家居用品,450.58,5,2252.9,3.6,信用卡,西南
ORD20260416000161,USER_00071,2026-02-05 07:33:28.264853,服装鞋帽,247.2,1,247.2,4.2,银行卡,华中
ORD20260416000506,USER_00093,2026-02-05 12:39:38.264853,服装鞋帽,490.17,2,980.34,4.7,支付宝,西南
ORD20260416000093,USER_00111,2026-02-05 14:55:29.264853,家居用品,1000.0,1,1000.0,4.2,货到付款,华中
ORD20260416000323,USER_00033,2026-02-05 16:41:55.264853,服装鞋帽,170.43,2,340.86,4.1,支付宝,华中
ORD20260416000517,USER_00094,2026-02-05 20:57:37.264853,服装鞋帽,800.0,1,800.0,4.2,信用卡,华南
ORD20260416000322,USER_00068,2026-02-06 08:55:48.264853,美妆护肤,1250.01,3,3750.03,4.0,支付宝,华南
ORD20260416000249,USER_00093,2026-02-06 09:02:53.264853,美妆护肤,789.16,1,789.16,4.9,微信支付,东北
ORD20260416000549,USER_00178,2026-02-06 10:08:44.264853,服装鞋帽,616.48,1,616.48,3.5,微信支付,华中
ORD20260416000397,USER_00194,2026-02-06 11:24:12.264853,美妆护肤,1500.0,2,3000.0,4.1,微信支付,华东
ORD20260416000033,USER_00059,2026-02-07 00:20:26.264853,家居用品,598.66,1,598.66,4.1,微信支付,西南
ORD20260416000231,USER_00160,2026-02-07 01:33:35.264853,家居用品,722.21,1,722.21,4.8,微信支付,华东
ORD20260416000195,USER_00165,2026-02-07 05:15:53.264853,电子产品,3976.04,4,15904.16,5.0,支付宝,西北
ORD20260416000424,USER_00142,2026-02-07 07:04:00.264853,家居用品,739.79,1,739.79,4.1,支付宝,华北
ORD20260416000194,USER_00062,2026-02-07 09:56:45.264853,食品饮料,88.81,3,266.43,2.8,支付宝,东北
ORD20260416000001,USER_00103,2026-02-07 10:22:58.264853,美妆护肤,955.76,1,955.76,4.5,微信支付,华东
ORD20260416000480,USER_00183,2026-02-07 10:27:28.264853,服装鞋帽,800.0,3,2400.0,3.2,支付宝,华南
ORD20260416000002,USER_00180,2026-02-07 15:07:53.264853,家居用品,756.29,1,756.29,4.0,微信支付,华中
ORD20260416000423,USER_00144,2026-02-07 16:22:57.264853,家居用品,489.43,1,489.43,4.6,货到付款,华北
ORD20260416000481,USER_00090,2026-02-07 19:01:28.264853,电子产品,5000.0,4,20000.0,3.7,支付宝,华东
ORD20260416000007,USER_00189,2026-02-07 20:15:03.264853,服装鞋帽,335.68,2,671.36,3.1,微信支付,西南
ORD20260416000032,USER_00049,2026-02-07 21:22:52.264853,家居用品,634.22,1,634.22,4.2,微信支付,东北
ORD20260416000006,USER_00072,2026-02-07 23:31:55.264853,美妆护肤,1186.89,4,4747.56,4.8,微信支付,华东
ORD20260416000382,USER_00067,2026-02-08 06:21:42.264853,服装鞋帽,417.13,3,1251.39,,支付宝,西南
ORD20260416000383,USER_00128,2026-02-08 16:59:36.264853,服装鞋帽,353.71,1,353.71,3.7,微信支付,华南
ORD20260416000336,USER_00187,2026-02-08 17:32:54.264853,服装鞋帽,377.49,1,377.49,5.0,银行卡,华东
ORD20260416000330,USER_00135,2026-02-08 17:57:56.264853,食品饮料,300.0,2,600.0,3.8,微信支付,东北
ORD20260416000331,USER_00195,2026-02-08 21:07:23.264853,电子产品,3707.76,1,3707.76,3.7,支付宝,西南
ORD20260416000119,USER_00041,2026-02-08 21:08:14.264853,服装鞋帽,170.69,3,512.07,3.6,银行卡,华南
ORD20260416000118,USER_00005,2026-02-08 21:24:33.264853,服装鞋帽,800.0,4,3200.0,4.4,微信支付,华南
ORD20260416000540,USER_00016,2026-02-09 00:40:53.264853,服装鞋帽,507.77,2,1015.54,4.4,信用卡,西北
ORD20260416000425,USER_00115,2026-02-09 10:25:49.264853,家居用品,517.63,3,1552.89,4.5,支付宝,华中
ORD20260416000085,USER_00014,2026-02-09 15:31:31.264853,服装鞋帽,495.27,1,495.27,,信用卡,华北
ORD20260416000528,USER_00010,2026-02-09 16:15:04.264853,电子产品,3581.56,2,7163.12,4.7,微信支付,西北
ORD20260416000028,USER_00161,2026-02-09 19:36:10.264853,美妆护肤,966.3,1,966.3,5.0,银行卡,华南
ORD20260416000237,USER_00038,2026-02-09 20:35:47.264853,电子产品,1963.62,4,7854.48,4.9,货到付款,华东
ORD20260416000141,USER_00103,2026-02-09 21:28:11.264853,电子产品,1984.01,3,5952.03,2.4,支付宝,西北
ORD20260416000302,USER_00113,2026-02-09 21:47:01.264853,美妆护肤,928.13,1,0.01,5.0,微信支付,华东
ORD20260416000152,USER_00096,2026-02-10 07:11:21.264853,食品饮料,238.01,2,476.02,3.6,微信支付,华北
ORD20260416000409,USER_00026,2026-02-10 10:22:18.264853,食品饮料,176.39,1,176.39,4.7,信用卡,华南
ORD20260416000353,USER_00192,2026-02-10 11:38:03.264853,美妆护肤,788.6,2,1577.2,3.8,支付宝,华东
ORD20260416000270,USER_00185,2026-02-10 15:22:44.264853,服装鞋帽,800.0,1,800.0,4.7,支付宝,华南
ORD20260416000524,USER_00100,2026-02-10 17:16:05.264853,服装鞋帽,800.0,3,2400.0,4.4,支付宝,西北
ORD20260416000348,USER_00021,2026-02-10 21:03:25.264853,服装鞋帽,220.34,1,220.34,4.7,支付宝,华东
ORD20260416000550,USER_00163,2026-02-10 21:42:19.264853,美妆护肤,1074.47,2,2148.94,4.1,支付宝,华南
ORD20260416000472,USER_00158,2026-02-10 21:55:20.264853,服装鞋帽,383.93,2,767.86,3.2,微信支付,西北
ORD20260416000263,USER_00168,2026-02-10 22:04:32.264853,服装鞋帽,800.0,1,800.0,3.7,微信支付,华东
ORD20260416000240,USER_00116,2026-02-11 12:37:44.264853,服装鞋帽,237.85,2,475.7,2.4,微信支付,西南
ORD20260416000442,USER_00086,2026-02-11 17:14:16.264853,电子产品,5000.0,2,10000.0,4.7,支付宝,华北
ORD20260416000447,USER_00015,2026-02-11 20:44:50.264853,食品饮料,261.26,3,783.78,5.0,信用卡,华南
ORD20260416000474,USER_00145,2026-02-11 21:48:11.264853,服装鞋帽,347.16,3,1041.48,4.5,银行卡,华东
ORD20260416000128,USER_00062,2026-02-11 21:55:39.264853,食品饮料,202.94,2,405.88,4.2,支付宝,华中
ORD20260416000293,USER_00131,2026-02-12 05:53:06.264853,电子产品,5000.0,2,10000.0,4.6,银行卡,华南
ORD20260416000277,USER_00144,2026-02-12 11:29:49.264853,电子产品,5000.0,2,10000.0,4.1,支付宝,华南
ORD20260416000551,USER_00124,2026-02-12 17:42:56.264853,电子产品,5000.0,3,15000.0,3.7,微信支付,西南
ORD20260416000125,USER_00033,2026-02-12 18:04:12.264853,服装鞋帽,362.89,1,362.89,3.2,微信支付,华南
ORD20260416000587,USER_00157,2026-02-13 04:04:50.264853,电子产品,3005.64,1,3005.64,4.0,微信支付,华中
ORD20260416000444,USER_00180,2026-02-13 06:31:43.264853,电子产品,3254.29,1,3254.29,4.3,支付宝,华东
ORD20260416000440,USER_00058,2026-02-13 14:10:54.264853,家居用品,880.82,2,1761.64,4.8,微信支付,华北
ORD20260416000216,USER_00081,2026-02-13 14:50:57.264853,家居用品,442.61,4,1770.44,4.5,支付宝,华北
ORD20260416000461,USER_00094,2026-02-13 15:49:09.264853,电子产品,4075.0,1,4075.0,5.0,信用卡,西北
ORD20260416000464,USER_00055,2026-02-13 16:30:15.264853,电子产品,2624.25,1,2624.25,3.9,支付宝,华南
ORD20260416000133,USER_00035,2026-02-13 19:42:44.264853,食品饮料,225.08,3,675.24,3.4,支付宝,华北
ORD20260416000547,USER_00152,2026-02-13 22:15:53.264853,家居用品,368.5,1,368.5,2.9,支付宝,华东
ORD20260416000404,USER_00137,2026-02-14 00:42:01.264853,服装鞋帽,329.38,1,329.38,5.0,货到付款,华南
ORD20260416000206,USER_00186,2026-02-14 01:05:08.264853,食品饮料,289.27,2,578.54,4.0,微信支付,华中
ORD20260416000571,USER_00130,2026-02-14 08:09:33.264853,电子产品,2349.96,5,11749.8,3.0,银行卡,华东
ORD20260416000009,USER_00103,2026-02-14 12:54:47.264853,食品饮料,179.89,3,539.67,4.3,银行卡,华南
ORD20260416000205,USER_00062,2026-02-14 17:02:58.264853,服装鞋帽,541.94,4,2167.76,3.6,信用卡,华南
ORD20260416000405,USER_00043,2026-02-14 17:18:30.264853,食品饮料,103.1,1,103.1,3.7,微信支付,华东
ORD20260416000144,USER_00015,2026-02-14 17:30:33.264853,电子产品,5000.0,3,15000.0,3.2,微信支付,东北
ORD20260416000143,USER_00137,2026-02-14 17:48:40.264853,服装鞋帽,438.64,4,1754.56,2.4,微信支付,西南
ORD20260416000008,USER_00021,2026-02-14 22:53:20.264853,电子产品,2254.29,4,9017.16,4.7,微信支付,西南
ORD20260416000107,USER_00088,2026-02-15 07:02:55.264853,电子产品,5000.0,1,5000.0,3.7,微信支付,西北
ORD20260416000106,USER_00009,2026-02-15 07:25:40.264853,服装鞋帽,344.06,2,688.12,4.6,微信支付,华北
ORD20260416000496,USER_00048,2026-02-15 12:08:51.264853,美妆护肤,983.12,1,983.12,4.9,,华东
ORD20260416000497,USER_00089,2026-02-15 15:41:25.264853,电子产品,5000.0,2,10000.0,3.8,微信支付,东北
ORD20260416000067,USER_00175,2026-02-15 16:16:22.264853,服装鞋帽,641.43,1,641.43,3.9,信用卡,华北
ORD20260416000066,USER_00008,2026-02-15 18:31:09.264853,家居用品,547.16,1,547.16,4.0,支付宝,西南
ORD20260416000180,USER_00092,2026-02-16 01:59:57.264853,家居用品,444.64,1,444.64,4.5,银行卡,华中
ORD20260416000570,USER_00046,2026-02-16 06:21:47.264853,美妆护肤,1500.0,2,3000.0,3.3,支付宝,华东
ORD20260416000420,USER_00020,2026-02-16 07:21:04.264853,电子产品,5000.0,1,5000.0,4.6,支付宝,华南
ORD20260416000091,USER_00040,2026-02-16 11:19:04.264853,食品饮料,121.32,2,242.64,3.5,银行卡,华南
ORD20260416000241,USER_00098,2026-02-16 13:53:59.264853,家居用品,559.22,2,1118.44,4.7,微信支付,华北
ORD20260416000596,USER_00177,2026-02-16 22:42:39.264853,食品饮料,118.66,1,118.66,3.5,支付宝,华北
ORD20260416000545,USER_00160,2026-02-17 01:06:34.264853,食品饮料,124.42,1,124.42,3.7,微信支付,华东
ORD20260416000159,USER_00013,2026-02-17 11:31:50.264853,服装鞋帽,739.21,1,739.21,3.7,银行卡,华南
ORD20260416000087,USER_00048,2026-02-17 11:48:28.264853,服装鞋帽,535.83,3,1607.49,5.0,支付宝,华南
ORD20260416000320,USER_00169,2026-02-17 15:06:30.264853,美妆护肤,454.37,1,454.37,3.1,银行卡,华东
ORD20260416000441,USER_00058,2026-02-17 17:58:21.264853,食品饮料,138.52,3,415.56,4.5,银行卡,华北
ORD20260416000146,USER_00042,2026-02-17 20:05:18.264853,电子产品,2683.7,2,5367.4,4.5,支付宝,华中
ORD20260416000449,USER_00188,2026-02-17 22:20:39.264853,电子产品,2294.97,1,2294.97,4.8,支付宝,西北
ORD20260416000183,USER_00121,2026-02-18 05:43:19.264853,服装鞋帽,463.17,2,926.34,3.1,支付宝,华东
ORD20260416000224,USER_00147,2026-02-18 09:53:14.264853,美妆护肤,632.33,1,632.33,4.7,支付宝,华东
ORD20260416000593,USER_00101,2026-02-18 15:59:19.264853,服装鞋帽,217.91,2,435.82,4.6,支付宝,华东
ORD20260416000181,USER_00190,2026-02-18 17:45:14.264853,家居用品,553.61,2,1107.22,3.4,微信支付,华北
ORD20260416000534,USER_00147,2026-02-18 21:25:50.264853,食品饮料,194.6,2,389.2,4.0,支付宝,华东
ORD20260416000257,USER_00147,2026-02-18 21:43:55.264853,服装鞋帽,285.29,1,285.29,3.0,微信支付,西北
ORD20260416000039,USER_00175,2026-02-19 02:59:53.264853,服装鞋帽,193.75,1,193.75,2.8,微信支付,华南
ORD20260416000526,USER_00101,2026-02-19 05:05:46.264853,食品饮料,81.47,1,81.47,3.7,银行卡,华北
ORD20260416000136,USER_00175,2026-02-19 07:42:44.264853,家居用品,439.61,4,1758.44,4.2,,华南
ORD20260416000384,USER_00018,2026-02-19 11:11:46.264853,食品饮料,61.89,2,123.78,2.9,支付宝,华南
ORD20260416000393,USER_00032,2026-02-19 16:53:32.264853,电子产品,1960.99,4,7843.96,4.0,微信支付,华北
ORD20260416000443,USER_00049,2026-02-20 02:23:44.264853,家居用品,450.66,2,901.32,4.0,支付宝,华东
ORD20260416000121,USER_00135,2026-02-20 03:23:59.264853,食品饮料,141.53,2,283.06,4.1,货到付款,华东
ORD20260416000471,USER_00106,2026-02-20 05:31:50.264853,服装鞋帽,568.39,2,1136.78,4.8,银行卡,华南
ORD20260416000271,USER_00178,2026-02-20 06:49:41.264853,电子产品,2912.21,1,2912.21,4.3,微信支付,华南
ORD20260416000097,USER_00188,2026-02-20 11:23:03.264853,食品饮料,241.13,5,1205.65,3.4,微信支付,华东
ORD20260416000508,USER_00076,2026-02-20 11:56:44.264853,美妆护肤,1110.33,1,1110.33,4.7,支付宝,华东
ORD20260416000335,USER_00176,2026-02-20 18:17:18.264853,家居用品,848.81,3,2546.43,3.5,微信支付,西南
ORD20260416000470,USER_00124,2026-02-20 22:29:19.264853,食品饮料,145.25,3,435.75,3.7,货到付款,华南
ORD20260416000406,USER_00176,2026-02-21 02:18:33.264853,食品饮料,98.88,2,197.76,,支付宝,华北
ORD20260416000003,USER_00093,2026-02-21 11:36:02.264853,电子产品,5000.0,1,5000.0,5.0,银行卡,华北
ORD20260416000170,USER_00134,2026-02-21 12:56:04.264853,服装鞋帽,291.93,3,875.79,4.7,微信支付,华东
ORD20260416000407,USER_00039,2026-02-21 13:01:10.264853,家居用品,937.84,2,1875.68,,支付宝,西北
ORD20260416000495,USER_00118,2026-02-21 17:01:40.264853,服装鞋帽,553.93,1,553.93,3.3,银行卡,华东
ORD20260416000494,USER_00126,2026-02-21 19:45:38.264853,服装鞋帽,800.0,3,2400.0,4.6,信用卡,华北
ORD20260416000056,USER_00009,2026-02-21 22:37:33.264853,电子产品,3879.03,5,19395.15,3.9,微信支付,华北
ORD20260416000171,USER_00028,2026-02-21 23:00:57.264853,服装鞋帽,236.57,2,473.14,4.4,支付宝,华北
ORD20260416000088,USER_00015,2026-02-22 01:43:56.264853,电子产品,3614.17,1,3614.17,4.8,微信支付,华北
ORD20260416000200,USER_00118,2026-02-22 01:51:25.264853,电子产品,1029.48,1,1029.48,4.0,银行卡,华北
ORD20260416000446,USER_00070,2026-02-22 01:56:22.264853,电子产品,1963.77,1,1963.77,3.7,微信支付,华中
ORD20260416000583,USER_00196,2026-02-22 02:02:07.264853,电子产品,4396.07,1,4396.07,4.6,微信支付,华东
ORD20260416000456,USER_00103,2026-02-22 03:27:16.264853,食品饮料,148.39,1,148.39,4.6,支付宝,华东
ORD20260416000365,USER_00046,2026-02-22 06:41:29.264853,电子产品,2149.48,1,2149.48,2.9,支付宝,华北
ORD20260416000455,USER_00005,2026-02-22 10:37:46.264853,电子产品,1408.49,5,7042.45,2.8,货到付款,华南
ORD20260416000479,USER_00058,2026-02-22 11:21:42.264853,食品饮料,67.57,1,67.57,3.9,支付宝,华东
ORD20260416000201,USER_00160,2026-02-22 12:01:37.264853,服装鞋帽,125.78,1,125.78,3.8,支付宝,西南
ORD20260416000289,USER_00009,2026-02-22 12:45:03.264853,服装鞋帽,603.5,3,1810.5,3.7,信用卡,华南
ORD20260416000445,USER_00170,2026-02-22 15:36:07.264853,服装鞋帽,350.11,1,350.11,4.2,支付宝,华东
ORD20260416000089,USER_00200,2026-02-22 16:43:46.264853,美妆护肤,1251.25,5,6256.25,4.1,支付宝,华东
ORD20260416000202,USER_00096,2026-02-22 16:45:57.264853,食品饮料,166.58,3,499.74,2.9,银行卡,华北
ORD20260416000531,USER_00034,2026-02-22 16:53:44.264853,家居用品,718.35,1,718.35,3.9,支付宝,东北
ORD20260416000364,USER_00158,2026-02-22 17:46:56.264853,服装鞋帽,275.55,1,275.55,5.0,微信支付,华东
ORD20260416000288,USER_00160,2026-02-22 19:03:33.264853,家居用品,474.72,3,1424.16,5.0,微信支付,华东
ORD20260416000582,USER_00135,2026-02-22 19:48:01.264853,服装鞋帽,607.75,1,607.75,2.9,支付宝,华北
ORD20260416000532,USER_00180,2026-02-22 19:58:44.264853,服装鞋帽,602.29,4,2409.16,4.2,支付宝,华南
ORD20260416000203,USER_00180,2026-02-22 20:33:41.264853,家居用品,421.83,4,1687.32,3.7,微信支付,华东
ORD20260416000073,USER_00132,2026-02-23 02:34:17.264853,家居用品,1000.0,1,1000.0,3.9,支付宝,华中
ORD20260416000069,USER_00081,2026-02-23 10:14:52.264853,美妆护肤,621.28,5,3106.4,4.1,支付宝,华东
ORD20260416000295,USER_00152,2026-02-23 11:06:14.264853,美妆护肤,1105.18,1,0.01,3.4,微信支付,华东
ORD20260416000079,USER_00054,2026-02-23 16:55:48.264853,服装鞋帽,521.09,2,1042.18,4.9,微信支付,华东
ORD20260416000034,USER_00170,2026-02-23 22:05:26.264853,服装鞋帽,800.0,2,1600.0,4.1,微信支付,西南
ORD20260416000310,USER_00153,2026-02-24 00:46:52.264853,服装鞋帽,549.12,2,1098.24,4.8,信用卡,华东
ORD20260416000051,USER_00018,2026-02-24 14:08:08.264853,食品饮料,300.0,1,300.0,4.5,支付宝,华东
ORD20260416000395,USER_00086,2026-02-24 16:53:45.264853,服装鞋帽,151.63,3,454.89,4.7,微信支付,华南
ORD20260416000416,USER_00135,2026-02-24 17:37:38.264853,电子产品,2122.78,1,2122.78,4.5,微信支付,华东
ORD20260416000500,USER_00016,2026-02-24 20:19:10.264853,电子产品,1175.27,1,1175.27,5.0,支付宝,东北
ORD20260416000375,USER_00095,2026-02-24 21:37:51.264853,食品饮料,180.83,2,361.66,4.1,信用卡,华中
ORD20260416000515,USER_00069,2026-02-24 21:48:45.264853,食品饮料,148.8,1,148.8,3.2,微信支付,华北
ORD20260416000334,USER_00033,2026-02-24 21:59:38.264853,电子产品,2264.12,1,2264.12,3.4,微信支付,华北
ORD20260416000525,USER_00033,2026-02-25 17:47:46.264853,服装鞋帽,665.96,2,1331.92,5.0,微信支付,华东
ORD20260416000501,USER_00189,2026-02-25 20:30:54.264853,食品饮料,103.64,1,103.64,4.6,信用卡,华北
ORD20260416000126,USER_00048,2026-02-25 21:39:44.264853,服装鞋帽,737.79,5,3688.95,3.0,微信支付,华东
ORD20260416000313,USER_00128,2026-02-25 22:21:18.264853,服装鞋帽,375.75,1,375.75,3.2,支付宝,西北
ORD20260416000052,USER_00132,2026-02-26 11:00:24.264853,电子产品,1262.66,4,5050.64,3.9,银行卡,华南
ORD20260416000413,USER_00152,2026-02-26 17:03:38.264853,电子产品,3327.35,3,9982.05,3.7,银行卡,华中
ORD20260416000036,USER_00015,2026-02-26 17:06:09.264853,电子产品,2270.63,2,4541.26,4.9,支付宝,华东
ORD20260416000247,USER_00187,2026-02-26 20:55:35.264853,电子产品,3484.37,1,3484.37,5.0,支付宝,华东
ORD20260416000312,USER_00146,2026-02-26 22:14:03.264853,服装鞋帽,376.54,1,376.54,4.0,微信支付,西北
ORD20260416000490,USER_00122,2026-02-27 00:00:43.264853,食品饮料,69.31,1,69.31,3.7,信用卡,华东
ORD20260416000473,USER_00147,2026-02-27 10:31:29.264853,电子产品,4790.62,1,4790.62,5.0,微信支付,西北
ORD20260416000229,USER_00160,2026-02-27 15:49:48.264853,食品饮料,83.93,2,167.86,3.9,银行卡,华东
ORD20260416000299,USER_00152,2026-02-28 02:34:07.264853,电子产品,3957.55,1,0.01,5.0,支付宝,华东
ORD20260416000262,USER_00161,2026-03-01 04:05:36.264853,电子产品,5000.0,4,20000.0,3.1,支付宝,华北
ORD20260416000468,USER_00013,2026-03-01 12:58:13.264853,家居用品,1000.0,2,2000.0,4.0,微信支付,华北
ORD20260416000469,USER_00114,2026-03-01 13:24:49.264853,食品饮料,123.61,1,123.61,4.7,支付宝,华北
ORD20260416000573,USER_00081,2026-03-01 15:23:46.264853,服装鞋帽,800.0,1,800.0,3.7,银行卡,西南
ORD20260416000063,USER_00188,2026-03-01 17:07:24.264853,电子产品,3614.48,1,3614.48,3.8,微信支付,华南
ORD20260416000075,USER_00134,2026-03-01 17:23:34.264853,家居用品,669.92,1,669.92,4.2,微信支付,华中
ORD20260416000092,USER_00082,2026-03-01 19:48:02.264853,美妆护肤,1011.22,1,1011.22,4.8,银行卡,华东
ORD20260416000572,USER_00035,2026-03-01 21:50:38.264853,食品饮料,250.28,3,750.84,3.9,微信支付,西北
ORD20260416000064,USER_00199,2026-03-01 22:11:14.264853,服装鞋帽,401.73,1,401.73,2.9,支付宝,华北
ORD20260416000261,USER_00052,2026-03-01 22:28:00.264853,食品饮料,224.71,1,224.71,4.3,微信支付,华南
ORD20260416000049,USER_00073,2026-03-02 02:58:44.264853,服装鞋帽,221.03,1,221.03,3.9,银行卡,华北
ORD20260416000505,USER_00022,2026-03-02 16:36:37.264853,美妆护肤,1341.54,1,1341.54,4.9,支付宝,华北
ORD20260416000256,USER_00195,2026-03-02 17:36:48.264853,家居用品,621.05,1,621.05,4.4,支付宝,华东
ORD20260416000135,USER_00101,2026-03-02 17:37:59.264853,电子产品,2879.71,1,2879.71,3.4,信用卡,西南
ORD20260416000482,USER_00117,2026-03-02 18:51:26.264853,家居用品,1000.0,1,1000.0,3.9,信用卡,华南
ORD20260416000579,USER_00162,2026-03-03 05:14:21.264853,服装鞋帽,400.06,1,400.06,5.0,银行卡,华北
ORD20260416000140,USER_00142,2026-03-03 07:35:01.264853,食品饮料,259.93,1,259.93,5.0,微信支付,华南
ORD20260416000102,USER_00045,2026-03-03 07:51:03.264853,服装鞋帽,800.0,2,1600.0,4.2,支付宝,华中
ORD20260416000359,USER_00035,2026-03-03 08:01:22.264853,电子产品,5000.0,1,5000.0,3.9,微信支付,华北
ORD20260416000518,USER_00190,2026-03-03 09:35:18.264853,家居用品,1000.0,2,2000.0,4.3,银行卡,华东
ORD20260416000457,USER_00196,2026-03-03 10:39:24.264853,家居用品,717.66,1,717.66,5.0,微信支付,华南
ORD20260416000193,USER_00137,2026-03-03 14:23:40.264853,家居用品,709.86,1,709.86,4.3,微信支付,华东
ORD20260416000264,USER_00128,2026-03-03 15:13:11.264853,服装鞋帽,542.79,1,542.79,3.4,银行卡,华南
ORD20260416000465,USER_00168,2026-03-03 21:59:33.264853,食品饮料,220.45,4,881.8,,微信支付,华东
ORD20260416000267,USER_00104,2026-03-04 10:28:56.264853,电子产品,2594.22,2,5188.44,5.0,支付宝,华中
ORD20260416000157,USER_00029,2026-03-05 05:11:06.264853,服装鞋帽,698.95,2,1397.9,3.6,微信支付,东北
ORD20260416000149,USER_00063,2026-03-05 08:36:28.264853,服装鞋帽,684.44,5,3422.2,4.3,支付宝,华南
ORD20260416000103,USER_00065,2026-03-05 09:19:28.264853,电子产品,1908.02,3,5724.06,4.1,微信支付,西北
ORD20260416000546,USER_00084,2026-03-05 10:13:55.264853,家居用品,1000.0,1,1000.0,4.7,支付宝,华中
ORD20260416000561,USER_00161,2026-03-05 10:20:11.264853,家居用品,214.54,5,10727.0,4.9,支付宝,华北
ORD20260416000015,USER_00104,2026-03-05 11:01:02.264853,食品饮料,236.98,1,2369.7999999999997,4.1,信用卡,华南
ORD20260416000385,USER_00025,2026-03-05 11:37:17.264853,食品饮料,300.0,2,600.0,4.6,信用卡,西南
ORD20260416000557,USER_00101,2026-03-05 12:13:56.264853,食品饮料,92.53,2,185.06,5.0,信用卡,华北
ORD20260416000258,USER_00148,2026-03-05 16:14:05.264853,电子产品,2801.17,2,5602.34,4.2,货到付款,华东
ORD20260416000553,USER_00161,2026-03-05 20:05:14.264853,美妆护肤,467.02,1,467.02,4.3,微信支付,华北
ORD20260416000369,USER_00124,2026-03-06 09:27:50.264853,电子产品,1375.09,1,1375.09,3.4,支付宝,华南
ORD20260416000242,USER_00198,2026-03-06 12:13:55.264853,美妆护肤,783.96,1,783.96,4.6,微信支付,华南
ORD20260416000597,USER_00099,2026-03-06 15:27:00.264853,食品饮料,213.17,1,213.17,5.0,支付宝,华东
ORD20260416000389,USER_00104,2026-03-06 21:14:20.264853,电子产品,5000.0,1,5000.0,4.6,银行卡,西南
ORD20260416000421,USER_00065,2026-03-07 00:01:26.264853,电子产品,2692.58,1,2692.58,3.9,微信支付,华南
ORD20260416000499,USER_00129,2026-03-07 00:56:33.264853,家居用品,354.19,2,708.38,,微信支付,华南
ORD20260416000207,USER_00052,2026-03-07 02:31:40.264853,服装鞋帽,436.61,2,873.22,2.1,银行卡,华北
ORD20260416000244,USER_00144,2026-03-07 03:16:58.264853,食品饮料,237.7,3,713.1,4.4,微信支付,华南
ORD20260416000436,USER_00063,2026-03-07 04:55:08.264853,食品饮料,185.95,1,185.95,3.9,微信支付,华东
ORD20260416000431,USER_00191,2026-03-07 05:33:51.264853,食品饮料,259.12,3,777.36,3.1,支付宝,西南
ORD20260416000344,USER_00182,2026-03-07 10:06:20.264853,食品饮料,40.15,1,40.15,4.7,支付宝,华中
ORD20260416000430,USER_00032,2026-03-07 10:52:25.264853,服装鞋帽,607.93,1,607.93,3.9,微信支付,华东
ORD20260416000349,USER_00030,2026-03-07 11:31:38.264853,食品饮料,103.81,3,311.43,3.3,支付宝,华中
ORD20260416000422,USER_00008,2026-03-07 12:37:14.264853,美妆护肤,1500.0,3,4500.0,5.0,,华东
ORD20260416000214,USER_00113,2026-03-07 13:17:53.264853,家居用品,194.41,3,583.23,4.0,银行卡,华中
ORD20260416000175,USER_00084,2026-03-07 13:26:07.264853,服装鞋帽,454.28,2,908.56,2.9,支付宝,华北
ORD20260416000215,USER_00184,2026-03-07 16:11:12.264853,电子产品,3393.54,3,10180.62,4.5,信用卡,华东
ORD20260416000343,USER_00051,2026-03-07 16:24:01.264853,家居用品,515.69,2,1031.38,2.8,货到付款,华东
ORD20260416000208,USER_00012,2026-03-07 19:07:07.264853,食品饮料,300.0,1,300.0,2.8,支付宝,华东
ORD20260416000350,USER_00097,2026-03-07 20:35:39.264853,电子产品,815.87,3,2447.61,3.3,货到付款,华南
ORD20260416000498,USER_00117,2026-03-07 21:11:16.264853,美妆护肤,909.36,1,909.36,4.5,微信支付,西南
ORD20260416000437,USER_00190,2026-03-07 22:01:59.264853,食品饮料,212.96,4,851.84,4.2,微信支付,西南
ORD20260416000539,USER_00004,2026-03-07 22:23:56.264853,食品饮料,253.02,3,759.06,4.3,微信支付,华南
ORD20260416000459,USER_00109,2026-03-08 00:35:03.264853,电子产品,3293.47,1,3293.47,4.1,银行卡,华南
ORD20260416000274,USER_00042,2026-03-08 06:37:04.264853,服装鞋帽,685.21,1,685.21,5.0,微信支付,华南
ORD20260416000542,USER_00080,2026-03-08 12:19:23.264853,服装鞋帽,800.0,3,2400.0,4.0,微信支付,华北
ORD20260416000543,USER_00002,2026-03-08 13:20:29.264853,家居用品,532.81,1,532.81,4.2,信用卡,华中
ORD20260416000023,USER_00038,2026-03-08 14:16:13.264853,服装鞋帽,624.07,2,1248.14,5.0,微信支付,东北
ORD20260416000315,USER_00082,2026-03-08 15:45:26.264853,服装鞋帽,210.3,1,210.3,3.6,银行卡,华北
ORD20260416000030,USER_00022,2026-03-08 16:37:33.264853,服装鞋帽,550.52,3,1651.56,2.5,支付宝,西南
ORD20260416000522,USER_00085,2026-03-08 16:58:46.264853,食品饮料,72.08,2,144.16,4.7,支付宝,西北
ORD20260416000024,USER_00130,2026-03-08 19:01:44.264853,美妆护肤,1500.0,2,3000.0,4.1,微信支付,华中
ORD20260416000209,USER_00039,2026-03-08 19:19:46.264853,美妆护肤,932.45,1,932.45,3.9,支付宝,华南
ORD20260416000210,USER_00130,2026-03-08 20:06:10.264853,食品饮料,300.0,2,600.0,4.1,信用卡,华南
ORD20260416000029,USER_00058,2026-03-08 20:20:41.264853,食品饮料,271.74,3,815.22,4.6,微信支付,华东
ORD20260416000460,USER_00116,2026-03-08 20:40:24.264853,电子产品,2797.33,1,2797.33,4.7,微信支付,西南
ORD20260416000316,USER_00194,2026-03-08 22:27:34.264853,电子产品,2283.4,1,2283.4,5.0,支付宝,华南
ORD20260416000523,USER_00039,2026-03-08 23:59:53.264853,美妆护肤,743.67,3,2231.01,3.6,支付宝,华东
ORD20260416000169,USER_00185,2026-03-09 12:58:19.264853,服装鞋帽,604.72,4,2418.88,3.9,信用卡,华南
ORD20260416000031,USER_00089,2026-03-09 15:24:37.264853,服装鞋帽,394.01,1,394.01,4.3,微信支付,华中
ORD20260416000035,USER_00188,2026-03-09 16:11:44.264853,电子产品,2987.48,2,5974.96,2.9,微信支付,华东
ORD20260416000226,USER_00130,2026-03-09 21:30:57.264853,服装鞋帽,447.21,1,447.21,5.0,支付宝,华东
ORD20260416000321,USER_00161,2026-03-09 21:38:12.264853,家居用品,449.82,3,1349.46,4.7,银行卡,华南
ORD20260416000509,USER_00154,2026-03-10 04:54:06.264853,食品饮料,187.37,1,187.37,4.6,银行卡,华东
ORD20260416000108,USER_00129,2026-03-10 11:04:53.264853,食品饮料,59.46,2,118.92,2.8,微信支付,西南
ORD20260416000184,USER_00027,2026-03-10 13:37:47.264853,服装鞋帽,250.24,3,750.72,4.9,微信支付,华南
ORD20260416000068,USER_00035,2026-03-10 16:21:57.264853,家居用品,494.67,1,494.67,4.3,支付宝,华南
ORD20260416000513,USER_00185,2026-03-10 16:33:29.264853,美妆护肤,322.3,1,322.3,4.1,支付宝,华东
ORD20260416000448,USER_00054,2026-03-11 03:23:16.264853,食品饮料,300.0,3,900.0,5.0,微信支付,华南
ORD20260416000588,USER_00120,2026-03-11 08:11:09.264853,服装鞋帽,436.65,1,436.65,3.2,银行卡,华南
ORD20260416000004,USER_00015,2026-03-11 21:27:46.264853,食品饮料,169.57,1,169.57,3.0,微信支付,华东
ORD20260416000514,USER_00029,2026-03-11 21:30:59.264853,家居用品,182.6,1,182.6,3.8,支付宝,华东
ORD20260416000162,USER_00187,2026-03-11 22:34:12.264853,服装鞋帽,800.0,2,1600.0,2.7,支付宝,华南
ORD20260416000086,USER_00095,2026-03-12 20:38:45.264853,电子产品,4659.62,1,4659.62,4.1,微信支付,华南
ORD20260416000567,USER_00141,2026-03-12 20:48:16.264853,美妆护肤,525.92,1,525.92,5.0,支付宝,华北
ORD20260416000236,USER_00145,2026-03-12 21:32:34.264853,电子产品,3707.06,1,3707.06,5.0,微信支付,华东
ORD20260416000275,USER_00099,2026-03-12 22:46:33.264853,电子产品,4551.37,3,13654.11,5.0,支付宝,华中
ORD20260416000111,USER_00139,2026-03-13 07:41:34.264853,电子产品,3508.48,2,7016.96,3.3,微信支付,华南
ORD20260416000100,USER_00157,2026-03-13 12:55:45.264853,服装鞋帽,578.02,1,578.02,5.0,微信支付,华东
ORD20260416000191,USER_00200,2026-03-13 19:32:59.264853,家居用品,464.85,1,464.85,2.8,支付宝,东北
ORD20260416000296,USER_00054,2026-03-13 19:59:28.264853,电子产品,1572.66,2,3145.32,4.1,支付宝,华南
ORD20260416000124,USER_00162,2026-03-14 03:59:47.264853,服装鞋帽,393.86,3,1181.58,4.6,微信支付,华南
ORD20260416000090,USER_00190,2026-03-14 12:29:24.264853,电子产品,954.34,1,954.34,2.4,微信支付,西南
ORD20260416000076,USER_00054,2026-03-14 16:44:33.264853,电子产品,2587.65,1,2587.65,5.0,支付宝,华东
ORD20260416000077,USER_00106,2026-03-14 21:42:39.264853,电子产品,2626.06,3,7878.18,3.4,信用卡,西南
ORD20260416000037,USER_00190,2026-03-14 22:25:20.264853,电子产品,3443.21,4,13772.84,4.5,微信支付,华北
ORD20260416000538,USER_00069,2026-03-15 02:38:49.264853,电子产品,1258.29,1,1258.29,4.6,微信支付,华北
ORD20260416000317,USER_00054,2026-03-15 16:41:35.264853,食品饮料,300.0,1,0.01,4.0,货到付款,西南
ORD20260416000283,USER_00129,2026-03-15 18:40:25.264853,电子产品,1335.55,1,1335.55,4.5,微信支付,华东
ORD20260416000318,USER_00163,2026-03-15 19:01:48.264853,电子产品,5000.0,1,5000.0,3.1,支付宝,华东
ORD20260416000537,USER_00001,2026-03-15 19:25:03.264853,家居用品,388.92,1,388.92,2.6,支付宝,华东
ORD20260416000388,USER_00067,2026-03-16 06:06:51.264853,美妆护肤,239.82,4,959.28,3.5,微信支付,华东
ORD20260416000489,USER_00058,2026-03-16 07:41:57.264853,家居用品,289.92,1,289.92,5.0,微信支付,华东
ORD20260416000398,USER_00127,2026-03-16 11:07:20.264853,电子产品,2057.3,1,2057.3,4.1,信用卡,华北
ORD20260416000403,USER_00161,2026-03-16 13:59:05.264853,家居用品,328.66,4,1314.64,3.5,信用卡,华北
ORD20260416000560,USER_00065,2026-03-17 08:48:18.264853,食品饮料,89.03,1,89.03,3.2,支付宝,华东
ORD20260416000243,USER_00139,2026-03-17 16:19:01.264853,家居用品,731.16,1,731.16,3.3,微信支付,华中
ORD20260416000268,USER_00129,2026-03-17 16:55:46.264853,家居用品,358.75,1,358.75,5.0,支付宝,华南
ORD20260416000017,USER_00131,2026-03-17 17:37:29.264853,电子产品,5000.0,2,10000.0,4.5,银行卡,华中
ORD20260416000248,USER_00070,2026-03-17 22:46:30.264853,服装鞋帽,800.0,3,2400.0,3.2,微信支付,华东
ORD20260416000083,USER_00162,2026-03-18 01:41:33.264853,服装鞋帽,800.0,1,800.0,4.6,银行卡,华东
ORD20260416000010,USER_00122,2026-03-18 03:09:06.264853,服装鞋帽,564.1,2,1128.2,3.6,微信支付,华南
ORD20260416000177,USER_00190,2026-03-18 04:07:14.264853,服装鞋帽,626.24,2,1252.48,5.0,银行卡,华南
ORD20260416000410,USER_00099,2026-03-18 07:20:08.264853,服装鞋帽,433.2,4,1732.8,4.2,支付宝,华南
ORD20260416000329,USER_00136,2026-03-18 09:08:14.264853,家居用品,423.0,2,846.0,3.7,微信支付,西北
ORD20260416000387,USER_00058,2026-03-18 15:13:05.264853,服装鞋帽,380.31,2,760.62,4.0,银行卡,华北
ORD20260416000486,USER_00137,2026-03-18 15:53:18.264853,服装鞋帽,268.56,1,268.56,3.9,支付宝,华中
ORD20260416000569,USER_00095,2026-03-18 21:09:20.264853,食品饮料,300.0,2,6000.0,3.9,微信支付,华东
ORD20260416000328,USER_00128,2026-03-18 21:21:27.264853,服装鞋帽,445.13,3,1335.39,4.1,微信支付,西南
ORD20260416000084,USER_00190,2026-03-19 00:54:12.264853,家居用品,461.22,1,461.22,3.5,支付宝,华东
ORD20260416000377,USER_00188,2026-03-19 10:49:44.264853,食品饮料,178.68,4,714.72,3.3,微信支付,华东
ORD20260416000548,USER_00140,2026-03-19 13:24:12.264853,电子产品,3155.7,1,3155.7,4.3,微信支付,华南
ORD20260416000512,USER_00086,2026-03-19 16:03:55.264853,食品饮料,174.8,1,174.8,3.4,支付宝,华南
ORD20260416000129,USER_00037,2026-03-19 18:26:12.264853,食品饮料,163.97,1,163.97,4.6,支付宝,华北
ORD20260416000153,USER_00132,2026-03-19 19:53:00.264853,电子产品,2521.45,2,5042.9,4.0,支付宝,华东
ORD20260416000527,USER_00023,2026-03-19 21:10:38.264853,美妆护肤,1087.49,2,2174.98,5.0,支付宝,华南
ORD20260416000266,USER_00082,2026-03-19 22:42:33.264853,家居用品,302.11,4,1208.44,5.0,支付宝,华东
ORD20260416000399,USER_00155,2026-03-20 01:24:14.264853,食品饮料,271.2,1,271.2,3.7,支付宝,西南
ORD20260416000363,USER_00172,2026-03-20 03:04:12.264853,食品饮料,237.97,3,713.91,4.5,微信支付,华东
ORD20260416000438,USER_00125,2026-03-20 03:32:09.264853,电子产品,3288.11,1,3288.11,3.7,支付宝,西南
ORD20260416000396,USER_00151,2026-03-20 07:02:34.264853,电子产品,3622.25,2,7244.5,,微信支付,华南
ORD20260416000127,USER_00151,2026-03-20 14:28:50.264853,家居用品,717.06,4,2868.24,5.0,微信支付,华中
ORD20260416000291,USER_00147,2026-03-20 20:40:22.264853,食品饮料,222.43,1,222.43,5.0,支付宝,华东
ORD20260416000188,USER_00003,2026-03-21 00:17:29.264853,服装鞋帽,388.23,2,776.46,5.0,支付宝,华南
ORD20260416000179,USER_00128,2026-03-21 00:28:43.264853,电子产品,896.97,4,3587.88,4.0,银行卡,华北
ORD20260416000600,USER_00152,2026-03-21 11:29:05.264853,服装鞋帽,347.84,1,347.84,4.1,微信支付,华南
ORD20260416000189,USER_00103,2026-03-21 12:45:46.264853,家居用品,448.97,1,448.97,4.3,支付宝,华东
ORD20260416000178,USER_00075,2026-03-21 13:49:51.264853,家居用品,256.34,2,512.68,3.5,支付宝,华北
ORD20260416000147,USER_00124,2026-03-21 20:09:40.264853,电子产品,3306.34,2,6612.68,3.8,银行卡,华中
ORD20260416000058,USER_00053,2026-03-21 20:48:16.264853,美妆护肤,1078.94,1,1078.94,4.3,支付宝,华南
ORD20260416000148,USER_00179,2026-03-21 22:27:59.264853,美妆护肤,731.32,1,731.32,3.6,微信支付,华北
ORD20260416000059,USER_00130,2026-03-21 22:54:48.264853,电子产品,1879.03,1,1879.03,4.3,微信支付,华北
ORD20260416000142,USER_00027,2026-03-22 00:31:12.264853,美妆护肤,1467.48,1,1467.48,3.5,信用卡,华南
ORD20260416000199,USER_00059,2026-03-22 03:12:29.264853,美妆护肤,730.08,1,730.08,5.0,微信支付,华北
ORD20260416000055,USER_00014,2026-03-22 03:43:43.264853,食品饮料,180.23,2,360.46,4.5,微信支付,华东
ORD20260416000580,USER_00115,2026-03-22 06:13:26.264853,家居用品,903.68,1,903.68,4.6,微信支付,西北
ORD20260416000198,USER_00152,2026-03-22 11:01:32.264853,服装鞋帽,145.53,3,436.59,3.8,支付宝,华中
ORD20260416000228,USER_00172,2026-03-22 11:43:19.264853,服装鞋帽,331.6,2,663.2,4.5,微信支付,华中
ORD20260416000428,USER_00098,2026-03-22 12:48:59.264853,服装鞋帽,343.64,4,1374.56,4.0,银行卡,华东
ORD20260416000346,USER_00027,2026-03-22 13:40:48.264853,服装鞋帽,800.0,3,2400.0,4.6,支付宝,东北
ORD20260416000337,USER_00115,2026-03-22 16:46:48.264853,电子产品,4659.62,1,4659.62,3.9,支付宝,华东
ORD20260416000429,USER_00066,2026-03-22 17:20:51.264853,食品饮料,267.65,1,267.65,3.7,支付宝,华北
ORD20260416000345,USER_00008,2026-03-22 18:41:53.264853,服装鞋帽,536.4,2,1072.8,5.0,支付宝,华北
ORD20260416000227,USER_00053,2026-03-22 19:19:36.264853,食品饮料,111.28,1,111.28,3.7,微信支付,华中
ORD20260416000338,USER_00119,2026-03-22 19:33:32.264853,食品饮料,192.76,1,192.76,3.6,微信支付,华中
ORD20260416000581,USER_00105,2026-03-22 22:39:57.264853,服装鞋帽,426.39,1,426.39,3.8,微信支付,西南
ORD20260416000239,USER_00069,2026-03-23 11:01:54.264853,食品饮料,287.78,1,287.78,2.3,银行卡,华东
ORD20260416000074,USER_00002,2026-03-23 15:38:16.264853,食品饮料,94.25,5,471.25,2.4,支付宝,华东
ORD20260416000238,USER_00024,2026-03-23 16:41:43.264853,食品饮料,137.93,1,137.93,2.6,微信支付,华中
ORD20260416000434,USER_00153,2026-03-23 21:41:20.264853,服装鞋帽,800.0,1,800.0,3.2,支付宝,华南
ORD20260416000492,USER_00034,2026-03-24 04:31:41.264853,家居用品,364.83,2,729.66,4.3,微信支付,华南
ORD20260416000466,USER_00052,2026-03-24 05:14:16.264853,家居用品,1000.0,3,3000.0,4.9,信用卡,西南
ORD20260416000450,USER_00101,2026-03-24 11:45:35.264853,家居用品,945.61,1,945.61,3.7,微信支付,华北
ORD20260416000354,USER_00197,2026-03-24 13:59:01.264853,电子产品,2546.53,1,2546.53,5.0,微信支付,华东
ORD20260416000303,USER_00200,2026-03-24 14:52:28.264853,服装鞋帽,103.76,1,103.76,3.9,微信支付,西南
ORD20260416000223,USER_00129,2026-03-25 03:50:34.264853,服装鞋帽,383.57,1,383.57,3.3,微信支付,华南
ORD20260416000139,USER_00005,2026-03-25 11:29:38.264853,电子产品,2604.17,2,5208.34,5.0,信用卡,华东
ORD20260416000386,USER_00054,2026-03-25 17:29:23.264853,家居用品,374.18,1,374.18,3.8,支付宝,华中
ORD20260416000165,USER_00066,2026-03-25 21:46:13.264853,电子产品,1794.33,1,1794.33,4.0,微信支付,西北
ORD20260416000475,USER_00120,2026-03-25 22:17:20.264853,服装鞋帽,349.79,1,349.79,3.9,微信支付,华南
ORD20260416000432,USER_00086,2026-03-26 09:17:39.264853,电子产品,3227.52,2,6455.04,4.8,支付宝,华北
ORD20260416000251,USER_00148,2026-03-26 11:29:40.264853,电子产品,3339.05,2,6678.1,5.0,支付宝,华东
ORD20260416000352,USER_00111,2026-03-26 12:32:58.264853,食品饮料,93.71,1,93.71,3.7,支付宝,华中
ORD20260416000065,USER_00172,2026-03-26 19:40:44.264853,电子产品,1292.73,3,3878.19,3.3,微信支付,华南
ORD20260416000325,USER_00021,2026-03-26 21:00:43.264853,电子产品,2169.53,3,6508.59,3.8,支付宝,华东
ORD20260416000324,USER_00142,2026-03-26 22:03:53.264853,服装鞋帽,413.51,2,827.02,3.7,微信支付,华北
ORD20260416000319,USER_00189,2026-03-26 22:25:24.264853,电子产品,1313.28,2,2626.56,4.1,货到付款,华东
ORD20260416000554,USER_00189,2026-03-27 00:55:10.264853,电子产品,1539.91,2,3079.82,4.2,微信支付,华东
ORD20260416000541,USER_00024,2026-03-27 09:43:59.264853,食品饮料,129.76,1,129.76,4.8,支付宝,西南
ORD20260416000562,USER_00168,2026-03-27 11:40:32.264853,家居用品,239.94,1,239.94,4.4,支付宝,西北
ORD20260416000418,USER_00036,2026-03-28 12:34:06.264853,服装鞋帽,249.93,1,249.93,5.0,微信支付,华南
ORD20260416000078,USER_00004,2026-03-28 13:22:43.264853,服装鞋帽,519.57,2,1039.14,5.0,支付宝,华南
ORD20260416000182,USER_00129,2026-03-28 14:13:06.264853,服装鞋帽,543.39,1,543.39,3.5,支付宝,西南
ORD20260416000417,USER_00057,2026-03-28 19:36:51.264853,电子产品,2019.11,1,2019.11,5.0,,东北
ORD20260416000401,USER_00017,2026-03-28 22:31:27.264853,美妆护肤,704.29,2,1408.58,5.0,银行卡,华东
ORD20260416000400,USER_00130,2026-03-28 22:59:11.264853,家居用品,1000.0,1,1000.0,3.9,微信支付,西北
ORD20260416000378,USER_00116,2026-03-29 11:20:01.264853,美妆护肤,892.05,3,2676.15,4.7,支付宝,华北
ORD20260416000520,USER_00144,2026-03-29 11:54:32.264853,服装鞋帽,611.35,1,611.35,3.7,信用卡,华东
ORD20260416000519,USER_00197,2026-03-29 13:35:29.264853,电子产品,5000.0,1,5000.0,4.0,支付宝,华中
ORD20260416000174,USER_00044,2026-03-29 19:17:14.264853,服装鞋帽,172.84,2,345.68,2.4,支付宝,华南
ORD20260416000379,USER_00191,2026-03-29 22:08:00.264853,服装鞋帽,329.36,1,329.36,4.3,支付宝,华东
ORD20260416000294,USER_00148,2026-03-30 00:14:00.264853,电子产品,3897.8,4,15591.2,5.0,支付宝,华东
ORD20260416000521,USER_00176,2026-03-30 03:51:48.264853,电子产品,2978.99,1,2978.99,3.5,支付宝,华南
ORD20260416000220,USER_00130,2026-03-30 07:05:17.264853,食品饮料,257.47,1,257.47,5.0,微信支付,西北
ORD20260416000478,USER_00092,2026-03-30 08:31:10.264853,美妆护肤,906.03,1,906.03,,微信支付,华南
ORD20260416000591,USER_00164,2026-03-30 10:08:46.264853,服装鞋帽,618.46,3,1855.38,3.7,信用卡,华东
ORD20260416000454,USER_00108,2026-03-30 17:31:07.264853,服装鞋帽,248.47,3,745.41,5.0,银行卡,西南
ORD20260416000114,USER_00163,2026-03-30 17:46:24.264853,食品饮料,100.58,1,100.58,4.6,微信支付,华北
ORD20260416000070,USER_00164,2026-03-30 20:50:47.264853,电子产品,2065.37,1,2065.37,5.0,微信支付,华南
ORD20260416000530,USER_00100,2026-03-31 07:42:48.264853,服装鞋帽,419.12,1,419.12,4.3,银行卡,华南
ORD20260416000391,USER_00024,2026-03-31 09:13:19.264853,食品饮料,162.82,1,162.82,5.0,微信支付,华北
ORD20260416000339,USER_00022,2026-03-31 09:16:21.264853,美妆护肤,1500.0,1,1500.0,3.1,微信支付,华东
ORD20260416000380,USER_00160,2026-03-31 10:51:22.264853,食品饮料,54.95,1,54.95,3.3,银行卡,华东
ORD20260416000042,USER_00108,2026-03-31 11:39:10.264853,电子产品,2095.23,1,2095.23,4.3,微信支付,华北
ORD20260416000230,USER_00198,2026-03-31 15:40:35.264853,食品饮料,124.72,2,249.44,2.9,银行卡,华北
ORD20260416000112,USER_00081,2026-03-31 20:16:23.264853,电子产品,3820.43,1,3820.43,4.3,微信支付,华中
ORD20260416000232,USER_00068,2026-03-31 21:33:35.264853,食品饮料,144.71,1,144.71,5.0,银行卡,华南
ORD20260416000327,USER_00148,2026-03-31 22:54:21.264853,家居用品,222.67,3,668.01,4.7,微信支付,华东
ORD20260416000096,USER_00154,2026-03-31 23:08:14.264853,美妆护肤,531.43,2,1062.86,4.4,支付宝,华北
ORD20260416000117,USER_00123,2026-04-01 09:27:28.264853,家居用品,658.57,2,1317.14,5.0,微信支付,华东
ORD20260416000019,USER_00053,2026-04-01 09:57:21.264853,电子产品,4185.41,1,4185.41,5.0,微信支付,华北
ORD20260416000044,USER_00064,2026-04-01 10:34:53.264853,服装鞋帽,286.93,3,0.01,4.4,支付宝,华东
ORD20260416000491,USER_00001,2026-04-01 20:00:03.264853,食品饮料,121.42,3,364.26,3.3,微信支付,西南
ORD20260416000467,USER_00144,2026-04-01 22:54:08.264853,服装鞋帽,273.02,1,273.02,3.6,支付宝,华南
ORD20260416000158,USER_00036,2026-04-02 02:32:05.264853,服装鞋帽,391.83,1,391.83,3.8,支付宝,东北
ORD20260416000367,USER_00006,2026-04-02 11:11:07.264853,美妆护肤,1059.25,2,2118.5,3.9,支付宝,华中
ORD20260416000132,USER_00104,2026-04-02 21:58:47.264853,服装鞋帽,285.93,1,285.93,3.6,微信支付,华东
ORD20260416000390,USER_00174,2026-04-03 01:26:01.264853,电子产品,2177.82,1,2177.82,4.4,支付宝,华东
ORD20260416000259,USER_00096,2026-04-03 09:19:49.264853,服装鞋帽,516.66,1,516.66,4.1,,华北
ORD20260416000022,USER_00158,2026-04-03 14:31:16.264853,服装鞋帽,582.27,1,582.27,4.7,货到付款,华北
ORD20260416000578,USER_00090,2026-04-03 20:14:55.264853,电子产品,635.8,2,1271.6,5.0,支付宝,华东
ORD20260416000408,USER_00170,2026-04-03 20:30:55.264853,服装鞋帽,286.32,1,286.32,2.9,微信支付,华北
ORD20260416000213,USER_00101,2026-04-04 01:59:41.264853,食品饮料,141.61,2,283.22,3.7,微信支付,华南
ORD20260416000342,USER_00109,2026-04-04 09:13:12.264853,电子产品,2163.85,5,10819.25,4.2,信用卡,华东
ORD20260416000341,USER_00038,2026-04-04 17:31:10.264853,家居用品,623.66,1,623.66,3.2,微信支付,华北
ORD20260416000212,USER_00113,2026-04-04 20:25:02.264853,电子产品,5000.0,1,5000.0,4.2,支付宝,华北
ORD20260416000095,USER_00024,2026-04-05 01:00:52.264853,家居用品,337.58,1,337.58,2.6,微信支付,华南
ORD20260416000094,USER_00053,2026-04-05 21:17:36.264853,食品饮料,160.21,1,160.21,2.8,银行卡,华北
ORD20260416000269,USER_00011,2026-04-06 15:22:43.264853,电子产品,2250.32,1,2250.32,3.8,支付宝,华北
ORD20260416000164,USER_00028,2026-04-06 21:10:51.264853,电子产品,5000.0,1,5000.0,5.0,支付宝,华东
ORD20260416000555,USER_00179,2026-04-06 22:14:47.264853,食品饮料,133.68,1,133.68,4.5,银行卡,华北
ORD20260416000487,USER_00140,2026-04-07 06:29:38.264853,电子产品,5000.0,4,20000.0,2.4,支付宝,华中
ORD20260416000204,USER_00113,2026-04-07 07:48:39.264853,食品饮料,180.07,1,180.07,3.3,微信支付,华北
ORD20260416000533,USER_00138,2026-04-07 20:18:41.264853,电子产品,1995.45,2,3990.9,3.8,支付宝,华南
ORD20260416000246,USER_00124,2026-04-07 21:04:00.264853,服装鞋帽,354.92,1,354.92,3.7,支付宝,西南
ORD20260416000138,USER_00001,2026-04-07 21:09:31.264853,美妆护肤,502.19,2,1004.38,5.0,微信支付,西北
ORD20260416000592,USER_00138,2026-04-08 08:45:39.264853,服装鞋帽,573.47,3,1720.41,3.5,微信支付,华南
ORD20260416000568,USER_00012,2026-04-08 17:45:05.264853,家居用品,631.75,3,1895.25,4.1,信用卡,华中
ORD20260416000172,USER_00028,2026-04-08 22:14:33.264853,食品饮料,166.41,1,166.41,5.0,支付宝,华东
ORD20260416000311,USER_00093,2026-04-08 22:24:35.264853,服装鞋帽,409.54,4,1638.16,3.7,货到付款,华南
ORD20260416000301,USER_00075,2026-04-09 14:02:20.264853,电子产品,3133.17,1,3133.17,4.8,微信支付,华东
ORD20260416000356,USER_00048,2026-04-09 17:07:37.264853,食品饮料,161.75,1,161.75,2.9,微信支付,华南
ORD20260416000011,USER_00075,2026-04-09 20:20:18.264853,美妆护肤,862.37,3,2587.11,4.5,信用卡,华南
ORD20260416000131,USER_00172,2026-04-09 20:39:27.264853,电子产品,1980.69,3,5942.07,5.0,支付宝,华东
ORD20260416000556,USER_00171,2026-04-09 22:41:25.264853,服装鞋帽,736.4,1,736.4,4.6,支付宝,华中
ORD20260416000552,USER_00033,2026-04-10 11:49:32.264853,食品饮料,86.08,3,258.24,3.0,微信支付,华东
ORD20260416000196,USER_00051,2026-04-10 17:19:32.264853,食品饮料,274.24,5,1371.2,,微信支付,华南
ORD20260416000151,USER_00052,2026-04-10 20:03:26.264853,食品饮料,300.0,1,300.0,3.3,微信支付,华南
ORD20260416000559,USER_00067,2026-04-11 05:22:25.264853,电子产品,2798.73,1,2798.73,5.0,支付宝,华东
ORD20260416000503,USER_00191,2026-04-11 05:46:03.264853,食品饮料,82.74,2,165.48,4.7,支付宝,华东
ORD20260416000265,USER_00039,2026-04-11 05:52:49.264853,食品饮料,178.8,1,178.8,3.7,,华南
ORD20260416000451,USER_00008,2026-04-11 11:14:18.264853,服装鞋帽,361.09,1,361.09,4.4,支付宝,西南
ORD20260416000502,USER_00192,2026-04-11 13:18:36.264853,家居用品,1000.0,2,2000.0,5.0,货到付款,华中
ORD20260416000013,USER_00117,2026-04-11 17:17:01.264853,食品饮料,108.85,1,108.85,3.2,微信支付,华南
ORD20260416000452,USER_00053,2026-04-11 18:27:50.264853,服装鞋帽,422.78,2,845.56,4.8,微信支付,华南
ORD20260416000276,USER_00007,2026-04-11 18:54:25.264853,食品饮料,56.85,1,56.85,4.6,支付宝,华中
ORD20260416000308,USER_00112,2026-04-11 19:58:42.264853,电子产品,3806.01,2,7612.02,3.4,支付宝,华东
ORD20260416000307,USER_00084,2026-04-11 20:05:45.264853,服装鞋帽,263.28,2,526.56,3.5,微信支付,华东
ORD20260416000155,USER_00143,2026-04-11 21:13:46.264853,家居用品,333.94,3,1001.82,5.0,支付宝,华东
ORD20260416000156,USER_00171,2026-04-11 22:35:58.264853,美妆护肤,1104.8,2,2209.6,4.9,微信支付,华北
ORD20260416000511,USER_00179,2026-04-12 02:15:57.264853,电子产品,1634.69,1,1634.69,3.3,支付宝,华东
ORD20260416000278,USER_00090,2026-04-12 09:25:07.264853,家居用品,389.52,3,1168.56,4.2,支付宝,华东
ORD20260416000566,USER_00029,2026-04-12 12:42:40.264853,电子产品,4100.65,1,4100.65,3.2,微信支付,华南
ORD20260416000510,USER_00144,2026-04-12 14:13:02.264853,电子产品,5000.0,1,5000.0,3.4,支付宝,华中
ORD20260416000565,USER_00044,2026-04-12 15:23:33.264853,食品饮料,300.0,1,300.0,3.2,支付宝,西南
ORD20260416000594,USER_00152,2026-04-12 16:01:06.264853,食品饮料,127.59,2,255.18,4.4,支付宝,华南
ORD20260416000041,USER_00051,2026-04-12 16:25:28.264853,食品饮料,147.39,1,147.39,3.8,微信支付,华南
ORD20260416000595,USER_00192,2026-04-12 17:44:02.264853,电子产品,2881.01,1,2881.01,4.5,微信支付,西南
ORD20260416000040,USER_00190,2026-04-12 19:50:52.264853,美妆护肤,793.76,1,793.76,4.4,信用卡,华南
ORD20260416000279,USER_00112,2026-04-12 21:48:11.264853,美妆护肤,1180.38,1,1180.38,4.6,微信支付,华东
ORD20260416000544,USER_00128,2026-04-13 10:41:29.264853,食品饮料,75.78,5,378.9,2.6,微信支付,华北
ORD20260416000222,USER_00087,2026-04-13 15:58:02.264853,食品饮料,300.0,1,300.0,2.8,支付宝,华东
ORD20260416000211,USER_00131,2026-04-13 22:03:05.264853,家居用品,160.41,2,320.82,3.8,微信支付,华南
ORD20260416000458,USER_00006,2026-04-13 22:14:49.264853,服装鞋帽,535.89,1,535.89,3.9,信用卡,华东
ORD20260416000154,USER_00151,2026-04-14 02:55:58.264853,电子产品,2086.4,2,4172.8,4.3,信用卡,华东
ORD20260416000012,USER_00088,2026-04-14 05:18:35.264853,美妆护肤,1099.35,2,2198.7,3.2,银行卡,华北
ORD20260416000412,USER_00153,2026-04-14 07:15:59.264853,美妆护肤,622.06,1,622.06,4.4,支付宝,华中
ORD20260416000414,USER_00013,2026-04-14 09:36:38.264853,美妆护肤,1188.14,1,1188.14,5.0,支付宝,华东
ORD20260416000292,USER_00048,2026-04-14 13:10:00.264853,食品饮料,99.1,1,99.1,4.5,微信支付,华南
ORD20260416000488,USER_00129,2026-04-14 16:24:36.264853,电子产品,1585.71,1,1585.71,5.0,银行卡,华北
ORD20260416000062,USER_00111,2026-04-14 20:36:53.264853,家居用品,1000.0,2,2000.0,5.0,信用卡,华东
ORD20260416000507,USER_00195,2026-04-15 00:37:45.264853,服装鞋帽,518.83,1,5188.3,4.3,支付宝,华北
ORD20260416000255,USER_00090,2026-04-15 01:36:46.264853,服装鞋帽,216.74,1,216.74,4.0,信用卡,西南
ORD20260416000071,USER_00050,2026-04-15 05:58:22.264853,家居用品,672.99,3,2018.97,4.0,微信支付,华中
ORD20260416000484,USER_00023,2026-04-15 06:43:12.264853,食品饮料,88.11,1,88.11,2.1,微信支付,华南
ORD20260416000529,USER_00069,2026-04-15 08:09:49.264853,服装鞋帽,506.25,1,506.25,4.2,支付宝,华东
ORD20260416000122,USER_00072,2026-04-15 11:07:58.264853,服装鞋帽,463.48,2,926.96,4.3,微信支付,华北
ORD20260416000298,USER_00161,2026-04-15 11:43:37.264853,服装鞋帽,422.1,2,844.2,3.1,支付宝,华东
ORD20260416000260,USER_00199,2026-04-15 23:08:36.264853,家居用品,1000.0,1,1000.0,3.6,微信支付,华东
ORD20260416000361,USER_00049,2026-04-15 23:22:29.264853,服装鞋帽,800.0,2,1600.0,4.9,微信支付,华东
ORD20260416000533,USER_00138,2026-04-07 20:18:41.264853,电子产品,1995.45,2,3990.9,3.8,支付宝,华南
ORD20260416000042,USER_00108,2026-03-31 11:39:10.264853,电子产品,2095.23,1,2095.23,4.3,微信支付,华北
ORD20260416000210,USER_00130,2026-03-08 20:06:10.264853,食品饮料,300.0,2,600.0,4.1,信用卡,华南
ORD20260416000390,USER_00174,2026-04-03 01:26:01.264853,电子产品,2177.82,1,2177.82,4.4,支付宝,华东
ORD20260416000510,USER_00144,2026-04-12 14:13:02.264853,电子产品,5000.0,1,5000.0,3.4,支付宝,华中
ORD20260416000350,USER_00097,2026-03-07 20:35:39.264853,电子产品,815.87,3,2447.61,3.3,货到付款,华南
ORD20260416000070,USER_00164,2026-03-30 20:50:47.264853,电子产品,2065.37,1,2065.37,5.0,微信支付,华南
ORD20260416000516,USER_00047,2026-01-30 06:23:44.264853,电子产品,3608.49,1,3608.49,4.8,支付宝,华北
ORD20260416000377,USER_00188,2026-03-19 10:49:44.264853,食品饮料,178.68,4,714.72,3.3,微信支付,华东
ORD20260416000015,USER_00104,2026-03-05 11:01:02.264853,食品饮料,236.98,1,2369.7999999999997,4.1,信用卡,华南
ORD20260416000167,USER_00045,2026-01-18 21:43:55.264853,美妆护肤,668.68,4,2674.72,4.3,银行卡,华南
ORD20260416000559,USER_00067,2026-04-11 05:22:25.264853,电子产品,2798.73,1,2798.73,5.0,支付宝,华东
ORD20260416000098,USER_00124,2026-02-03 09:57:36.264853,食品饮料,139.01,2,278.02,3.2,支付宝,华南
ORD20260416000035,USER_00188,2026-03-09 16:11:44.264853,电子产品,2987.48,2,5974.96,2.9,微信支付,华东
ORD20260416000480,USER_00183,2026-02-07 10:27:28.264853,服装鞋帽,800.0,3,2400.0,3.2,支付宝,华南
ORD20260416000077,USER_00106,2026-03-14 21:42:39.264853,电子产品,2626.06,3,7878.18,3.4,信用卡,西南
ORD20260416000282,USER_00002,2026-01-29 22:13:52.264853,服装鞋帽,260.68,1,260.68,3.3,信用卡,华南
ORD20260416000026,USER_00188,2026-01-31 17:45:03.264853,家居用品,321.97,5,1609.85,5.0,微信支付,华东
