customer_id,first_purchase,last_purchase,purchase_count,total_spent,avg_order_value,order_value_std,total_quantity,unique_products,preferred_category,avg_purchase_interval,days_since_last_purchase,activity_status
C000001,2023-02-08,2023-10-24,6,10547.45,1757.9083333333335,1549.1056827914185,28,6,图书,51.6,68,近期活跃
C000002,2023-07-03,2023-12-03,5,8053.26,1610.652,1485.6690132798758,22,5,服装,38.25,28,活跃
C000003,2023-06-04,2023-11-06,6,16710.59,2785.0983333333334,2788.7544166556986,29,6,玩具,31.0,55,近期活跃
C000004,2023-02-02,2023-08-02,4,7097.23,1774.3075,830.7950578963503,19,4,电子产品,60.333333333333336,151,沉睡
C000005,2023-05-09,2023-09-28,3,1117.31,372.43666666666667,246.49802237205333,4,3,服装,71.0,94,沉睡
C000006,2023-06-03,2023-08-20,2,7124.08,3562.04,3635.490520521268,9,2,家居,78.0,133,沉睡
C000007,2023-01-18,2023-10-13,6,8394.32,1399.0533333333333,1112.2028344805935,19,5,玩具,53.6,79,近期活跃
C000008,2023-03-28,2023-11-20,5,3311.28,662.2560000000001,249.05583436249796,18,5,图书,59.25,41,近期活跃
C000009,2023-04-16,2023-11-05,6,7344.33,1224.055,1258.2032520821108,32,6,服装,40.6,56,近期活跃
C000010,2023-04-01,2023-06-11,3,3060.8,1020.2666666666668,1114.5279302167953,6,3,图书,35.5,203,流失
C000011,2023-01-20,2023-12-05,8,5468.97,683.62125,491.94557310561737,26,6,家居,45.57142857142857,26,活跃
C000012,2023-01-04,2023-12-26,7,14918.52,2131.217142857143,1522.0052956403088,29,7,食品,59.333333333333336,5,活跃
C000013,2023-01-13,2023-07-28,4,4499.7,1124.925,654.2422520493969,11,4,服装,65.33333333333333,156,沉睡
C000014,2023-01-05,2023-11-20,6,4675.8099999999995,779.3016666666666,425.8614337747275,24,6,家居,63.8,41,近期活跃
C000015,2023-04-05,2023-10-06,5,5333.049999999999,1066.61,923.4234922558554,16,5,家居,46.0,86,近期活跃
C000016,2023-01-23,2023-10-16,5,4824.44,964.8879999999999,545.9926599048746,10,5,图书,66.5,76,近期活跃
C000017,2023-05-23,2023-11-17,5,5661.05,1132.21,437.955358741048,25,5,家居,44.5,44,近期活跃
C000018,2023-01-03,2023-09-23,7,10620.4,1517.2,1225.9410424241453,30,6,图书,43.833333333333336,99,沉睡
C000019,2023-01-01,2023-11-29,9,15152.74,1683.6377777777777,1430.956164386053,26,8,服装,41.5,32,近期活跃
C000020,2023-05-09,2023-12-25,3,3716.71,1238.9033333333334,399.2260218639728,7,3,玩具,115.0,6,活跃
C000021,2023-02-02,2023-11-24,7,7268.92,1038.4171428571428,825.6499932520697,18,7,服装,49.166666666666664,37,近期活跃
C000022,2023-04-11,2023-11-13,5,6666.33,1333.266,1251.4950282282387,21,4,图书,54.0,48,近期活跃
C000023,2023-01-30,2023-08-07,4,7776.2,1944.05,1288.6479254888307,13,4,图书,63.0,146,沉睡
C000024,2023-01-05,2023-11-17,8,20093.23,2511.65375,2524.3217804049436,34,7,食品,45.142857142857146,44,近期活跃
C000025,2023-01-17,2023-11-06,7,13464.66,1923.5228571428572,1873.6774848651182,30,7,家居,48.833333333333336,55,近期活跃
C000026,2023-10-01,2023-10-22,2,1126.17,563.085,159.4737923610021,6,2,图书,21.0,70,近期活跃
C000027,2023-04-06,2023-10-16,5,8541.57,1708.3139999999999,1251.8527381365589,17,5,服装,48.25,76,近期活跃
C000028,2023-01-04,2023-07-17,4,6515.6900000000005,1628.9225000000001,602.0215405545442,20,4,服装,64.66666666666667,167,沉睡
C000029,2023-03-13,2023-10-27,5,9343.75,1868.75,1319.6919587540117,14,5,食品,57.0,65,近期活跃
C000030,2023-03-29,2023-08-25,7,10302.63,1471.8042857142857,892.3474109309882,27,7,图书,24.833333333333332,128,沉睡
C000031,2023-02-26,2023-11-06,5,8136.75,1627.35,890.622081974167,13,5,电子产品,63.25,55,近期活跃
C000032,2023-01-13,2023-12-09,6,11494.13,1915.6883333333333,1855.6927688215703,20,6,服装,66.0,22,活跃
C000033,2023-02-26,2023-11-19,11,18754.38,1704.9436363636364,2173.7173012711323,50,10,食品,26.6,42,近期活跃
C000034,2023-02-15,2023-12-16,5,12481.24,2496.248,2138.877200161337,24,4,图书,76.0,15,活跃
C000035,2023-08-13,2023-10-10,2,4111.610000000001,2055.8050000000003,2655.9425676113556,9,2,电子产品,58.0,82,近期活跃
C000036,2023-01-15,2023-04-28,2,2077.65,1038.825,546.0914960425589,7,2,运动,103.0,247,流失
C000037,2023-01-21,2023-10-22,7,8048.54,1149.7914285714285,1021.5696969276997,25,7,家居,45.666666666666664,70,近期活跃
C000038,2023-04-26,2023-07-12,2,2640.33,1320.165,680.8519064010909,5,2,服装,77.0,172,沉睡
C000039,2023-07-20,2023-12-19,3,8868.45,2956.15,1057.8505169918856,16,3,服装,76.0,12,活跃
C000040,2023-01-17,2023-09-10,4,6134.48,1533.62,684.6466278307372,15,3,家居,78.66666666666667,112,沉睡
C000041,2023-01-07,2023-07-10,7,7627.88,1089.6971428571428,798.5325637842265,16,7,图书,30.666666666666668,174,沉睡
C000042,2023-06-23,2023-07-18,3,6647.160000000001,2215.7200000000003,3165.671400872175,11,3,图书,12.5,166,沉睡
C000043,2023-02-10,2023-12-02,10,22914.920000000002,2291.492,1969.4034627820117,34,9,服装,32.77777777777778,29,活跃
C000044,2023-01-08,2023-12-20,5,22955.82,4591.164,3286.1576350625664,27,4,电子产品,86.5,11,活跃
C000045,2023-02-20,2023-10-30,7,9635.84,1376.5485714285714,909.4375764802584,21,6,食品,42.0,62,近期活跃
C000046,2023-02-18,2023-08-26,4,8171.49,2042.8725,1898.4400487483574,13,4,电子产品,63.0,127,沉睡
C000047,2023-03-18,2023-09-11,10,16865.77,1686.577,1132.8750016567974,31,10,家居,19.666666666666668,111,沉睡
C000048,2023-01-13,2023-11-19,6,6549.71,1091.6183333333333,1076.2002719645943,16,6,食品,62.0,42,近期活跃
C000049,2023-02-11,2023-12-19,5,6036.79,1207.358,772.622834583602,18,5,图书,77.75,12,活跃
C000050,2023-01-19,2023-07-27,9,22526.82,2502.98,1514.2605207493195,30,9,家居,23.625,157,沉睡
C000051,2023-02-15,2023-11-18,4,3864.71,966.1775,519.6005444810464,14,3,图书,92.0,43,近期活跃
C000052,2023-01-04,2023-12-23,8,12278.41,1534.80125,1156.1618796250868,23,7,图书,50.42857142857143,8,活跃
C000053,2023-03-25,2023-12-23,8,14878.42,1859.8025,974.6660191463388,33,8,家居,39.0,8,活跃
C000054,2023-01-20,2023-08-21,5,10923.89,2184.778,1910.955302910039,17,5,食品,53.25,132,沉睡
C000055,2023-02-12,2023-09-20,7,7655.75,1093.6785714285713,823.8482037250263,23,6,食品,36.666666666666664,102,沉睡
C000056,2023-02-19,2023-12-13,5,9731.32,1946.264,966.6198694316188,20,5,家居,74.25,18,活跃
C000057,2023-01-20,2023-12-23,7,12348.17,1764.0242857142857,1513.9727622258945,29,7,食品,56.166666666666664,8,活跃
C000058,2023-03-21,2023-12-26,7,16306.27,2329.467142857143,1350.6867392023744,32,5,家居,46.666666666666664,5,活跃
C000059,2023-05-08,2023-12-22,7,9832.69,1404.67,1046.9964813376087,28,7,玩具,38.0,9,活跃
C000060,2023-03-11,2023-11-15,6,11754.55,1959.0916666666665,1768.9798942375426,27,6,玩具,49.8,46,近期活跃
C000061,2023-03-08,2023-12-15,7,17803.03,2543.29,2173.9725871393443,33,6,家居,47.0,16,活跃
C000062,2023-05-24,2023-09-16,6,9204.77,1534.1283333333333,929.5546693211038,19,6,家居,23.0,106,沉睡
C000063,2023-07-24,2023-12-28,7,14111.08,2015.8685714285714,1557.5391894419927,29,7,家居,26.166666666666668,3,活跃
C000064,2023-05-22,2023-10-08,4,9257.46,2314.365,1875.555766353003,15,4,服装,46.333333333333336,84,近期活跃
C000065,2023-07-20,2023-10-15,2,825.56,412.78,112.26027258117634,5,2,服装,87.0,77,近期活跃
C000066,2023-03-09,2023-12-08,4,3445.61,861.4025,865.6280149261574,9,4,家居,91.33333333333333,23,活跃
C000067,2023-01-16,2023-12-24,8,8237.11,1029.63875,1130.5855024144096,29,8,电子产品,48.857142857142854,7,活跃
C000068,2023-03-25,2023-11-09,5,11787.43,2357.486,1971.3661919541992,22,4,玩具,57.25,52,近期活跃
C000069,2023-04-05,2023-12-15,9,24254.15,2694.9055555555556,3108.6579937012657,45,8,电子产品,31.75,16,活跃
C000070,2023-02-01,2023-07-13,5,3136.85,627.37,250.90888067184866,20,4,家居,40.5,171,沉睡
C000071,2023-06-04,2023-12-17,3,13349.77,4449.923333333333,3166.0366115434185,23,3,服装,98.0,14,活跃
C000072,2023-01-07,2023-08-29,5,5593.32,1118.664,659.8871668171763,22,3,家居,58.5,124,沉睡
C000073,2023-02-08,2023-12-18,4,4890.389999999999,1222.5974999999999,882.3436955584069,11,4,玩具,104.33333333333333,13,活跃
C000074,2023-02-23,2023-10-14,3,2363.8599999999997,787.9533333333333,902.1836194663109,6,3,家居,116.5,78,近期活跃
C000075,2023-03-19,2023-12-26,3,4913.4,1637.8,805.1377025701875,8,3,家居,141.0,5,活跃
C000076,2023-03-31,2023-12-18,6,10067.49,1677.915,1268.0588274327024,20,5,美妆,52.4,13,活跃
C000077,2023-04-22,2023-11-10,5,10583.79,2116.7580000000003,578.0596130331196,22,4,服装,50.5,51,近期活跃
C000078,2023-02-15,2023-11-23,7,12421.76,1774.537142857143,1148.2409036683646,25,6,家居,46.833333333333336,38,近期活跃
C000079,2023-01-07,2023-12-16,6,7391.45,1231.9083333333333,888.4086677743901,19,6,家居,68.6,15,活跃
C000080,2023-05-18,2023-12-01,2,4007.2700000000004,2003.6350000000002,960.8661917509638,14,2,家居,197.0,30,活跃
C000081,2023-01-08,2023-09-20,8,10726.119999999999,1340.7649999999999,1239.3938124398903,28,7,玩具,36.42857142857143,102,沉睡
C000082,2023-03-14,2023-12-31,8,14015.119999999999,1751.8899999999999,1085.0197690233244,28,8,服装,41.714285714285715,0,活跃
C000083,2023-07-01,2023-11-21,5,6152.5,1230.5,1791.5743904873168,18,5,电子产品,35.75,40,近期活跃
C000084,2023-02-18,2023-09-10,3,2682.38,894.1266666666667,522.1928701479305,8,2,家居,102.0,112,沉睡
C000085,2023-05-26,2023-10-06,4,6791.67,1697.9175,1350.537298272432,18,4,图书,44.333333333333336,86,近期活跃
C000086,2023-03-11,2023-12-17,6,8440.35,1406.7250000000001,1080.2346164560734,19,6,电子产品,56.2,14,活跃
C000087,2023-02-21,2023-11-19,3,2919.43,973.1433333333333,1278.1816600676655,8,3,电子产品,135.5,42,近期活跃
C000088,2023-01-13,2023-10-27,6,9169.64,1528.2733333333333,1005.7798103693804,20,5,家居,57.4,65,近期活跃
C000089,2023-02-25,2023-12-15,5,13787.84,2757.568,1469.788178299853,29,5,服装,73.25,16,活跃
C000090,2023-01-29,2023-11-06,7,10582.68,1511.8114285714287,909.4636471281407,24,7,玩具,46.833333333333336,55,近期活跃
C000091,2023-08-17,2023-11-22,2,8486.36,4243.18,92.9421153191592,12,2,玩具,97.0,39,近期活跃
C000092,2023-02-14,2023-11-19,7,8815.47,1259.3528571428571,912.2912030653788,23,7,电子产品,46.333333333333336,42,近期活跃
C000093,2023-01-10,2023-12-24,8,10349.36,1293.67,1181.350914431682,29,8,服装,49.714285714285715,7,活跃
C000094,2023-02-11,2023-12-11,3,4653.71,1551.2366666666667,1828.6611478437806,7,3,食品,151.5,20,活跃
C000095,2023-01-01,2023-12-30,10,27276.3,2727.63,2065.8906920852432,57,9,电子产品,40.333333333333336,1,活跃
C000096,2023-11-10,2023-12-05,2,5874.66,2937.33,3345.9161514897532,18,2,图书,25.0,26,活跃
C000097,2023-01-08,2023-12-27,6,13302.28,2217.0466666666666,2483.7958908869036,28,6,家居,70.6,4,活跃
C000098,2023-09-17,2023-11-17,3,3698.54,1232.8466666666666,759.772333356074,10,3,服装,30.5,44,近期活跃
C000099,2023-12-20,2023-12-20,2,3047.29,1523.645,710.2816906340753,10,2,家居,0.0,11,活跃
C000100,2023-03-25,2023-10-30,5,8558.25,1711.65,769.7583539981881,17,5,服装,54.75,62,近期活跃
C000101,2023-03-18,2023-09-17,3,6713.93,2237.976666666667,1279.376961115579,12,3,服装,91.5,105,沉睡
C000102,2023-03-06,2023-07-15,2,3333.7999999999997,1666.8999999999999,1216.9166282864244,5,2,家居,131.0,169,沉睡
C000103,2023-02-01,2023-12-03,7,15288.400000000001,2184.057142857143,3148.260494874984,27,7,图书,50.833333333333336,28,活跃
C000104,2023-03-26,2023-12-14,7,13722.64,1960.3771428571429,1777.9521741572455,32,7,图书,43.833333333333336,17,活跃
C000105,2023-01-13,2023-07-15,2,7747.610000000001,3873.8050000000003,1066.6635083520953,9,2,图书,183.0,169,沉睡
C000106,2023-03-28,2023-08-25,5,8283.36,1656.672,2020.1670701380124,19,3,家居,37.5,128,沉睡
C000107,2023-05-08,2023-11-21,7,16708.82,2386.9742857142855,1910.8466787077846,36,7,家居,32.833333333333336,40,近期活跃
C000108,2023-01-03,2023-12-24,7,13545.130000000001,1935.0185714285715,1645.169257122486,28,7,玩具,59.166666666666664,7,活跃
C000109,2023-03-09,2023-09-11,5,7632.48,1526.4959999999999,1104.5513105465043,18,5,电子产品,46.5,111,沉睡
C000110,2023-03-01,2023-07-29,5,7412.49,1482.498,1512.4762986969417,20,5,家居,37.5,155,沉睡
C000111,2023-01-06,2023-11-04,4,10075.84,2518.96,1703.8678051030445,21,4,食品,100.66666666666667,57,近期活跃
C000112,2023-03-05,2023-10-31,7,5630.86,804.4085714285713,373.3740920055279,18,6,图书,40.0,61,近期活跃
C000113,2023-02-15,2023-10-21,7,15210.33,2172.904285714286,1662.0537789018454,31,7,玩具,41.333333333333336,71,近期活跃
C000114,2023-03-24,2023-12-08,5,3030.79,606.158,254.07547996609196,12,5,电子产品,64.75,23,活跃
C000115,2023-01-16,2023-12-19,6,12192.94,2032.1566666666668,1312.2582507519876,23,6,玩具,67.4,12,活跃
C000116,2023-03-01,2023-10-31,6,9402.09,1567.015,910.2161886661871,21,6,食品,48.8,61,近期活跃
C000117,2023-01-05,2023-12-11,8,18781.03,2347.62875,1890.7667516678252,38,8,食品,48.57142857142857,20,活跃
C000118,2023-02-04,2023-09-08,6,8145.21,1357.535,860.5314107398985,30,6,图书,43.2,114,沉睡
C000119,2023-10-23,2023-10-23,1,3119.56,3119.56,,4,1,图书,0.0,69,近期活跃
C000120,2023-04-16,2023-10-31,2,2710.3799999999997,1355.1899999999998,1434.3519635012879,4,2,家居,198.0,61,近期活跃
C000121,2023-04-17,2023-10-31,5,9841.63,1968.3259999999998,1004.8624591106983,19,5,食品,49.25,61,近期活跃
C000122,2023-01-10,2023-12-01,5,10656.94,2131.388,2371.3737460109487,24,5,食品,81.25,30,活跃
C000123,2023-02-16,2023-05-03,3,2729.04,909.68,892.9569823905292,7,3,图书,38.0,242,流失
C000124,2023-01-09,2023-12-04,9,13272.35,1474.7055555555555,1985.5273801065493,34,8,家居,41.125,27,活跃
C000125,2023-02-24,2023-06-21,6,6529.41,1088.235,956.593382012441,20,5,电子产品,23.4,193,流失
C000126,2023-01-04,2023-07-13,4,5171.009999999999,1292.7524999999998,844.6570902788499,17,4,图书,63.333333333333336,171,沉睡
C000127,2023-02-19,2023-02-19,1,478.46,478.46,,1,1,服装,0.0,315,流失
C000128,2023-01-26,2023-11-30,8,19411.54,2426.4425,2217.1874387530443,35,8,图书,44.0,31,近期活跃
C000129,2023-01-29,2023-10-25,7,12556.51,1793.787142857143,1142.3451162807482,24,5,电子产品,44.833333333333336,67,近期活跃
C000130,2023-05-26,2023-10-23,5,9100.51,1820.102,1821.5055033735143,16,5,图书,37.5,69,近期活跃
C000131,2023-01-03,2023-11-02,5,9580.52,1916.104,1393.733248197086,21,5,电子产品,75.75,59,近期活跃
C000132,2023-01-31,2023-10-16,7,6707.58,958.2257142857143,777.6796588754083,16,6,电子产品,43.0,76,近期活跃
C000133,2023-01-02,2023-10-27,6,11978.1,1996.3500000000001,1121.0067591589268,21,4,家居,59.6,65,近期活跃
C000134,2023-02-06,2023-09-23,3,4548.12,1516.04,1256.1128708440176,6,2,电子产品,114.5,99,沉睡
C000135,2023-04-01,2023-10-23,5,9312.14,1862.4279999999999,663.4857779711634,21,4,图书,51.25,69,近期活跃
C000136,2023-02-17,2023-05-07,4,9082.1,2270.525,1313.7469515473672,16,4,图书,26.333333333333332,238,流失
C000137,2023-03-20,2023-05-25,3,4000.66,1333.5533333333333,147.41817707912855,9,3,家居,33.0,220,流失
C000138,2023-03-11,2023-12-07,5,7963.139999999999,1592.628,1271.9479974314988,17,5,服装,67.75,24,活跃
C000139,2023-02-12,2023-11-03,5,12463.91,2492.782,1373.5364392581655,23,5,家居,66.0,58,近期活跃
C000140,2023-02-06,2023-10-11,6,7841.860000000001,1306.9766666666667,761.605182484118,17,6,服装,49.4,81,近期活跃
C000141,2023-01-02,2023-12-24,4,6675.03,1668.7575,1207.4069682967988,18,4,食品,118.66666666666667,7,活跃
C000142,2023-01-22,2023-06-05,4,8037.0,2009.25,523.0381671860414,12,4,服装,44.666666666666664,209,流失
C000143,2023-01-14,2023-01-14,1,2251.6,2251.6,,4,1,服装,0.0,351,流失
C000144,2023-01-19,2023-12-15,7,8896.8,1270.9714285714285,817.5951965251217,21,7,图书,55.0,16,活跃
C000145,2023-01-09,2023-07-05,7,12909.900000000001,1844.2714285714287,1821.3418390793508,27,5,服装,29.5,179,沉睡
C000146,2023-05-20,2023-09-19,3,4619.63,1539.8766666666668,646.7046247193019,10,3,玩具,61.0,103,沉睡
C000147,2023-04-13,2023-12-13,4,8806.11,2201.5275,2536.9611289280065,21,3,家居,81.33333333333333,18,活跃
C000148,2023-04-16,2023-11-21,5,5803.89,1160.778,759.2560484579625,18,5,服装,54.75,40,近期活跃
C000149,2023-03-19,2023-11-08,6,12414.17,2069.028333333333,2135.572969752302,22,5,图书,46.8,53,近期活跃
C000150,2023-02-20,2023-09-18,4,11102.470000000001,2775.6175000000003,2376.0588655639403,16,4,家居,70.0,104,沉睡
C000151,2023-01-09,2023-09-27,5,13779.289999999999,2755.8579999999997,1957.3830997712225,25,5,服装,65.25,95,沉睡
C000152,2023-01-12,2023-08-27,4,6894.68,1723.67,764.2118219010573,16,4,家居,75.66666666666667,126,沉睡
C000153,2023-04-01,2023-10-30,8,18352.68,2294.085,1292.1218037564636,33,8,服装,30.285714285714285,62,近期活跃
C000154,2023-03-23,2023-10-04,5,10015.64,2003.128,916.1061992858689,25,5,玩具,48.75,88,近期活跃
C000155,2023-01-20,2023-12-30,7,13245.86,1892.2657142857145,1367.5283599601282,26,7,图书,57.333333333333336,1,活跃
C000156,2023-04-14,2023-10-04,4,6188.21,1547.0525,781.0479963645,13,3,服装,57.666666666666664,88,近期活跃
C000157,2023-01-20,2023-10-26,5,5890.62,1178.124,1103.338151624424,13,5,图书,69.75,66,近期活跃
C000158,2023-01-19,2023-09-08,7,14015.79,2002.2557142857145,1225.7772744243705,26,7,服装,38.666666666666664,114,沉睡
C000159,2023-02-08,2023-05-18,6,6073.92,1012.32,994.6924301712565,14,6,电子产品,19.8,227,流失
C000160,2023-01-25,2023-11-16,3,4065.92,1355.3066666666666,488.60223590701395,9,3,图书,147.5,45,近期活跃
C000161,2023-01-07,2023-12-27,6,18612.579999999998,3102.0966666666664,2650.1797923436566,29,6,电子产品,70.8,4,活跃
C000162,2023-01-21,2023-11-14,7,15361.23,2194.4614285714283,2365.5344588656812,22,6,玩具,49.5,47,近期活跃
C000163,2023-07-28,2023-12-17,7,12517.03,1788.1471428571429,1581.2133661602438,30,6,图书,23.666666666666668,14,活跃
C000164,2023-05-15,2023-10-17,4,3604.94,901.235,735.0285000143418,10,4,家居,51.666666666666664,75,近期活跃
C000165,2023-04-20,2023-12-16,4,8023.83,2005.9575,1623.4477152524296,20,4,图书,80.0,15,活跃
C000166,2023-01-12,2023-07-07,6,14471.22,2411.87,2614.5891789112875,30,6,图书,35.2,177,沉睡
C000167,2023-01-25,2023-08-21,5,8217.470000000001,1643.4940000000001,870.4471059633664,16,4,电子产品,52.0,132,沉睡
C000168,2023-01-01,2023-10-23,5,7433.6,1486.72,1362.1335983118543,13,5,运动,73.75,69,近期活跃
C000169,2023-05-25,2023-10-24,4,5849.54,1462.385,1470.9301028600917,11,4,图书,50.666666666666664,68,近期活跃
C000170,2023-01-13,2023-12-31,8,24943.96,3117.995,2182.946025057488,48,8,服装,50.285714285714285,0,活跃
C000171,2023-01-04,2023-11-25,6,11860.34,1976.7233333333334,1649.1522800598696,23,6,电子产品,65.0,36,近期活跃
C000172,2023-04-23,2023-12-06,2,3237.7200000000003,1618.8600000000001,929.8171329890625,13,2,家居,227.0,25,活跃
C000173,2023-05-01,2023-08-30,2,596.66,298.33,193.4502731970157,4,2,图书,121.0,123,沉睡
C000174,2023-08-15,2023-10-23,2,1195.67,597.835,73.98458251554842,10,2,家居,69.0,69,近期活跃
C000175,2023-01-11,2023-12-27,9,14312.89,1590.3211111111111,811.0424519475605,46,9,食品,43.75,4,活跃
C000176,2023-03-09,2023-12-16,2,1414.69,707.345,563.4014700460054,4,2,图书,282.0,15,活跃
C000177,2023-06-03,2023-12-14,4,4557.64,1139.41,618.6638054711137,13,4,食品,64.66666666666667,17,活跃
C000178,2023-02-01,2023-11-25,5,9205.0,1841.0,1458.7954575779293,19,5,家居,74.25,36,近期活跃
C000179,2023-05-09,2023-11-23,3,4996.6,1665.5333333333335,2130.2857883939737,16,3,图书,99.0,38,近期活跃
C000180,2023-01-17,2023-06-29,6,11897.3,1982.8833333333332,1823.5899787031806,22,6,食品,32.6,185,流失
C000181,2023-05-24,2023-05-24,1,1920.7,1920.7,,3,1,食品,0.0,221,流失
C000182,2023-01-01,2023-12-19,8,14392.56,1799.07,1587.2472837678984,35,8,家居,50.285714285714285,12,活跃
C000183,2023-06-05,2023-11-11,4,11117.630000000001,2779.4075000000003,1445.9520614777196,24,4,玩具,53.0,50,近期活跃
C000184,2023-03-17,2023-09-07,2,1920.74,960.37,1178.5914407461137,7,2,电子产品,174.0,115,沉睡
C000185,2023-01-21,2023-10-20,6,8160.469999999999,1360.0783333333331,1027.0393191775408,20,6,食品,54.4,72,近期活跃
C000186,2023-03-09,2023-10-17,5,10473.94,2094.788,1714.1048170021577,23,5,玩具,55.5,75,近期活跃
C000187,2023-01-30,2023-11-14,3,1920.07,640.0233333333333,238.07109743379883,13,3,图书,144.0,47,近期活跃
C000188,2023-02-24,2023-12-14,6,10759.99,1793.3316666666667,1271.9196221997154,23,6,家居,58.6,17,活跃
C000189,2023-01-16,2023-11-26,7,9089.84,1298.5485714285714,1192.001654465135,21,6,服装,52.333333333333336,35,近期活跃
C000190,2023-04-06,2023-09-28,8,17135.57,2141.94625,1491.8963042377354,39,8,玩具,25.0,94,沉睡
C000191,2023-01-24,2023-12-19,6,12739.82,2123.3033333333333,1838.4606058294169,20,6,图书,65.8,12,活跃
C000192,2023-02-08,2023-10-27,5,2924.31,584.862,420.98627076188603,8,5,家居,65.25,65,近期活跃
C000193,2023-01-28,2023-10-21,3,3554.98,1184.9933333333333,1001.0078661695587,10,3,电子产品,133.0,71,近期活跃
C000194,2023-01-01,2023-10-23,4,4847.89,1211.9725,646.824958876047,14,4,家居,98.33333333333333,69,近期活跃
C000195,2023-05-22,2023-10-07,2,4302.469999999999,2151.2349999999997,1475.5409335054046,6,2,服装,138.0,85,近期活跃
C000196,2023-03-14,2023-08-15,4,4660.32,1165.08,1182.3558945032864,13,4,电子产品,51.333333333333336,138,沉睡
C000197,2023-03-28,2023-09-27,3,10680.33,3560.11,4623.121688221066,19,3,服装,91.5,95,沉睡
C000198,2023-04-02,2023-09-11,4,6205.91,1551.4775,651.8132026061351,18,3,运动,54.0,111,沉睡
C000199,2023-01-16,2023-08-08,2,2531.36,1265.68,814.9264231818722,11,2,家居,204.0,145,沉睡
C000200,2023-01-28,2023-12-25,6,16724.35,2787.3916666666664,2565.976648727861,27,6,家居,66.2,6,活跃
C000201,2023-01-04,2023-12-31,4,11144.27,2786.0675,1721.7937667710576,19,3,家居,120.33333333333333,0,活跃
C000202,2023-02-26,2023-12-07,5,15337.85,3067.57,1228.5798390418101,23,4,电子产品,71.0,24,活跃
C000203,2023-08-24,2023-12-23,4,4760.9,1190.225,1552.9296459809977,13,4,食品,40.333333333333336,8,活跃
C000204,2023-05-17,2023-11-05,4,6545.900000000001,1636.4750000000001,1715.8489294515414,14,4,服装,57.333333333333336,56,近期活跃
C000205,2023-02-03,2023-10-19,5,7215.070000000001,1443.0140000000001,1639.3116036098813,15,5,服装,64.5,73,近期活跃
C000206,2023-01-17,2023-10-07,7,6624.22,946.3171428571429,861.1424562892075,18,6,图书,43.833333333333336,85,近期活跃
C000207,2023-03-15,2023-12-17,3,5356.26,1785.42,979.569978510979,20,3,家居,138.5,14,活跃
C000208,2023-02-18,2023-08-03,6,10376.79,1729.4650000000001,1319.6309158056279,20,6,图书,33.2,150,沉睡
C000209,2023-01-13,2023-12-06,4,3939.82,984.955,903.9787989586188,15,4,家居,109.0,25,活跃
C000210,2023-03-24,2023-08-12,3,5657.5,1885.8333333333333,2262.037864588772,14,3,电子产品,70.5,141,沉睡
C000211,2023-03-20,2023-12-13,5,6005.7,1201.1399999999999,1748.866295475443,16,5,家居,67.0,18,活跃
C000212,2023-07-07,2023-09-12,2,1254.05,627.025,867.344248871231,6,2,电子产品,67.0,110,沉睡
C000213,2023-01-31,2023-12-18,10,17798.14,1779.8139999999999,1291.5990098341067,27,9,服装,35.666666666666664,13,活跃
C000214,2023-04-12,2023-12-27,8,10675.65,1334.45625,815.928074332492,31,7,食品,37.0,4,活跃
C000215,2023-03-09,2023-12-14,8,10443.84,1305.48,1214.3781585415875,22,6,电子产品,40.0,17,活跃
C000216,2023-02-10,2023-08-18,3,4926.610000000001,1642.2033333333336,1259.472602097137,14,3,图书,94.5,135,沉睡
C000217,2023-06-11,2023-11-20,4,8351.25,2087.8125,2609.013852108046,13,4,图书,54.0,41,近期活跃
C000218,2023-01-25,2023-09-09,3,7174.09,2391.3633333333332,1814.597674756951,10,3,服装,113.5,113,沉睡
C000219,2023-01-11,2023-04-14,2,4029.92,2014.96,2675.2395116699363,5,2,电子产品,93.0,261,流失
C000220,2023-02-05,2023-09-28,7,11991.27,1713.0385714285715,1252.9199681866965,30,7,家居,39.166666666666664,94,沉睡
C000221,2023-04-08,2023-09-25,4,7691.18,1922.795,1503.2875688636555,11,3,食品,56.666666666666664,97,沉睡
C000222,2023-08-18,2023-10-09,3,8389.13,2796.3766666666666,1818.4915376303882,12,3,电子产品,26.0,83,近期活跃
C000223,2023-03-05,2023-11-29,9,26175.75,2908.4166666666665,2574.9041659496766,53,8,家居,33.625,32,近期活跃
C000224,2023-01-13,2023-10-21,7,15422.820000000002,2203.26,1359.9046365339987,26,7,玩具,46.833333333333336,71,近期活跃
C000225,2023-04-25,2023-12-24,5,4539.78,907.9559999999999,465.9286570710155,20,5,家居,60.75,7,活跃
C000226,2023-02-02,2023-07-21,3,5395.700000000001,1798.5666666666668,824.2184220419568,11,3,家居,84.5,163,沉睡
C000227,2023-06-08,2023-10-27,6,4564.9,760.8166666666666,406.982499115953,15,6,家居,28.2,65,近期活跃
C000228,2023-01-03,2023-11-23,5,8261.470000000001,1652.2940000000003,1803.9262743748704,24,5,食品,81.0,38,近期活跃
C000229,2023-02-02,2023-12-06,6,7651.219999999999,1275.2033333333331,736.5718850368011,20,6,图书,61.4,25,活跃
C000230,2023-05-12,2023-09-24,4,4373.71,1093.4275,842.4056858139471,13,3,玩具,45.0,98,沉睡
C000231,2023-04-29,2023-05-27,3,7416.0,2472.0,689.2855747801487,13,3,玩具,14.0,218,流失
C000232,2023-09-04,2023-09-04,1,579.3,579.3,,3,1,图书,0.0,118,沉睡
C000233,2023-03-20,2023-11-30,2,2064.3,1032.15,490.30784207475205,3,2,服装,255.0,31,近期活跃
C000234,2023-04-19,2023-11-30,8,14744.72,1843.09,1923.0045489582924,35,8,图书,32.142857142857146,31,近期活跃
C000235,2023-01-18,2023-11-30,4,6760.21,1690.0525,1087.3976141956232,10,4,服装,105.33333333333333,31,近期活跃
C000236,2023-01-29,2023-11-28,4,16929.32,4232.33,4174.181284363837,24,4,家居,101.0,33,近期活跃
C000237,2023-01-15,2023-10-17,6,6088.05,1014.6750000000001,1212.3641972897417,17,6,服装,55.0,75,近期活跃
C000238,2023-04-30,2023-11-04,6,15208.34,2534.7233333333334,2264.40976329521,22,6,家居,37.6,57,近期活跃
C000239,2023-01-05,2023-09-20,5,8446.27,1689.2540000000001,639.7388216530243,14,5,食品,64.5,102,沉睡
C000240,2023-01-24,2023-12-09,5,4910.51,982.1020000000001,811.6314732808235,17,5,美妆,79.75,22,活跃
C000241,2023-01-14,2023-07-08,4,975.22,243.805,280.7498471949718,10,3,电子产品,58.333333333333336,176,沉睡
C000242,2023-04-08,2023-10-13,5,11773.95,2354.79,1299.5211529828975,20,5,玩具,47.0,79,近期活跃
C000243,2023-02-15,2023-10-31,4,6087.34,1521.835,1218.088420340111,10,4,电子产品,86.0,61,近期活跃
C000244,2023-01-17,2023-12-12,6,12494.27,2082.3783333333336,1973.6827627703162,25,6,电子产品,65.8,19,活跃
C000245,2023-02-24,2023-11-04,6,13838.9,2306.483333333333,1813.9393121454386,30,5,食品,50.6,57,近期活跃
C000246,2023-01-22,2023-07-26,4,6834.280000000001,1708.5700000000002,2205.1158471911026,18,4,电子产品,61.666666666666664,158,沉睡
C000247,2023-01-18,2023-11-05,6,9074.61,1512.4350000000002,1402.3799076106304,17,5,家居,58.2,56,近期活跃
C000248,2023-02-25,2023-12-22,8,24320.04,3040.005,2162.5461243239583,39,7,电子产品,42.857142857142854,9,活跃
C000249,2023-03-17,2023-10-23,5,11917.34,2383.468,2608.2586043316337,19,5,图书,55.0,69,近期活跃
C000250,2023-04-30,2023-11-30,2,4636.21,2318.105,2545.3652091694034,9,2,家居,214.0,31,近期活跃
C000251,2023-01-04,2023-12-11,11,19989.96,1817.269090909091,1084.6787394012529,46,11,服装,34.1,20,活跃
C000252,2023-01-23,2023-12-26,11,20053.92,1823.0836363636363,2075.6320174119146,46,11,图书,33.7,5,活跃
C000253,2023-01-31,2023-11-06,6,24018.96,4003.16,2200.9092162013408,33,5,食品,55.8,55,近期活跃
C000254,2023-02-14,2023-11-07,5,13716.07,2743.214,2679.225677930099,24,5,图书,66.5,54,近期活跃
C000255,2023-08-10,2023-12-13,2,2758.3900000000003,1379.1950000000002,841.7328412566543,16,2,图书,125.0,18,活跃
C000256,2023-01-02,2023-12-27,5,6638.27,1327.654,907.574577145041,26,5,图书,89.75,4,活跃
C000257,2023-02-17,2023-11-18,5,10862.12,2172.424,1269.1553159995826,17,4,家居,68.5,43,近期活跃
C000258,2023-05-17,2023-12-25,5,6923.5,1384.7,1363.3583257896657,14,5,美妆,55.5,6,活跃
C000259,2023-02-08,2023-11-20,3,6065.04,2021.68,1460.9716993494433,10,3,家居,142.5,41,近期活跃
C000260,2023-03-21,2023-09-08,4,9646.59,2411.6475,2492.8365549092196,15,4,食品,57.0,114,沉睡
C000261,2023-03-30,2023-07-25,7,11299.48,1614.2114285714285,1907.1927489413033,32,7,图书,19.5,159,沉睡
C000262,2023-04-17,2023-07-19,2,3547.11,1773.555,1602.763585576488,7,2,图书,93.0,165,沉睡
C000263,2023-04-06,2023-07-13,3,2603.11,867.7033333333334,592.9775653710125,6,3,电子产品,49.0,171,沉睡
C000264,2023-02-03,2023-10-24,7,5510.95,787.2785714285714,734.180417187051,14,6,家居,43.833333333333336,68,近期活跃
C000265,2023-05-05,2023-11-17,6,19135.62,3189.27,2148.9070264206407,28,6,家居,39.2,44,近期活跃
C000266,2023-01-02,2023-12-05,8,10349.91,1293.73875,631.4940384163235,28,7,家居,48.142857142857146,26,活跃
C000267,2023-09-11,2023-09-11,1,896.0,896.0,,5,1,食品,0.0,111,沉睡
C000268,2023-03-14,2023-11-18,2,8605.95,4302.975,4889.989874227758,16,2,家居,249.0,43,近期活跃
C000269,2023-02-05,2023-09-16,8,7205.54,900.6925,692.6670384566352,31,7,家居,31.857142857142858,106,沉睡
C000270,2023-02-03,2023-11-04,5,8183.57,1636.714,1152.5733784796523,19,4,玩具,68.5,57,近期活跃
C000271,2023-03-02,2023-12-26,5,6658.18,1331.636,1059.3834675083428,24,5,食品,74.75,5,活跃
C000272,2023-02-15,2023-10-29,3,5213.75,1737.9166666666667,1632.9827707705106,14,3,家居,128.0,63,近期活跃
C000273,2023-01-02,2023-12-25,9,20960.57,2328.952222222222,1837.9096029237794,44,8,电子产品,44.625,6,活跃
C000274,2023-03-08,2023-11-22,2,877.85,438.925,315.44740615513075,6,2,图书,259.0,39,近期活跃
C000275,2023-02-02,2023-10-17,5,7772.21,1554.442,1560.5426103987036,20,5,图书,64.25,75,近期活跃
C000276,2023-02-05,2023-11-17,5,13215.6,2643.12,1662.1715146608667,27,5,美妆,71.25,44,近期活跃
C000277,2023-03-13,2023-11-30,3,8390.75,2796.9166666666665,3080.6523782850495,12,3,服装,131.0,31,近期活跃
C000278,2023-06-06,2023-08-25,3,9767.6,3255.866666666667,2086.448957063971,16,3,图书,40.0,128,沉睡
C000279,2023-04-26,2023-10-05,4,9627.8,2406.95,1821.5140598414275,16,4,家居,54.0,87,近期活跃
C000280,2023-06-22,2023-12-22,7,21123.129999999997,3017.5899999999997,2108.7918106742227,43,6,服装,30.5,9,活跃
C000281,2023-01-22,2023-01-22,1,2343.98,2343.98,,3,1,电子产品,0.0,343,流失
C000282,2023-04-03,2023-11-12,4,4834.34,1208.585,827.348477587689,21,3,电子产品,74.33333333333333,49,近期活跃
C000283,2023-02-12,2023-12-17,2,1414.3700000000001,707.1850000000001,729.684700709834,7,2,家居,308.0,14,活跃
C000284,2023-04-17,2023-09-01,4,8695.42,2173.855,1350.7127726870729,17,4,家居,45.666666666666664,121,沉睡
C000285,2023-01-22,2023-11-26,8,9222.9,1152.8625,724.2846471963117,22,8,家居,44.0,35,近期活跃
C000286,2023-04-09,2023-04-09,1,1188.8,1188.8,,5,1,运动,0.0,266,流失
C000287,2023-03-28,2023-12-30,7,18167.04,2595.2914285714287,2340.3165005502183,40,7,玩具,46.166666666666664,1,活跃
C000288,2023-01-03,2023-12-18,10,28581.7,2858.17,3083.549762368041,65,10,图书,38.77777777777778,13,活跃
C000289,2023-04-07,2023-12-16,5,6812.36,1362.472,1080.342810972517,16,5,图书,63.25,15,活跃
C000290,2023-01-02,2023-11-27,5,6479.639999999999,1295.9279999999999,1651.6349233623027,26,5,电子产品,82.25,34,近期活跃
C000291,2023-03-04,2023-10-12,4,6076.92,1519.23,913.7167999258122,13,4,美妆,74.0,80,近期活跃
C000292,2023-01-12,2023-12-22,9,13970.24,1552.2488888888888,746.9340986567096,42,8,服装,43.0,9,活跃
C000293,2023-03-09,2023-08-24,2,7725.24,3862.62,2374.3655762750604,11,2,图书,168.0,129,沉睡
C000294,2023-04-05,2023-08-31,5,12245.130000000001,2449.0260000000003,1642.7542001863821,25,5,电子产品,37.0,122,沉睡
C000295,2023-01-05,2023-12-05,8,13703.34,1712.9175,2055.9969647125317,26,7,食品,47.714285714285715,26,活跃
C000296,2023-07-16,2023-11-16,3,16046.05,5348.683333333333,6594.5635743567855,18,3,服装,61.5,45,近期活跃
C000297,2023-03-24,2023-12-19,7,5265.05,752.15,514.0336988628924,22,5,食品,45.0,12,活跃
C000298,2023-06-05,2023-11-25,6,9032.64,1505.4399999999998,1017.8887174735753,20,6,电子产品,34.6,36,近期活跃
C000299,2023-04-19,2023-09-16,4,7411.75,1852.9375,1188.337692110987,13,4,家居,50.0,106,沉睡
C000300,2023-03-06,2023-11-23,3,3358.17,1119.39,543.0025951135041,8,3,玩具,131.0,38,近期活跃
C000301,2023-01-09,2023-12-11,10,19187.85,1918.7849999999999,1438.701709298661,45,8,电子产品,37.333333333333336,20,活跃
C000302,2023-03-14,2023-12-29,5,8387.630000000001,1677.5260000000003,1571.7746481223062,24,5,家居,72.5,2,活跃
C000303,2023-02-16,2023-12-13,8,11136.17,1392.02125,1067.4146727013892,28,7,服装,42.857142857142854,18,活跃
C000304,2023-03-07,2023-10-03,6,15564.12,2594.02,1666.4759334955909,32,6,食品,42.0,89,近期活跃
C000305,2023-07-06,2023-12-27,4,4766.04,1191.51,1051.4590489093398,23,4,服装,58.0,4,活跃
C000306,2023-01-08,2023-11-17,5,8175.01,1635.002,462.2205361837573,24,5,服装,78.25,44,近期活跃
C000307,2023-02-17,2023-05-08,3,3477.74,1159.2466666666667,1279.7546066857244,7,2,美妆,40.0,237,流失
C000308,2023-02-05,2023-11-29,5,14191.16,2838.232,2300.8222821569684,31,5,玩具,74.25,32,近期活跃
C000309,2023-01-13,2023-12-15,8,10109.61,1263.70125,874.2871050410567,41,7,家居,48.0,16,活跃
C000310,2023-01-09,2023-12-10,7,12258.490000000002,1751.2128571428573,1958.4358763965552,22,7,电子产品,55.833333333333336,21,活跃
C000311,2023-01-13,2023-08-22,5,6211.25,1242.25,1305.9674321934679,13,5,图书,55.25,131,沉睡
C000312,2023-03-18,2023-09-06,2,6512.11,3256.055,1704.219266541134,8,2,电子产品,172.0,116,沉睡
C000313,2023-06-29,2023-06-29,1,5920.44,5920.44,,6,1,服装,0.0,185,流失
C000314,2023-01-04,2023-11-03,3,5295.6,1765.2,1235.7097970397417,15,3,图书,151.5,58,近期活跃
C000315,2023-02-02,2023-11-01,7,5640.45,805.7785714285714,527.5288554328433,27,6,图书,45.333333333333336,60,近期活跃
C000316,2023-05-06,2023-12-24,4,3036.9700000000003,759.2425000000001,773.4984996053106,20,4,家居,77.33333333333333,7,活跃
C000317,2023-07-15,2023-09-24,2,4461.65,2230.825,1720.1008848465838,6,2,玩具,71.0,98,沉睡
C000318,2023-05-08,2023-10-12,3,3232.9199999999996,1077.6399999999999,1228.546685478415,9,3,图书,78.5,80,近期活跃
C000319,2023-01-12,2023-10-28,5,11059.94,2211.9880000000003,1345.8330532684952,23,5,家居,72.25,64,近期活跃
C000320,2023-01-01,2023-11-21,3,7422.049999999999,2474.0166666666664,1463.6894092099367,11,3,家居,162.0,40,近期活跃
C000321,2023-01-01,2023-12-17,8,9753.439999999999,1219.1799999999998,1237.6187095386042,21,7,家居,50.0,14,活跃
C000322,2023-02-02,2023-12-31,7,15185.09,2169.2985714285714,2374.190074653028,26,7,图书,55.333333333333336,0,活跃
C000323,2023-02-01,2023-09-30,4,1951.0300000000002,487.75750000000005,434.0785946020222,12,3,电子产品,80.33333333333333,92,沉睡
C000324,2023-01-04,2023-12-12,5,9073.720000000001,1814.7440000000001,1785.4047651807139,16,5,图书,85.5,19,活跃
C000325,2023-05-29,2023-05-29,1,1240.33,1240.33,,5,1,美妆,0.0,216,流失
C000326,2023-02-12,2023-10-13,3,899.48,299.82666666666665,150.64620849305612,5,3,服装,121.5,79,近期活跃
C000327,2023-02-21,2023-12-12,5,8382.289999999999,1676.4579999999999,1379.0449908251724,23,5,服装,73.5,19,活跃
C000328,2023-01-10,2023-12-22,9,20547.4,2283.0444444444447,1486.79488478666,38,8,电子产品,43.25,9,活跃
C000329,2023-02-14,2023-12-20,6,9371.19,1561.865,1037.1590239061702,24,6,图书,61.8,11,活跃
C000330,2023-01-08,2023-09-26,2,2087.44,1043.72,716.4688749694573,5,2,图书,261.0,96,沉睡
C000331,2023-02-20,2023-12-03,8,11107.31,1388.41375,1639.952909340801,30,8,电子产品,40.857142857142854,28,活跃
C000332,2023-01-14,2023-09-14,7,8041.05,1148.7214285714285,625.0154948060241,21,6,图书,40.5,108,沉睡
C000333,2023-01-31,2023-12-25,2,2236.0699999999997,1118.0349999999999,634.6495493183619,10,2,家居,328.0,6,活跃
C000334,2023-01-08,2023-11-07,8,31881.739999999998,3985.2174999999997,3386.74034737892,51,6,家居,43.285714285714285,54,近期活跃
C000335,2023-01-07,2023-11-20,6,8371.47,1395.245,722.0617882633037,20,6,服装,63.4,41,近期活跃
C000336,2023-02-05,2023-11-19,4,7658.889999999999,1914.7224999999999,1218.3645244719114,20,4,图书,95.66666666666667,42,近期活跃
C000337,2023-01-02,2023-08-27,5,10111.64,2022.328,1021.0238803132862,22,5,服装,59.25,126,沉睡
C000338,2023-03-10,2023-08-12,2,7602.13,3801.065,1169.5334028791142,8,2,电子产品,155.0,141,沉睡
C000339,2023-01-15,2023-11-16,6,11515.58,1919.2633333333333,1525.8099405976702,17,6,家居,61.0,45,近期活跃
C000340,2023-08-21,2023-09-18,2,1536.6599999999999,768.3299999999999,898.0256121069153,6,2,玩具,28.0,104,沉睡
C000341,2023-04-28,2023-12-21,4,7970.410000000001,1992.6025000000002,1701.4626911253938,12,4,家居,79.0,10,活跃
C000342,2023-01-04,2023-10-15,8,17696.93,2212.11625,1476.2662775291058,27,8,电子产品,40.57142857142857,77,近期活跃
C000343,2023-01-25,2023-11-21,8,16471.79,2058.97375,1225.8373549879807,39,8,食品,42.857142857142854,40,近期活跃
C000344,2023-02-21,2023-09-05,6,7592.51,1265.4183333333333,714.3496325586419,19,6,图书,39.2,117,沉睡
C000345,2023-08-18,2023-08-18,1,2665.62,2665.62,,6,1,食品,0.0,135,沉睡
C000346,2023-01-22,2023-12-05,9,17508.3,1945.3666666666666,1085.883195422049,34,8,服装,39.625,26,活跃
C000347,2023-02-24,2023-07-22,2,1797.1100000000001,898.5550000000001,729.89683274419,11,2,家居,148.0,162,沉睡
C000348,2023-07-31,2023-11-08,2,3793.86,1896.93,1270.4446116222462,11,2,服装,100.0,53,近期活跃
C000349,2023-01-30,2023-06-15,8,10403.99,1300.49875,1029.6502949120638,23,8,服装,19.428571428571427,199,流失
C000350,2023-01-12,2023-11-24,4,10157.960000000001,2539.4900000000002,2732.6068338615173,28,4,图书,105.33333333333333,37,近期活跃
C000351,2023-02-01,2023-12-06,6,13477.910000000002,2246.3183333333336,3502.11703980559,33,6,电子产品,61.6,25,活跃
C000352,2023-03-11,2023-07-04,2,5146.65,2573.325,1504.4474587203104,9,2,玩具,115.0,180,沉睡
C000353,2023-07-03,2023-09-28,2,3291.76,1645.88,1459.7088126746376,7,2,美妆,87.0,94,沉睡
C000354,2023-01-02,2023-08-02,3,2869.77,956.59,1171.5689696727204,11,3,服装,106.0,151,沉睡
C000355,2023-06-24,2023-11-26,5,6185.0599999999995,1237.012,1236.1067769290808,36,5,家居,38.75,35,近期活跃
C000356,2023-01-27,2023-09-11,4,7713.91,1928.4775,1569.4787793484181,17,4,图书,75.66666666666667,111,沉睡
C000357,2023-03-15,2023-10-12,6,9994.32,1665.72,964.0282867219198,22,6,图书,42.2,80,近期活跃
C000358,2023-01-17,2023-12-24,7,5193.96,741.9942857142858,867.7448466351758,18,6,服装,56.833333333333336,7,活跃
C000359,2023-02-01,2023-12-21,6,11296.390000000001,1882.7316666666668,1749.6919234129953,19,6,电子产品,64.6,10,活跃
C000360,2023-05-13,2023-10-17,2,3904.37,1952.185,1006.7149954430996,9,2,玩具,157.0,75,近期活跃
C000361,2023-03-25,2023-10-06,4,4296.94,1074.235,990.993729563075,9,4,图书,65.0,86,近期活跃
C000362,2023-04-19,2023-09-28,8,9022.94,1127.8675,699.9865362123555,26,7,服装,23.142857142857142,94,沉睡
C000363,2023-02-06,2023-12-04,5,6233.49,1246.6979999999999,725.9114638645681,15,4,图书,75.25,27,活跃
C000364,2023-01-02,2023-05-06,3,2398.45,799.4833333333332,483.6383248185914,4,3,图书,62.0,239,流失
C000365,2023-02-22,2023-12-06,7,10368.94,1481.277142857143,1422.773282533263,28,7,图书,47.833333333333336,25,活跃
C000366,2023-04-25,2023-12-16,5,4789.09,957.818,393.7835945922582,17,5,家居,58.75,15,活跃
C000367,2023-10-14,2023-11-03,2,6009.1,3004.55,268.7712875290068,9,2,服装,20.0,58,近期活跃
C000368,2023-01-25,2023-11-04,6,10339.34,1723.2233333333334,2309.635428102597,29,5,家居,56.6,57,近期活跃
C000369,2023-01-26,2023-10-20,4,9772.14,2443.035,2471.442355784708,16,4,服装,89.0,72,近期活跃
C000370,2023-01-20,2023-12-11,6,3994.4900000000002,665.7483333333333,499.11149036729927,18,6,家居,65.0,20,活跃
C000371,2023-02-20,2023-12-18,7,18739.239999999998,2677.0342857142855,2480.0713254921866,33,6,玩具,50.166666666666664,13,活跃
C000372,2023-01-23,2023-12-05,6,21177.19,3529.5316666666663,3783.6245867919647,33,6,家居,63.2,26,活跃
C000373,2023-03-30,2023-12-09,5,8058.0,1611.6,1380.9387085421279,17,5,图书,63.5,22,活跃
C000374,2023-02-12,2023-12-08,3,5797.009999999999,1932.3366666666664,1390.6169909192583,14,3,图书,149.5,23,活跃
C000375,2023-12-03,2023-12-03,2,7735.0,3867.5,4280.456757777141,12,2,电子产品,0.0,28,活跃
C000376,2023-12-19,2023-12-19,1,2590.2,2590.2,,9,1,电子产品,0.0,12,活跃
C000377,2023-05-15,2023-06-06,2,3217.1,1608.55,909.4100312840187,9,2,图书,22.0,208,流失
C000378,2023-01-25,2023-10-11,6,11008.029999999999,1834.6716666666664,1345.7413301436004,20,5,家居,51.8,81,近期活跃
C000379,2023-04-27,2023-05-27,2,716.55,358.275,228.3601349841955,2,2,服装,30.0,218,流失
C000380,2023-01-03,2023-11-15,6,14162.810000000001,2360.4683333333337,1395.7456652759727,24,6,家居,63.2,46,近期活跃
C000381,2023-01-18,2023-12-05,5,9403.16,1880.632,1565.8934092459806,22,5,家居,80.25,26,活跃
C000382,2023-05-27,2023-11-07,4,9650.84,2412.71,1244.3930537414615,19,4,服装,54.666666666666664,54,近期活跃
C000383,2023-01-31,2023-12-23,4,3201.33,800.3325,395.29904160226187,14,4,家居,108.66666666666667,8,活跃
C000384,2023-02-21,2023-11-06,6,4332.87,722.145,463.1597787697028,22,6,服装,51.6,55,近期活跃
C000385,2023-01-25,2023-12-11,6,14726.91,2454.485,1672.9031060973018,27,6,家居,64.0,20,活跃
C000386,2023-05-22,2023-10-08,3,3902.03,1300.6766666666667,1538.8793250067836,8,3,美妆,69.5,84,近期活跃
C000387,2023-02-17,2023-07-08,5,8647.779999999999,1729.5559999999998,1361.5137536874167,23,5,图书,35.25,176,沉睡
C000388,2023-03-01,2023-10-07,9,17573.91,1952.6566666666668,1414.5366694964114,38,8,玩具,27.5,85,近期活跃
C000389,2023-03-12,2023-10-07,6,8290.18,1381.6966666666667,1610.575801353872,22,6,服装,41.8,85,近期活跃
C000390,2023-04-16,2023-10-19,2,4169.65,2084.825,714.4677627786996,7,2,家居,186.0,73,近期活跃
C000391,2023-03-13,2023-08-10,5,5252.23,1050.446,664.609486488118,12,4,电子产品,37.5,143,沉睡
C000392,2023-03-03,2023-04-18,5,4597.94,919.588,489.78862616438937,17,5,家居,11.5,257,流失
C000393,2023-04-29,2023-11-20,3,2028.55,676.1833333333333,173.78195312900976,4,3,电子产品,102.5,41,近期活跃
C000394,2023-03-04,2023-12-18,6,8620.21,1436.7016666666666,1409.3748062090035,25,6,食品,57.8,13,活跃
C000395,2023-01-05,2023-11-25,8,10481.66,1310.2075,989.9180020407173,25,8,食品,46.285714285714285,36,近期活跃
C000396,2023-01-04,2023-10-19,3,3072.46,1024.1533333333334,637.4787856339483,9,3,图书,144.0,73,近期活跃
C000397,2023-02-17,2023-12-10,6,11405.23,1900.8716666666667,2679.7486850853506,22,6,服装,59.2,21,活跃
C000398,2023-01-24,2023-11-13,5,7824.23,1564.846,1188.44160810702,13,5,图书,73.25,48,近期活跃
C000399,2023-01-17,2023-11-04,7,9027.27,1289.6100000000001,946.4073731045562,28,6,图书,48.5,57,近期活跃
C000400,2023-06-19,2023-07-25,2,1867.5,933.75,104.01540751254107,7,2,电子产品,36.0,159,沉睡
C000401,2023-03-13,2023-11-26,6,14570.119999999999,2428.353333333333,1698.8405526201293,25,6,家居,51.6,35,近期活跃
C000402,2023-01-12,2023-11-14,8,6362.19,795.27375,540.0498899688408,19,7,服装,43.714285714285715,47,近期活跃
C000403,2023-01-11,2023-12-27,4,6604.55,1651.1375,443.30958380308755,18,4,服装,116.66666666666667,4,活跃
C000404,2023-03-22,2023-12-03,5,11867.89,2373.578,1820.4259138371988,20,5,食品,64.0,28,活跃
C000405,2023-03-12,2023-10-24,7,13234.369999999999,1890.6242857142856,1083.489204974022,30,6,家居,37.666666666666664,68,近期活跃
C000406,2023-03-05,2023-10-21,5,7463.44,1492.6879999999999,786.3666628996934,14,4,食品,57.5,71,近期活跃
C000407,2023-04-08,2023-04-08,1,613.27,613.27,,1,1,家居,0.0,267,流失
C000408,2023-05-09,2023-12-25,10,13169.08,1316.908,924.0168491344974,34,8,食品,25.555555555555557,6,活跃
C000409,2023-01-31,2023-11-22,3,7222.8,2407.6,3334.5516714545006,17,3,玩具,147.5,39,近期活跃
C000410,2023-01-21,2023-03-23,3,5526.86,1842.2866666666666,1023.9292480114696,9,3,服装,30.5,283,流失
C000411,2023-07-17,2023-10-27,4,3814.62,953.655,656.5477415745687,8,4,图书,34.0,65,近期活跃
C000412,2023-02-13,2023-12-20,6,11176.99,1862.8316666666667,1251.1726528727627,35,5,图书,62.0,11,活跃
C000413,2023-01-20,2023-12-17,9,14785.56,1642.84,779.5745769648981,37,7,电子产品,41.375,14,活跃
C000414,2023-02-18,2023-11-17,5,9990.49,1998.098,1275.1808573571043,24,4,电子产品,68.0,44,近期活跃
C000415,2023-04-30,2023-12-12,6,18096.59,3016.0983333333334,1606.6224039196848,38,6,家居,45.2,19,活跃
C000416,2023-02-16,2023-11-21,7,11986.15,1712.3071428571427,2050.0427006992995,32,7,家居,46.333333333333336,40,近期活跃
C000417,2023-05-09,2023-12-09,7,6981.74,997.3914285714285,607.8507248886185,25,6,图书,35.666666666666664,22,活跃
C000418,2023-04-10,2023-11-12,6,9971.84,1661.9733333333334,1875.173712557497,22,6,食品,43.2,49,近期活跃
C000419,2023-01-14,2023-12-15,8,12652.13,1581.51625,1608.7445018215515,33,8,玩具,47.857142857142854,16,活跃
C000420,2023-12-20,2023-12-27,2,6912.18,3456.09,1188.9717682939317,19,2,玩具,7.0,4,活跃
C000421,2023-01-14,2023-12-31,4,3589.55,897.3875,265.1500698818187,16,4,家居,117.0,0,活跃
C000422,2023-01-12,2023-09-23,4,4828.27,1207.0675,599.1474350205187,13,4,图书,84.66666666666667,99,沉睡
C000423,2023-03-28,2023-10-17,5,4675.66,935.132,826.1239190157855,17,5,图书,50.75,75,近期活跃
C000424,2023-02-02,2023-09-23,7,8421.83,1203.1185714285714,739.3161159573663,19,7,电子产品,38.833333333333336,99,沉睡
C000425,2023-04-15,2023-10-03,5,11228.23,2245.6459999999997,897.1870356452997,23,5,家居,42.75,89,近期活跃
C000426,2023-03-09,2023-12-20,7,14626.23,2089.4614285714283,1573.2679260001942,31,7,服装,47.666666666666664,11,活跃
C000427,2023-02-01,2023-09-12,3,5182.46,1727.4866666666667,1124.0752260117351,11,3,家居,111.5,110,沉睡
C000428,2023-05-31,2023-10-19,3,2803.3900000000003,934.4633333333335,651.0999895817334,5,3,家居,70.5,73,近期活跃
C000429,2023-02-11,2023-10-15,7,13793.81,1970.5442857142857,1334.816239548315,30,7,图书,41.0,77,近期活跃
C000430,2023-02-16,2023-10-12,6,3417.88,569.6466666666666,762.5338631081684,14,6,家居,47.6,80,近期活跃
C000431,2023-05-13,2023-10-17,3,5100.13,1700.0433333333333,1413.5597264471469,9,3,家居,78.5,75,近期活跃
C000432,2023-08-14,2023-08-14,1,374.93,374.93,,1,1,运动,0.0,139,沉睡
C000433,2023-04-23,2023-07-27,3,1724.9499999999998,574.9833333333332,511.31062890706005,11,3,家居,47.5,157,沉睡
C000434,2023-02-15,2023-11-30,5,8203.89,1640.7779999999998,916.9176572735416,25,5,玩具,72.0,31,近期活跃
C000435,2023-02-18,2023-08-16,2,578.54,289.27,224.47811875548138,3,2,运动,179.0,137,沉睡
C000436,2023-02-21,2023-10-22,5,4654.18,930.836,661.7350509682859,18,4,家居,60.75,70,近期活跃
C000437,2023-08-15,2023-09-27,3,8039.17,2679.7233333333334,1673.3337361188094,17,3,服装,21.5,95,沉睡
C000438,2023-04-01,2023-10-23,7,6349.7699999999995,907.1099999999999,624.564344323305,27,7,图书,34.166666666666664,69,近期活跃
C000439,2023-04-24,2023-09-03,6,6873.26,1145.5433333333333,1404.9013247721941,19,6,运动,26.4,119,沉睡
C000440,2023-03-05,2023-08-07,5,6194.7,1238.94,1393.3869012051177,15,5,电子产品,38.75,146,沉睡
C000441,2023-03-08,2023-10-29,4,6058.57,1514.6425,1167.3258531182855,11,4,图书,78.33333333333333,63,近期活跃
C000442,2023-04-03,2023-11-03,7,11496.32,1642.3314285714284,1221.8686188024824,31,7,家居,35.666666666666664,58,近期活跃
C000443,2023-11-07,2023-12-07,3,8862.17,2954.056666666667,801.838204710485,23,3,图书,15.0,24,活跃
C000444,2023-03-30,2023-05-13,4,6960.51,1740.1275,613.5148670502342,14,4,服装,14.666666666666666,232,流失
C000445,2023-02-17,2023-08-27,5,5418.04,1083.608,820.20011730065,14,5,家居,47.75,126,沉睡
C000446,2023-01-09,2023-12-22,9,16174.23,1797.1366666666665,2064.1283749987547,35,9,图书,43.375,9,活跃
C000447,2023-01-18,2023-12-26,8,11476.43,1434.55375,1175.947885919361,28,8,家居,48.857142857142854,5,活跃
C000448,2023-02-01,2023-09-17,5,6644.68,1328.9360000000001,845.0475845950926,14,5,食品,57.0,105,沉睡
C000449,2023-03-14,2023-07-18,3,6572.82,2190.94,1458.0008907747622,11,3,电子产品,63.0,166,沉睡
C000450,2023-02-10,2023-12-04,7,9278.27,1325.467142857143,578.0805615631292,26,7,电子产品,49.5,27,活跃
C000451,2023-01-11,2023-11-13,5,11923.359999999999,2384.6719999999996,2830.908550566408,17,5,家居,76.5,48,近期活跃
C000452,2023-01-04,2023-12-22,10,18196.06,1819.6060000000002,1357.9228458216778,39,8,图书,39.111111111111114,9,活跃
C000453,2023-02-04,2023-11-02,4,10694.62,2673.655,1947.3765633881221,18,4,玩具,90.33333333333333,59,近期活跃
C000454,2023-03-05,2023-10-08,4,6552.67,1638.1675,1334.9540886830778,12,4,服装,72.33333333333333,84,近期活跃
C000455,2023-04-11,2023-10-14,4,1377.24,344.31,201.11496629208546,6,4,家居,62.0,78,近期活跃
C000456,2023-05-06,2023-12-25,3,2638.4900000000002,879.4966666666668,491.91549684202204,11,2,食品,116.5,6,活跃
C000457,2023-04-03,2023-07-22,3,3351.17,1117.0566666666666,1313.8705872852674,15,3,服装,55.0,162,沉睡
C000458,2023-02-04,2023-09-06,4,4871.1900000000005,1217.7975000000001,1238.9148703973437,12,4,图书,71.33333333333333,116,沉睡
C000459,2023-05-01,2023-12-09,3,2682.4300000000003,894.1433333333334,304.06394300102954,6,3,家居,111.0,22,活跃
C000460,2023-02-15,2023-11-07,4,2699.79,674.9475,184.46024239656631,11,4,美妆,88.33333333333333,54,近期活跃
C000461,2023-04-28,2023-06-01,3,4584.87,1528.29,839.9878578289093,11,3,服装,17.0,213,流失
C000462,2023-05-15,2023-12-01,4,8162.62,2040.655,1317.3880893520582,17,4,服装,66.66666666666667,30,活跃
C000463,2023-11-14,2023-11-30,2,792.0899999999999,396.04499999999996,211.38957223571836,4,2,美妆,16.0,31,近期活跃
C000464,2023-07-19,2023-10-05,3,1963.3600000000001,654.4533333333334,364.82190234871223,8,3,图书,39.0,87,近期活跃
C000465,2023-05-03,2023-12-28,8,17592.82,2199.1025,2005.0270348569227,34,7,图书,34.142857142857146,3,活跃
C000466,2023-01-13,2023-11-04,3,1621.02,540.34,131.99332596764125,10,3,图书,147.5,57,近期活跃
C000467,2023-06-22,2023-12-29,4,9737.67,2434.4175,2231.95319145026,22,4,玩具,63.333333333333336,2,活跃
C000468,2023-02-09,2023-05-21,2,4898.0,2449.0,2061.414257057518,5,2,电子产品,101.0,224,流失
C000469,2023-03-22,2023-12-03,6,8980.96,1496.8266666666666,1279.083890597746,19,6,图书,51.2,28,活跃
C000470,2023-01-25,2023-09-15,6,8685.279999999999,1447.5466666666664,978.3362222807999,17,5,家居,46.6,107,沉睡
C000471,2023-02-06,2023-12-21,5,4072.1499999999996,814.43,843.6541698764962,11,5,家居,79.5,10,活跃
C000472,2023-01-19,2023-09-19,7,8427.449999999999,1203.9214285714284,1246.1874449620138,25,7,服装,40.5,103,沉睡
C000473,2023-04-19,2023-10-21,6,9450.55,1575.0916666666665,930.2174956087779,22,6,食品,37.0,71,近期活跃
C000474,2023-04-28,2023-09-28,7,9920.130000000001,1417.1614285714288,1303.1078139768863,21,7,玩具,25.5,94,沉睡
C000475,2023-03-02,2023-09-16,4,6157.35,1539.3375,580.6320745747688,16,4,图书,66.0,106,沉睡
C000476,2023-10-06,2023-10-25,3,3973.08,1324.36,1480.6406796721478,6,3,服装,9.5,67,近期活跃
C000477,2023-03-01,2023-05-27,3,3126.85,1042.2833333333333,1109.1483555112604,8,3,图书,43.5,218,流失
C000478,2023-02-02,2023-11-01,6,11244.53,1874.0883333333334,2256.865455754212,25,6,电子产品,54.4,60,近期活跃
C000479,2023-01-24,2023-11-11,5,5397.6,1079.52,1168.5888132486978,13,5,运动,72.75,50,近期活跃
C000480,2023-04-07,2023-07-03,3,1691.76,563.92,122.36637896088945,5,3,家居,43.5,181,流失
C000481,2023-01-03,2023-12-28,7,10886.0,1555.142857142857,1112.8436435204228,32,7,电子产品,59.833333333333336,3,活跃
C000482,2023-04-02,2023-11-21,6,10963.07,1827.1783333333333,2577.4463484496955,26,5,运动,46.6,40,近期活跃
C000483,2023-03-29,2023-06-07,2,5086.08,2543.04,3380.903795022863,8,2,服装,70.0,207,流失
C000484,2023-01-09,2023-11-24,8,11208.12,1401.015,1904.5736465526497,21,8,家居,45.57142857142857,37,近期活跃
C000485,2023-02-23,2023-11-28,7,7574.889999999999,1082.1271428571429,700.0001692550815,30,6,图书,46.333333333333336,33,近期活跃
C000486,2023-01-09,2023-12-13,9,19104.309999999998,2122.701111111111,1245.0500814168524,33,9,食品,42.25,18,活跃
C000487,2023-04-07,2023-11-22,7,11603.720000000001,1657.6742857142858,1073.9773392683408,25,6,图书,38.166666666666664,39,近期活跃
C000488,2023-01-24,2023-12-19,7,6845.33,977.9042857142857,840.517478974652,27,7,图书,54.833333333333336,12,活跃
C000489,2023-01-04,2023-12-13,4,11834.349999999999,2958.5874999999996,2520.487974584485,20,4,图书,114.33333333333333,18,活跃
C000490,2023-04-16,2023-12-18,4,5120.25,1280.0625,1484.8284128786286,10,4,家居,82.0,13,活跃
C000491,2023-02-13,2023-12-24,10,17502.27,1750.227,1380.8321499013234,38,8,食品,34.888888888888886,7,活跃
C000492,2023-02-07,2023-12-23,10,16649.96,1664.9959999999999,1176.5001419011107,33,10,服装,35.44444444444444,8,活跃
C000493,2023-05-14,2023-12-19,4,4982.9,1245.725,529.3964332142784,9,4,服装,73.0,12,活跃
C000494,2023-05-03,2023-12-03,3,7279.93,2426.6433333333334,2334.5439762474666,15,3,玩具,107.0,28,活跃
C000495,2023-01-22,2023-11-26,6,15508.91,2584.818333333333,1287.2201628535295,26,5,玩具,61.6,35,近期活跃
C000496,2023-01-13,2023-11-01,8,4413.17,551.64625,340.89031578825217,17,7,图书,41.714285714285715,60,近期活跃
C000497,2023-02-10,2023-04-19,2,3881.3500000000004,1940.6750000000002,1475.3429436066722,10,2,图书,68.0,256,流失
C000498,2023-02-06,2023-12-10,4,5391.36,1347.84,1155.44767243408,21,4,家居,102.33333333333333,21,活跃
C000499,2023-03-16,2023-12-01,8,18104.46,2263.0575,1390.6880285029524,35,8,家居,37.142857142857146,30,活跃
C000500,2023-01-24,2023-11-30,6,13341.0,2223.5,2197.935640295229,32,5,家居,62.0,31,近期活跃
C000501,2023-04-02,2023-12-30,6,11973.45,1995.575,1561.5174577154107,33,6,家居,54.4,1,活跃
C000502,2023-01-27,2023-09-02,3,5175.43,1725.1433333333334,1748.167857224624,12,3,家居,109.0,120,沉睡
C000503,2023-06-15,2023-10-11,3,3711.8999999999996,1237.3,1135.1198214726055,12,3,图书,59.0,81,近期活跃
C000504,2023-04-26,2023-09-16,3,4623.84,1541.28,1873.362767672081,9,3,家居,71.5,106,沉睡
C000505,2023-03-19,2023-10-05,5,4948.42,989.684,712.4497585303823,12,5,电子产品,50.0,87,近期活跃
C000506,2023-01-20,2023-11-27,3,2982.71,994.2366666666667,1107.548369387691,11,3,服装,155.5,34,近期活跃
C000507,2023-03-11,2023-12-20,2,5393.56,2696.78,944.312822003387,9,2,玩具,284.0,11,活跃
C000508,2023-06-09,2023-12-25,4,6236.61,1559.1525,1588.8125113718315,21,4,电子产品,66.33333333333333,6,活跃
C000509,2023-04-05,2023-12-27,9,17585.38,1953.9311111111112,1683.8379011312554,42,9,家居,33.25,4,活跃
C000510,2023-01-11,2023-11-10,5,8567.02,1713.404,962.4296690823697,22,5,服装,75.75,51,近期活跃
C000511,2023-04-11,2023-10-19,3,2894.18,964.7266666666666,569.9565419690639,10,3,家居,95.5,73,近期活跃
C000512,2023-01-29,2023-12-10,8,11624.38,1453.0475,785.8711249262549,25,7,电子产品,45.0,21,活跃
C000513,2023-01-11,2023-12-30,11,29903.52,2718.501818181818,2578.258275583803,55,9,玩具,35.3,1,活跃
C000514,2023-04-20,2023-08-13,4,8950.95,2237.7375,908.9130558483945,23,4,食品,38.333333333333336,140,沉睡
C000515,2023-11-01,2023-12-04,2,15953.39,7976.695,231.10370929519928,19,2,玩具,33.0,27,活跃
C000516,2023-01-14,2023-08-03,4,9285.49,2321.3725,1685.8979281948436,17,4,图书,67.0,150,沉睡
C000517,2023-01-05,2023-10-24,6,10093.27,1682.2116666666668,1814.3845574344673,23,6,服装,58.4,68,近期活跃
C000518,2023-03-30,2023-12-12,4,7890.74,1972.685,1700.9647160459658,17,4,家居,85.66666666666667,19,活跃
C000519,2023-08-19,2023-10-22,2,8681.630000000001,4340.8150000000005,4333.242278992718,13,2,家居,64.0,70,近期活跃
C000520,2023-01-03,2023-10-05,5,11085.16,2217.032,1260.8037557923121,17,5,服装,68.75,87,近期活跃
C000521,2023-02-13,2023-10-28,3,1537.52,512.5066666666667,84.12114617225167,5,3,玩具,128.5,64,近期活跃
C000522,2023-01-22,2023-08-20,6,7915.4400000000005,1319.24,1059.9275803374492,20,6,服装,42.0,133,沉睡
C000523,2023-01-29,2023-09-28,4,2380.48,595.12,250.92652085155663,14,4,家居,80.66666666666667,94,沉睡
C000524,2023-04-06,2023-11-13,8,5470.8099999999995,683.8512499999999,569.2125297395517,23,8,图书,31.571428571428573,48,近期活跃
C000525,2023-02-13,2023-10-10,4,5934.75,1483.6875,676.1919837528885,14,4,图书,79.66666666666667,82,近期活跃
C000526,2023-05-10,2023-06-27,2,5257.2,2628.6,1496.2096647194871,9,2,玩具,48.0,187,流失
C000527,2023-01-01,2023-11-16,5,5373.56,1074.712,1051.00547970503,10,5,家居,79.75,45,近期活跃
C000528,2023-03-01,2023-12-09,7,25950.65,3707.2357142857145,2592.3166319199076,39,7,食品,47.166666666666664,22,活跃
C000529,2023-02-03,2023-08-31,5,8625.51,1725.102,1194.5145079152448,20,5,服装,52.25,122,沉睡
C000530,2023-04-27,2023-10-30,2,3433.11,1716.555,621.9781957994992,8,2,家居,186.0,62,近期活跃
C000531,2023-01-24,2023-12-21,4,4020.2599999999998,1005.0649999999999,698.6489215383265,11,4,服装,110.33333333333333,10,活跃
C000532,2023-01-10,2023-11-27,6,10232.15,1705.3583333333333,1498.2696835805853,34,6,电子产品,64.2,34,近期活跃
C000533,2023-04-13,2023-12-07,4,11242.630000000001,2810.6575000000003,3369.740765967762,25,4,图书,79.33333333333333,24,活跃
C000534,2023-04-23,2023-10-11,5,4040.11,808.022,403.2066570879008,17,5,服装,42.75,81,近期活跃
C000535,2023-05-14,2023-09-11,3,8127.82,2709.273333333333,989.1628581954204,13,3,家居,60.0,111,沉睡
C000536,2023-01-03,2023-11-28,7,13852.619999999999,1978.945714285714,2470.589146525292,30,7,图书,54.833333333333336,33,近期活跃
C000537,2023-01-18,2023-10-27,3,1257.36,419.11999999999995,172.03056501680157,6,3,家居,141.0,65,近期活跃
C000538,2023-04-06,2023-12-19,3,5014.75,1671.5833333333333,978.6042025422398,18,3,家居,128.5,12,活跃
C000539,2023-04-15,2023-11-03,5,6876.32,1375.264,748.8688486844676,22,5,家居,50.5,58,近期活跃
C000540,2023-12-07,2023-12-07,1,1819.12,1819.12,,5,1,玩具,0.0,24,活跃
C000541,2023-02-24,2023-12-28,3,7352.47,2450.8233333333333,4048.138592357398,11,3,图书,153.5,3,活跃
C000542,2023-02-26,2023-08-30,4,10191.35,2547.8375,1705.1261780559425,17,3,食品,61.666666666666664,123,沉睡
C000543,2023-01-07,2023-11-19,4,3967.09,991.7725,681.4880559665004,10,4,图书,105.33333333333333,42,近期活跃
C000544,2023-01-31,2023-10-09,5,8322.68,1664.536,948.0172431079511,18,5,玩具,62.75,83,近期活跃
C000545,2023-04-02,2023-10-15,4,4816.16,1204.04,803.8118671679338,21,4,图书,65.33333333333333,77,近期活跃
C000546,2023-03-22,2023-10-01,2,1826.9,913.45,292.10581130816274,10,2,家居,193.0,91,沉睡
C000547,2023-02-21,2023-11-16,6,6030.38,1005.0633333333334,617.4254858577403,25,6,食品,53.6,45,近期活跃
C000548,2023-02-23,2023-11-10,9,10932.77,1214.7522222222224,1041.683320973531,28,9,服装,32.5,51,近期活跃
C000549,2023-02-08,2023-11-12,4,5604.12,1401.03,1107.1152711739942,13,4,电子产品,92.33333333333333,49,近期活跃
C000550,2023-02-04,2023-11-17,8,13074.46,1634.3075,1657.855331115216,26,7,家居,40.857142857142854,44,近期活跃
C000551,2023-02-19,2023-10-19,5,5951.05,1190.21,423.56984264699486,19,5,家居,60.5,73,近期活跃
C000552,2023-06-10,2023-10-06,4,6448.5,1612.125,912.8888499885039,13,4,电子产品,39.333333333333336,86,近期活跃
C000553,2023-09-28,2023-12-28,3,5029.62,1676.54,1053.5374567617425,12,3,家居,45.5,3,活跃
C000554,2023-01-05,2023-10-30,4,4406.27,1101.5675,512.7795577292449,12,4,家居,99.33333333333333,62,近期活跃
C000555,2023-01-15,2023-10-13,8,18892.65,2361.58125,1991.2145089972278,36,8,电子产品,38.714285714285715,79,近期活跃
C000556,2023-11-26,2023-11-26,1,1226.54,1226.54,,2,1,家居,0.0,35,近期活跃
C000557,2023-01-18,2023-05-08,3,3980.8199999999997,1326.9399999999998,1429.1471552292996,11,3,家居,55.0,237,流失
C000558,2023-02-20,2023-11-11,7,7857.15,1122.45,1257.4743448675206,20,6,玩具,44.0,50,近期活跃
C000559,2023-01-24,2023-11-17,4,3297.84,824.46,436.7379166044551,15,4,图书,99.0,44,近期活跃
C000560,2023-04-24,2023-12-09,9,13957.09,1550.7877777777778,922.0014830082674,34,9,电子产品,28.625,22,活跃
C000561,2023-02-11,2023-09-02,4,6450.02,1612.505,1748.4299722417634,12,3,美妆,67.66666666666667,120,沉睡
C000562,2023-03-22,2023-11-05,6,6092.68,1015.4466666666667,689.6908820527256,18,5,图书,45.6,56,近期活跃
C000563,2023-02-25,2023-06-24,4,3252.11,813.0275,309.22618554223374,12,4,玩具,39.666666666666664,190,流失
C000564,2023-01-06,2023-12-31,10,16927.18,1692.718,1052.6808061199433,39,10,图书,39.888888888888886,0,活跃
C000565,2023-03-23,2023-05-17,3,7113.969999999999,2371.3233333333333,790.0786349682753,15,3,服装,27.5,228,流失
C000566,2023-01-20,2023-12-09,3,8025.79,2675.2633333333333,3109.2921724458984,12,3,玩具,161.5,22,活跃
C000567,2023-03-30,2023-12-12,3,7532.27,2510.7566666666667,2849.281080840101,15,3,家居,128.5,19,活跃
C000568,2023-01-22,2023-12-18,4,9818.42,2454.605,1772.0001051448428,18,4,家居,110.0,13,活跃
C000569,2023-02-26,2023-05-02,2,1986.15,993.075,606.110719629673,3,2,家居,65.0,243,流失
C000570,2023-04-18,2023-12-31,3,3567.96,1189.32,654.4081316731936,10,3,服装,128.5,0,活跃
C000571,2023-01-16,2023-08-10,5,4208.78,841.756,1054.5614920572439,10,5,图书,51.5,143,沉睡
C000572,2023-01-04,2023-05-13,5,7562.5,1512.5,691.6031350782038,22,5,图书,32.25,232,流失
C000573,2023-03-12,2023-12-02,4,10533.15,2633.2875,2946.4079249302304,21,4,图书,88.33333333333333,29,活跃
C000574,2023-05-27,2023-09-26,4,3881.52,970.38,784.0106507354774,11,4,图书,40.666666666666664,96,沉睡
C000575,2023-01-06,2023-12-29,6,8255.3,1375.8833333333332,392.4056311352663,27,5,玩具,71.4,2,活跃
C000576,2023-07-21,2023-11-18,2,4151.43,2075.715,1582.3423417358206,8,2,服装,120.0,43,近期活跃
C000577,2023-01-12,2023-12-23,7,19151.54,2735.934285714286,2509.7615135762544,33,6,服装,57.5,8,活跃
C000578,2023-01-19,2023-11-18,6,17620.190000000002,2936.6983333333337,1612.3877834741454,28,6,电子产品,60.6,43,近期活跃
C000579,2023-01-20,2023-08-13,5,12178.17,2435.634,2769.889237258414,30,5,图书,51.25,140,沉睡
C000580,2023-05-06,2023-09-20,4,5787.87,1446.9675,841.6390497663871,13,4,家居,45.666666666666664,102,沉睡
C000581,2023-01-14,2023-12-23,4,4106.6900000000005,1026.6725000000001,570.9319161613463,11,4,玩具,114.33333333333333,8,活跃
C000582,2023-02-02,2023-11-14,6,11666.48,1944.4133333333332,1497.1508665684519,26,5,服装,57.0,47,近期活跃
C000583,2023-03-12,2023-12-20,5,4355.44,871.088,493.55372571787973,14,5,家居,70.75,11,活跃
C000584,2023-12-06,2023-12-06,1,1314.8,1314.8,,4,1,家居,0.0,25,活跃
C000585,2023-03-01,2023-12-24,5,10292.75,2058.55,1943.3454636270928,18,4,玩具,74.5,7,活跃
C000586,2023-02-03,2023-09-27,4,3064.3199999999997,766.0799999999999,257.48413400958634,10,4,美妆,78.66666666666667,95,沉睡
C000587,2023-01-09,2023-12-02,12,19609.93,1634.1608333333334,1399.7299942648572,40,10,电子产品,29.727272727272727,29,活跃
C000588,2023-01-26,2023-11-16,5,10102.36,2020.4720000000002,1224.1536681805924,18,5,图书,73.5,45,近期活跃
C000589,2023-06-26,2023-11-24,4,8090.549999999999,2022.6374999999998,1421.6713871678176,15,4,服装,50.333333333333336,37,近期活跃
C000590,2023-02-07,2023-11-27,6,11076.79,1846.131666666667,2151.8770112942484,27,6,服装,58.6,34,近期活跃
C000591,2023-03-28,2023-12-22,4,6033.77,1508.4425,360.1652037954249,10,3,运动,89.66666666666667,9,活跃
C000592,2023-01-28,2023-08-07,6,18458.09,3076.3483333333334,1432.6094647937612,29,6,服装,38.2,146,沉睡
C000593,2023-12-18,2023-12-18,1,379.85,379.85,,1,1,美妆,0.0,13,活跃
C000594,2023-01-05,2023-11-27,8,6285.79,785.72375,765.3533682636407,29,7,运动,46.57142857142857,34,近期活跃
C000595,2023-04-06,2023-09-18,4,4104.55,1026.1375,451.8168366624541,11,4,图书,55.0,104,沉睡
C000596,2023-02-27,2023-12-27,5,9535.15,1907.03,824.3039612909791,24,5,玩具,75.75,4,活跃
C000597,2023-12-14,2023-12-26,2,6142.33,3071.165,433.08169027332497,11,2,服装,12.0,5,活跃
C000598,2023-05-30,2023-11-11,5,5108.1900000000005,1021.6380000000001,512.1069680447631,14,5,图书,41.25,50,近期活跃
C000599,2023-02-18,2023-06-18,3,4249.24,1416.4133333333332,1491.536343517426,8,3,玩具,60.0,196,流失
C000600,2023-02-12,2023-08-27,2,1748.42,874.21,522.9054646874519,7,2,美妆,196.0,126,沉睡
C000601,2023-02-22,2023-09-22,5,3637.59,727.518,364.23402850365306,13,5,食品,53.0,100,沉睡
C000602,2023-03-03,2023-07-22,2,352.04,176.02,74.30278056708241,12,2,电子产品,141.0,162,沉睡
C000603,2023-01-26,2023-11-03,7,12112.83,1730.4042857142856,1715.8986272490688,36,7,家居,46.833333333333336,58,近期活跃
C000604,2023-02-21,2023-11-29,4,9571.84,2392.96,2531.3968775756994,15,4,食品,93.66666666666667,32,近期活跃
C000605,2023-06-14,2023-12-29,8,29468.760000000002,3683.5950000000003,2205.4922128566736,55,8,电子产品,28.285714285714285,2,活跃
C000606,2023-01-22,2023-11-27,7,12567.73,1795.3899999999999,1381.1968540967164,27,5,美妆,51.5,34,近期活跃
C000607,2023-01-20,2023-12-27,5,10589.789999999999,2117.9579999999996,1833.093279956042,25,5,家居,85.25,4,活跃
C000608,2023-02-06,2023-12-22,7,19401.2,2771.6,2770.2749625984784,40,7,玩具,53.166666666666664,9,活跃
C000609,2023-03-03,2023-12-26,6,10157.46,1692.9099999999999,1004.4481451822189,19,5,图书,59.6,5,活跃
C000610,2023-03-09,2023-10-21,7,8733.47,1247.6385714285714,1197.8071410071068,18,7,电子产品,37.666666666666664,71,近期活跃
C000611,2023-03-31,2023-12-05,6,9387.87,1564.6450000000002,881.3157401465152,19,6,美妆,49.8,26,活跃
C000612,2023-03-15,2023-12-12,6,20328.02,3388.0033333333336,5195.227419509821,28,5,电子产品,54.4,19,活跃
C000613,2023-05-05,2023-12-01,7,8301.19,1185.8842857142859,621.1351459721989,27,6,家居,35.0,30,活跃
C000614,2023-01-14,2023-12-10,8,9080.859999999999,1135.1074999999998,1209.6519872231256,21,8,服装,47.142857142857146,21,活跃
C000615,2023-02-08,2023-12-30,10,16093.32,1609.3319999999999,1704.3772137763399,45,7,家居,36.111111111111114,1,活跃
C000616,2023-05-16,2023-12-05,3,3104.36,1034.7866666666666,422.5718941592464,12,3,图书,101.5,26,活跃
C000617,2023-06-16,2023-08-10,2,5352.71,2676.355,1796.9068234190665,10,2,服装,55.0,143,沉睡
C000618,2023-01-14,2023-11-18,9,29662.53,3295.8366666666666,3487.499255193469,47,9,运动,38.5,43,近期活跃
C000619,2023-01-19,2023-12-29,6,4388.14,731.3566666666667,740.2377788161494,20,5,运动,68.8,2,活跃
C000620,2023-01-11,2023-04-14,3,2375.1000000000004,791.7000000000002,1144.1251267234718,11,3,电子产品,46.5,261,流失
C000621,2023-02-21,2023-12-10,7,8095.71,1156.53,539.7767346474528,23,7,家居,48.666666666666664,21,活跃
C000622,2023-03-22,2023-10-11,9,10022.810000000001,1113.6455555555558,1370.1586398580926,30,7,电子产品,25.375,81,近期活跃
C000623,2023-03-04,2023-12-28,5,10574.27,2114.8540000000003,1636.6175523866289,21,5,食品,74.75,3,活跃
C000624,2023-01-14,2023-12-16,7,15274.289999999999,2182.0414285714282,2364.5414801565553,31,7,电子产品,56.0,15,活跃
C000625,2023-02-22,2023-12-22,8,11677.039999999999,1459.6299999999999,974.2678646039805,30,8,图书,43.285714285714285,9,活跃
C000626,2023-04-03,2023-12-17,7,11633.32,1661.902857142857,1574.9000651122205,23,6,图书,43.0,14,活跃
C000627,2023-01-02,2023-11-13,4,1525.82,381.455,227.70369950149396,11,4,服装,105.0,48,近期活跃
C000628,2023-06-04,2023-11-05,4,9508.21,2377.0525,1197.266051173116,16,3,电子产品,51.333333333333336,56,近期活跃
C000629,2023-03-17,2023-09-16,2,2053.44,1026.72,864.1551972880796,4,2,图书,183.0,106,沉睡
C000630,2023-02-23,2023-11-10,4,9991.939999999999,2497.9849999999997,2780.8841917454956,19,4,图书,86.66666666666667,51,近期活跃
C000631,2023-02-23,2023-12-17,3,5200.36,1733.4533333333331,1611.9811880519367,12,3,玩具,148.5,14,活跃
C000632,2023-03-05,2023-10-02,8,11980.95,1497.61875,1455.223320352658,30,8,家居,30.142857142857142,90,近期活跃
C000633,2023-01-18,2023-12-06,2,6621.719999999999,3310.8599999999997,814.982991724367,10,2,食品,322.0,25,活跃
C000634,2023-01-30,2023-11-20,10,12435.72,1243.572,752.8142684295451,37,10,图书,32.666666666666664,41,近期活跃
C000635,2023-02-14,2023-12-04,8,15660.56,1957.57,2048.296764499017,43,8,家居,41.857142857142854,27,活跃
C000636,2023-03-27,2023-12-19,4,6792.08,1698.02,1359.4853082937918,20,4,家居,89.0,12,活跃
C000637,2023-03-16,2023-12-16,4,3926.1000000000004,981.5250000000001,513.8138660708436,11,4,图书,91.66666666666667,15,活跃
C000638,2023-12-16,2023-12-16,1,3637.13,3637.13,,7,1,电子产品,0.0,15,活跃
C000639,2023-01-28,2023-08-23,4,4048.8900000000003,1012.2225000000001,681.4787628080081,8,4,服装,69.0,130,沉睡
C000640,2023-08-05,2023-12-23,2,5992.37,2996.185,3551.366026763504,8,2,电子产品,140.0,8,活跃
C000641,2023-03-17,2023-11-08,6,9999.1,1666.5166666666667,1491.957104419114,24,6,服装,47.2,53,近期活跃
C000643,2023-01-16,2023-10-26,10,12186.23,1218.623,857.1971199211481,29,9,家居,31.444444444444443,66,近期活跃
C000644,2023-07-06,2023-11-03,4,10397.93,2599.4825,1710.839847976718,18,4,家居,40.0,58,近期活跃
C000645,2023-01-22,2023-12-13,5,12226.880000000001,2445.376,2250.606823554483,22,3,家居,81.25,18,活跃
C000646,2023-03-13,2023-12-30,5,10222.54,2044.5080000000003,2778.8192638726973,17,5,服装,73.0,1,活跃
C000647,2023-02-20,2023-12-07,9,9511.9,1056.8777777777777,552.8480661035584,24,8,图书,36.25,24,活跃
C000648,2023-02-11,2023-09-04,4,4920.19,1230.0475,1316.3175932723582,10,4,服装,68.33333333333333,118,沉睡
C000649,2023-01-02,2023-11-24,7,13344.52,1906.3600000000001,1288.386280973218,27,6,电子产品,54.333333333333336,37,近期活跃
C000650,2023-01-07,2023-11-23,6,10641.89,1773.6483333333333,1630.1754846201889,18,6,服装,64.0,38,近期活跃
C000651,2023-01-02,2023-10-12,5,8268.130000000001,1653.6260000000002,835.198980321456,20,5,家居,70.75,80,近期活跃
C000652,2023-07-30,2023-08-22,2,944.1999999999999,472.09999999999997,203.40633667612224,3,2,图书,23.0,131,沉睡
C000653,2023-05-06,2023-05-29,2,3515.9,1757.95,288.40057177474534,8,2,服装,23.0,216,流失
C000654,2023-04-05,2023-12-29,6,15822.19,2637.0316666666668,1880.459410839986,32,6,玩具,53.6,2,活跃
C000655,2023-01-08,2023-12-16,8,6257.75,782.21875,739.0148353901873,22,7,电子产品,48.857142857142854,15,活跃
C000656,2023-02-24,2023-10-27,5,14914.380000000001,2982.876,903.501585516041,22,5,服装,61.25,65,近期活跃
C000657,2023-03-07,2023-12-16,6,12467.419999999998,2077.903333333333,3251.430520313584,25,5,图书,56.8,15,活跃
C000658,2023-01-10,2023-12-05,7,15395.32,2199.3314285714287,1642.675557715,27,6,电子产品,54.833333333333336,26,活跃
C000659,2023-02-28,2023-11-04,6,10084.19,1680.6983333333335,999.5439718274862,21,5,玩具,49.8,57,近期活跃
C000660,2023-07-29,2023-10-04,2,4198.2,2099.1,1219.5894919193097,7,2,家居,67.0,88,近期活跃
C000661,2023-04-03,2023-10-16,4,8265.12,2066.28,1332.668851540647,16,4,图书,65.33333333333333,76,近期活跃
C000662,2023-06-21,2023-12-25,6,11972.29,1995.381666666667,2689.7163402442025,23,6,家居,37.4,6,活跃
C000663,2023-01-21,2023-08-20,4,10851.47,2712.8675,2526.806461924815,20,4,图书,70.33333333333333,133,沉睡
C000664,2023-02-15,2023-11-26,7,11425.77,1632.2528571428572,1982.5188808156347,33,7,服装,47.333333333333336,35,近期活跃
C000665,2023-01-25,2023-08-19,5,6254.07,1250.8139999999999,1425.8615274036956,15,5,食品,51.5,134,沉睡
C000666,2023-02-14,2023-10-07,3,5062.27,1687.4233333333334,1131.1602075008354,13,3,玩具,117.5,85,近期活跃
C000667,2023-02-07,2023-12-22,5,7914.77,1582.9540000000002,1131.6212678630602,19,4,食品,79.5,9,活跃
C000668,2023-01-09,2023-08-29,9,16833.15,1870.3500000000001,1634.3738176056906,37,9,服装,29.0,124,沉睡
C000669,2023-02-05,2023-06-16,4,5412.23,1353.0575,677.2857702809059,14,4,玩具,43.666666666666664,198,流失
C000670,2023-03-10,2023-09-14,4,3791.0499999999997,947.7624999999999,528.5638134527056,12,4,服装,62.666666666666664,108,沉睡
C000671,2023-01-04,2023-11-07,5,10563.52,2112.704,1407.7327575502388,16,4,电子产品,76.75,54,近期活跃
C000672,2023-01-25,2023-10-12,4,3119.4900000000002,779.8725000000001,745.2759802639109,6,4,家居,86.66666666666667,80,近期活跃
C000673,2023-03-07,2023-12-09,12,19744.12,1645.3433333333332,1613.9882513447203,36,12,食品,25.181818181818183,22,活跃
C000674,2023-05-16,2023-08-27,5,3197.88,639.576,761.3893582655328,19,3,服装,25.75,126,沉睡
C000675,2023-07-03,2023-12-29,2,2319.46,1159.73,24.508321035925633,14,2,美妆,179.0,2,活跃
C000676,2023-02-25,2023-11-08,6,10533.710000000001,1755.6183333333336,1301.756653348339,30,6,图书,51.2,53,近期活跃
C000677,2023-03-25,2023-11-21,7,29175.48,4167.925714285714,3361.0026519073995,51,7,电子产品,40.166666666666664,40,近期活跃
C000678,2023-01-26,2023-09-10,5,5445.28,1089.056,417.82056200000494,12,5,家居,56.75,112,沉睡
C000679,2023-02-22,2023-11-12,3,9588.22,3196.0733333333333,4494.899684245838,19,3,家居,131.5,49,近期活跃
C000680,2023-04-25,2023-12-06,7,10609.28,1515.6114285714286,1454.040276877141,22,6,玩具,37.5,25,活跃
C000681,2023-01-31,2023-12-08,5,14135.349999999999,2827.0699999999997,2999.451203512069,22,5,服装,77.75,23,活跃
C000682,2023-01-10,2023-08-23,3,3646.54,1215.5133333333333,661.5540511049217,10,3,图书,112.5,130,沉睡
C000683,2023-01-16,2023-09-21,6,11096.59,1849.4316666666666,1247.0697885429934,24,6,服装,49.6,101,沉睡
C000685,2023-03-11,2023-08-08,3,3487.73,1162.5766666666666,720.4065748126771,9,3,家居,75.0,145,沉睡
C000686,2023-01-02,2023-12-20,4,5381.46,1345.365,765.595681131148,14,4,图书,117.33333333333333,11,活跃
C000687,2023-02-19,2023-11-15,5,10891.44,2178.288,1398.259442474822,17,5,电子产品,67.25,46,近期活跃
C000688,2023-01-18,2023-12-26,7,12658.96,1808.422857142857,1549.6962866931303,35,7,家居,57.0,5,活跃
C000689,2023-02-09,2023-09-08,3,4334.77,1444.9233333333334,840.8540150545358,13,3,家居,105.5,114,沉睡
C000690,2023-02-14,2023-11-12,6,16576.9,2762.816666666667,2004.809374406122,30,5,服装,54.2,49,近期活跃
C000691,2023-02-09,2023-10-03,5,12524.970000000001,2504.994,1348.9539312482098,19,5,玩具,59.0,89,近期活跃
C000692,2023-01-19,2023-12-19,5,10410.619999999999,2082.124,694.1074815401431,18,5,图书,83.5,12,活跃
C000693,2023-01-26,2023-09-27,4,9541.880000000001,2385.4700000000003,2344.235139556895,20,3,图书,81.33333333333333,95,沉睡
C000694,2023-01-23,2023-08-21,7,16387.03,2341.0042857142857,2102.78826583386,29,7,玩具,35.0,132,沉睡
C000695,2023-02-03,2023-10-18,4,8729.15,2182.2875,2128.750617637413,18,4,图书,85.66666666666667,74,近期活跃
C000696,2023-01-13,2023-12-18,10,9395.59,939.559,822.1443277382763,28,9,电子产品,37.666666666666664,13,活跃
C000697,2023-05-10,2023-12-17,7,19378.809999999998,2768.4014285714284,1630.917814579964,34,7,电子产品,36.833333333333336,14,活跃
C000698,2023-09-30,2023-12-22,2,8696.46,4348.23,2474.1383431004824,16,2,玩具,83.0,9,活跃
C000699,2023-05-26,2023-12-24,6,10370.369999999999,1728.3949999999998,948.9169407013451,24,6,服装,42.4,7,活跃
C000700,2023-01-21,2023-11-04,6,11124.380000000001,1854.0633333333335,1909.3854168676023,24,5,电子产品,57.4,57,近期活跃
C000701,2023-01-18,2023-12-18,6,7053.94,1175.6566666666665,870.1939426970673,19,4,图书,66.8,13,活跃
C000702,2023-06-28,2023-07-20,3,7397.48,2465.8266666666664,710.013569612112,17,3,家居,11.0,164,沉睡
C000703,2023-01-28,2023-12-21,10,21328.81,2132.8810000000003,1914.6888192570036,48,9,图书,36.333333333333336,10,活跃
C000704,2023-02-19,2023-11-25,4,7537.450000000001,1884.3625000000002,1688.1755872612896,22,4,家居,93.0,36,近期活跃
C000705,2023-01-11,2023-12-04,4,5143.45,1285.8625,1070.3453459008763,13,4,食品,109.0,27,活跃
C000706,2023-03-22,2023-10-25,3,5983.04,1994.3466666666666,1293.4224603869122,11,3,家居,108.5,67,近期活跃
C000707,2023-01-07,2023-11-23,7,8901.960000000001,1271.7085714285715,770.042278523904,23,6,美妆,53.333333333333336,38,近期活跃
C000708,2023-01-18,2023-12-02,5,12673.519999999999,2534.7039999999997,1655.1237527991675,29,5,电子产品,79.5,29,活跃
C000709,2023-01-09,2023-11-03,3,8240.04,2746.6800000000003,944.6825830933901,18,3,家居,149.0,58,近期活跃
C000710,2023-01-11,2023-12-17,6,13821.65,2303.608333333333,1259.9257612639988,32,6,家居,68.0,14,活跃
C000711,2023-02-15,2023-09-20,6,8680.22,1446.7033333333331,1183.9808403123197,17,6,服装,43.4,102,沉睡
C000712,2023-01-28,2023-10-16,3,3930.7799999999997,1310.26,1048.961792059177,8,3,电子产品,130.5,76,近期活跃
C000713,2023-01-20,2023-10-28,9,20831.46,2314.6066666666666,1404.9545011138262,41,8,电子产品,35.125,64,近期活跃
C000714,2023-04-17,2023-10-23,7,7311.759999999999,1044.5371428571427,966.2505346564159,22,7,家居,31.5,69,近期活跃
C000715,2023-01-12,2023-10-27,6,6636.07,1106.0116666666665,1198.8569519407506,11,6,图书,57.6,65,近期活跃
C000716,2023-01-02,2023-12-28,6,7608.27,1268.045,1384.9820814978075,20,6,家居,72.0,3,活跃
C000717,2023-08-16,2023-12-13,4,6992.25,1748.0625,2209.9503046203704,17,4,玩具,39.666666666666664,18,活跃
C000718,2023-04-28,2023-12-31,5,12829.439999999999,2565.888,2059.131933053344,20,5,食品,61.75,0,活跃
C000719,2023-02-19,2023-07-16,6,11691.24,1948.54,1377.3208367987468,24,6,运动,29.4,168,沉睡
C000720,2023-07-27,2023-11-25,2,1747.4099999999999,873.7049999999999,507.8935877228614,15,2,家居,121.0,36,近期活跃
C000721,2023-05-19,2023-05-19,1,240.35,240.35,,2,1,家居,0.0,226,流失
C000722,2023-06-18,2023-06-18,1,2045.7,2045.7,,6,1,美妆,0.0,196,流失
C000723,2023-04-30,2023-04-30,1,1266.18,1266.18,,3,1,美妆,0.0,245,流失
C000724,2023-03-16,2023-08-17,4,9595.97,2398.9925,2401.738382621707,19,4,食品,51.333333333333336,136,沉睡
C000725,2023-01-11,2023-08-07,5,10267.11,2053.422,1391.8510862409096,22,5,电子产品,52.0,146,沉睡
C000726,2023-01-16,2023-10-07,8,13528.45,1691.05625,1310.5238054516053,25,8,图书,37.714285714285715,85,近期活跃
C000727,2023-02-10,2023-10-25,6,12937.85,2156.3083333333334,1182.5195999291793,24,6,服装,51.4,67,近期活跃
C000728,2023-01-07,2023-12-15,6,12979.59,2163.265,1511.2142842198125,24,6,电子产品,68.4,16,活跃
C000729,2023-01-18,2023-02-17,3,7070.77,2356.9233333333336,1444.7830681570622,14,3,服装,15.0,317,流失
C000730,2023-02-03,2023-11-09,4,7305.1,1826.275,1463.0916452840538,18,4,图书,93.0,52,近期活跃
C000731,2023-04-09,2023-05-29,2,806.98,403.49,62.94664566122645,4,2,图书,50.0,216,流失
C000732,2023-05-26,2023-05-26,1,2961.48,2961.48,,4,1,家居,0.0,219,流失
C000733,2023-04-01,2023-06-10,4,7254.1,1813.525,1408.7422696978085,14,4,图书,23.333333333333332,204,流失
C000734,2023-01-16,2023-10-28,3,7164.0,2388.0,659.2914390464963,13,3,玩具,142.5,64,近期活跃
C000735,2023-04-29,2023-10-14,2,1057.9299999999998,528.9649999999999,348.1864501240678,4,2,图书,168.0,78,近期活跃
C000736,2023-01-19,2023-08-15,4,4464.99,1116.2475,350.3110950165106,14,4,家居,69.33333333333333,138,沉睡
C000737,2023-04-28,2023-07-21,2,3259.8900000000003,1629.9450000000002,818.8225815462102,10,2,玩具,84.0,163,沉睡
C000738,2023-10-30,2023-12-05,2,863.22,431.61,339.9627982588683,5,2,家居,36.0,26,活跃
C000739,2023-03-03,2023-12-17,7,8091.44,1155.9199999999998,1016.8684084646023,26,7,图书,48.166666666666664,14,活跃
C000740,2023-02-02,2023-07-22,4,3444.8,861.2,770.6547575925292,7,4,图书,56.666666666666664,162,沉睡
C000741,2023-03-24,2023-07-25,3,3694.3,1231.4333333333334,986.2793029022425,14,3,玩具,61.5,159,沉睡
C000742,2023-04-10,2023-12-23,6,14004.900000000001,2334.15,2184.6892808635284,34,6,食品,51.4,8,活跃
C000743,2023-02-27,2023-11-15,4,3546.32,886.58,1088.9441295432318,20,4,图书,87.0,46,近期活跃
C000744,2023-10-14,2023-12-14,4,10425.93,2606.4825,3700.681245945356,19,4,图书,20.333333333333332,17,活跃
C000745,2023-08-05,2023-12-17,3,4992.9800000000005,1664.3266666666668,1027.4179655005714,16,2,图书,67.0,14,活跃
C000746,2023-01-15,2023-08-28,6,8775.0,1462.5,1538.1644420412274,17,6,家居,45.0,125,沉睡
C000747,2023-01-17,2023-06-21,5,6821.66,1364.3319999999999,1250.0462214934294,17,3,图书,38.75,193,流失
C000748,2023-01-09,2023-10-30,7,5887.69,841.0985714285714,829.9227027747538,21,6,服装,49.0,62,近期活跃
C000749,2023-01-23,2023-12-24,6,10576.65,1762.7749999999999,1866.3830225090453,26,6,电子产品,67.0,7,活跃
C000750,2023-01-28,2023-11-25,4,5965.07,1491.2675,1140.0310540324474,11,4,服装,100.33333333333333,36,近期活跃
C000751,2023-01-02,2023-11-20,6,7982.6900000000005,1330.4483333333335,2281.1963029026388,18,6,玩具,64.4,41,近期活跃
C000752,2023-05-06,2023-09-29,3,5061.06,1687.0200000000002,793.6606654610016,12,3,家居,73.0,93,沉睡
C000753,2023-01-16,2023-11-16,6,8413.65,1402.2749999999999,833.413351818892,21,6,服装,60.8,45,近期活跃
C000754,2023-04-10,2023-12-06,4,11702.240000000002,2925.5600000000004,2020.7175532633617,23,4,美妆,80.0,25,活跃
C000755,2023-04-06,2023-08-19,4,3834.14,958.535,560.460603462307,23,3,图书,45.0,134,沉睡
C000756,2023-02-08,2023-09-28,5,12675.009999999998,2535.0019999999995,1868.5122894484798,20,5,家居,58.0,94,沉睡
C000757,2023-02-08,2023-12-17,3,3236.95,1078.9833333333333,298.65079714163386,5,3,玩具,156.0,14,活跃
C000758,2023-01-25,2023-11-04,5,9962.369999999999,1992.4739999999997,1205.729620636401,18,5,电子产品,70.75,57,近期活跃
C000759,2023-03-28,2023-08-21,3,5721.29,1907.0966666666666,1359.0884782578848,11,3,图书,73.0,132,沉睡
C000760,2023-03-06,2023-10-18,9,8479.89,942.2099999999999,930.5299509285019,23,8,家居,28.25,74,近期活跃
C000761,2023-03-05,2023-06-25,5,16787.54,3357.5080000000003,2779.685147003164,26,5,食品,28.0,189,流失
C000762,2023-03-23,2023-11-05,5,6556.53,1311.306,544.3583501518095,14,5,图书,56.75,56,近期活跃
C000763,2023-06-07,2023-11-30,3,3298.42,1099.4733333333334,1080.9943580487982,8,3,图书,88.0,31,近期活跃
C000764,2023-03-27,2023-06-18,2,1434.53,717.265,12.027886347983166,3,2,服装,83.0,196,流失
C000765,2023-01-03,2023-09-23,8,15267.82,1908.4775,1973.7011217416598,35,8,玩具,37.57142857142857,99,沉睡
C000766,2023-04-12,2023-06-06,2,3202.68,1601.34,843.1541258868392,11,2,图书,55.0,208,流失
C000767,2023-01-09,2023-10-30,8,11802.070000000002,1475.2587500000002,1485.1672714203658,31,8,家居,42.0,62,近期活跃
C000768,2023-01-17,2023-08-15,4,6031.79,1507.9475,1841.3287347705368,11,4,电子产品,70.0,138,沉睡
C000769,2023-06-08,2023-12-05,3,1740.98,580.3266666666667,316.89027317564256,9,3,运动,90.0,26,活跃
C000770,2023-03-17,2023-11-29,8,20113.239999999998,2514.1549999999997,2154.074211826775,36,8,玩具,36.714285714285715,32,近期活跃
C000771,2023-01-15,2023-12-30,6,22057.92,3676.3199999999997,5255.97738222683,32,6,电子产品,69.8,1,活跃
C000772,2023-04-15,2023-11-12,9,17787.53,1976.392222222222,1125.6524026178972,39,8,电子产品,26.375,49,近期活跃
C000773,2023-02-03,2023-12-14,3,2425.81,808.6033333333334,514.2635079736199,6,3,图书,157.0,17,活跃
C000774,2023-01-31,2023-12-05,4,6152.16,1538.04,335.05559747600097,18,4,图书,102.66666666666667,26,活跃
C000775,2023-04-28,2023-11-09,9,19118.09,2124.2322222222224,1615.8889655293287,44,8,图书,24.375,52,近期活跃
C000776,2023-03-20,2023-10-09,3,4238.21,1412.7366666666667,852.8329501334557,12,2,服装,101.5,83,近期活跃
C000777,2023-08-24,2023-12-29,3,7589.4,2529.7999999999997,2625.9681945522493,13,3,电子产品,63.5,2,活跃
C000778,2023-04-16,2023-11-10,7,14577.7,2082.5285714285715,1243.5456636760948,32,6,电子产品,34.666666666666664,51,近期活跃
C000779,2023-07-03,2023-12-16,8,13058.47,1632.30875,1341.5275118784505,27,7,服装,23.714285714285715,15,活跃
C000780,2023-04-07,2023-04-07,1,1677.46,1677.46,,2,1,服装,0.0,268,流失
C000781,2023-03-31,2023-12-22,6,5794.51,965.7516666666667,847.5737838658453,18,6,家居,53.2,9,活跃
C000782,2023-06-01,2023-10-20,3,3407.8599999999997,1135.9533333333331,672.0889769467531,11,3,图书,70.5,72,近期活跃
C000783,2023-02-23,2023-11-16,5,9335.02,1867.0040000000001,1338.0433867890831,24,5,家居,66.5,45,近期活跃
C000784,2023-01-16,2023-11-18,6,11726.39,1954.3983333333333,1633.2454699207544,23,6,图书,61.2,43,近期活跃
C000785,2023-01-13,2023-12-16,5,14185.71,2837.142,1748.014576432359,32,5,电子产品,84.25,15,活跃
C000786,2023-03-05,2023-10-13,6,12854.61,2142.435,1439.5546274421126,22,6,美妆,44.4,79,近期活跃
C000787,2023-04-11,2023-12-09,5,14915.35,2983.07,3254.7837184212412,32,5,图书,60.5,22,活跃
C000788,2023-04-24,2023-12-19,5,14007.29,2801.458,4077.081424955847,30,5,电子产品,59.75,12,活跃
C000789,2023-02-07,2023-07-24,3,2561.41,853.8033333333333,473.4355918531404,10,3,家居,83.5,160,沉睡
C000790,2023-01-30,2023-11-30,3,7930.79,2643.596666666667,1812.4067446722142,21,3,家居,152.0,31,近期活跃
C000791,2023-02-17,2023-09-27,7,8451.699999999999,1207.3857142857141,1659.747389292089,24,7,服装,37.0,95,沉睡
C000792,2023-07-18,2023-10-30,3,10263.43,3421.1433333333334,713.0415781939598,14,3,服装,52.0,62,近期活跃
C000793,2023-05-13,2023-08-21,3,2599.68,866.56,1059.1795641438707,11,3,图书,50.0,132,沉睡
C000794,2023-04-04,2023-12-11,5,4665.88,933.176,980.1644505795953,16,5,家居,62.75,20,活跃
C000795,2023-02-01,2023-12-12,7,5544.17,792.0242857142857,799.2412585041128,32,7,家居,52.333333333333336,19,活跃
C000796,2023-01-16,2023-11-17,4,16922.95,4230.7375,1313.3362427643324,23,3,食品,101.66666666666667,44,近期活跃
C000797,2023-03-21,2023-08-24,5,8816.220000000001,1763.2440000000001,1367.7197786206061,22,5,美妆,39.0,129,沉睡
C000798,2023-01-09,2023-10-23,8,12385.619999999999,1548.2024999999999,1173.8546259074358,25,8,电子产品,41.0,69,近期活跃
C000799,2023-01-30,2023-12-30,7,9574.07,1367.7242857142858,926.9928526487702,22,7,图书,55.666666666666664,1,活跃
C000800,2023-03-07,2023-04-01,2,1442.05,721.025,722.42978513486,3,2,玩具,25.0,274,流失
C000801,2023-09-29,2023-12-22,2,5357.84,2678.92,3188.740456167607,8,2,家居,84.0,9,活跃
C000802,2023-01-07,2023-10-24,5,10751.91,2150.382,2395.094658258834,21,3,图书,72.5,68,近期活跃
C000803,2023-01-15,2023-12-04,4,2107.82,526.955,319.0381763467605,15,4,图书,107.66666666666667,27,活跃
C000804,2023-02-26,2023-11-19,5,10718.49,2143.698,1799.1235103155093,21,5,电子产品,66.5,42,近期活跃
C000805,2023-01-08,2023-12-15,7,12442.75,1777.5357142857142,1924.3688918608887,28,7,图书,56.833333333333336,16,活跃
C000806,2023-01-30,2023-11-21,7,20452.21,2921.7442857142855,1240.070286836693,32,7,电子产品,49.166666666666664,40,近期活跃
C000807,2023-02-10,2023-11-07,5,8998.26,1799.652,1341.5238377941705,17,5,玩具,67.5,54,近期活跃
C000808,2023-01-04,2023-09-14,4,1983.51,495.8775,408.2413788740676,7,4,运动,84.33333333333333,108,沉睡
C000809,2023-01-01,2023-07-29,5,6729.0199999999995,1345.8039999999999,627.4334399998138,18,5,服装,52.25,155,沉睡
C000810,2023-02-12,2023-12-12,6,10872.89,1812.1483333333333,1358.1854485366373,27,6,家居,60.6,19,活跃
C000811,2023-09-24,2023-11-16,3,1233.52,411.17333333333335,318.985773402723,7,3,图书,26.5,45,近期活跃
C000812,2023-01-11,2023-12-31,6,8403.2,1400.5333333333335,753.666194085065,18,6,图书,70.8,0,活跃
C000813,2023-01-01,2023-12-30,7,17042.76,2434.68,2419.6764547627713,36,7,电子产品,60.5,1,活跃
C000814,2023-01-01,2023-09-09,9,20953.2,2328.133333333333,1339.2963421326886,46,9,服装,31.375,113,沉睡
C000815,2023-07-28,2023-11-17,2,2274.2799999999997,1137.1399999999999,878.014490199336,8,2,家居,112.0,44,近期活跃
C000816,2023-04-07,2023-09-28,3,5338.6900000000005,1779.5633333333335,1873.0901526710702,11,3,图书,87.0,94,沉睡
C000817,2023-03-09,2023-12-10,5,14900.14,2980.028,2896.563186557476,22,5,服装,69.0,21,活跃
C000818,2023-01-10,2023-12-22,5,7889.18,1577.836,1677.3263636603342,14,5,家居,86.5,9,活跃
C000819,2023-02-24,2023-12-04,7,4536.08,648.0114285714286,570.9106027925496,20,6,家居,47.166666666666664,27,活跃
C000820,2023-01-01,2023-12-03,8,10021.09,1252.63625,1315.7218812167332,21,8,服装,48.0,28,活跃
C000821,2023-01-22,2023-12-30,6,10805.16,1800.86,1306.3883875632089,21,5,图书,68.4,1,活跃
C000822,2023-01-05,2023-09-03,3,4388.7699999999995,1462.9233333333332,1201.6112744699649,9,3,玩具,120.5,119,沉睡
C000823,2023-07-04,2023-09-20,2,1971.3,985.65,867.9311474996159,5,2,图书,78.0,102,沉睡
C000824,2023-01-10,2023-12-24,10,9841.56,984.156,636.9734523894139,32,9,图书,38.666666666666664,7,活跃
C000825,2023-01-11,2023-12-02,10,12954.35,1295.435,866.6812918028814,34,8,服装,36.111111111111114,29,活跃
C000826,2023-04-03,2023-07-23,3,2621.92,873.9733333333334,872.3482151258942,9,3,家居,55.5,161,沉睡
C000827,2023-02-12,2023-12-20,7,7753.48,1107.6399999999999,483.110228588328,20,7,服装,51.833333333333336,11,活跃
C000828,2023-03-27,2023-12-29,4,7668.94,1917.235,1194.6104898668852,22,4,食品,92.33333333333333,2,活跃
C000829,2023-01-14,2023-11-11,6,8609.109999999999,1434.8516666666665,985.9166372755187,21,6,电子产品,60.2,50,近期活跃
C000830,2023-01-11,2023-11-15,6,10901.720000000001,1816.9533333333336,1774.1510017207293,17,5,服装,61.6,46,近期活跃
C000831,2023-05-10,2023-06-24,3,3896.86,1298.9533333333334,396.01624718353827,10,3,图书,22.5,190,流失
C000832,2023-04-01,2023-12-14,7,16223.009999999998,2317.5728571428567,3544.763078687179,29,7,图书,42.833333333333336,17,活跃
C000833,2023-06-05,2023-10-25,3,3134.8,1044.9333333333334,258.0231790621404,14,3,图书,71.0,67,近期活跃
C000834,2023-03-13,2023-11-14,3,4936.68,1645.5600000000002,1023.85215182662,10,2,服装,123.0,47,近期活跃
C000835,2023-03-25,2023-10-16,6,6502.25,1083.7083333333333,897.2520518431076,17,6,服装,41.0,76,近期活跃
C000836,2023-05-19,2023-10-09,2,3002.0299999999997,1501.0149999999999,777.7821039661428,7,2,电子产品,143.0,83,近期活跃
C000837,2023-01-02,2023-12-21,6,4619.62,769.9366666666666,830.1128594514524,19,6,电子产品,70.6,10,活跃
C000838,2023-01-04,2023-10-28,5,4084.37,816.874,752.7598312410138,9,5,图书,74.25,64,近期活跃
C000839,2023-07-16,2023-07-16,1,2960.04,2960.04,,5,1,玩具,0.0,168,沉睡
C000840,2023-07-24,2023-10-21,2,4815.91,2407.955,2176.4817435600053,10,2,图书,89.0,71,近期活跃
C000841,2023-04-05,2023-12-18,9,27752.760000000002,3083.6400000000003,3126.9819195471855,43,8,家居,32.125,13,活跃
C000842,2023-01-12,2023-08-25,3,4870.46,1623.4866666666667,1570.7951894608454,9,3,家居,112.5,128,沉睡
C000843,2023-01-30,2023-10-07,6,11603.86,1933.9766666666667,1355.4030620544822,23,5,食品,50.0,85,近期活跃
C000844,2023-03-09,2023-09-27,5,10572.95,2114.59,1209.6478131671217,17,5,电子产品,50.5,95,沉睡
C000845,2023-03-13,2023-10-22,5,7135.76,1427.152,1164.092387020893,19,5,服装,55.75,70,近期活跃
C000846,2023-04-13,2023-05-27,4,6798.24,1699.56,707.3077543285762,13,4,家居,14.666666666666666,218,流失
C000847,2023-01-29,2023-10-15,3,3663.17,1221.0566666666666,1055.2297422520523,7,3,食品,129.5,77,近期活跃
C000848,2023-01-05,2023-07-05,4,8204.25,2051.0625,606.546624939089,17,4,家居,60.333333333333336,179,沉睡
C000849,2023-01-03,2023-08-25,4,5754.9,1438.725,915.8467250400946,13,4,图书,78.0,128,沉睡
C000850,2023-06-20,2023-11-11,3,2100.9300000000003,700.3100000000001,629.9489245962724,7,3,电子产品,72.0,50,近期活跃
C000851,2023-02-08,2023-12-08,5,10339.63,2067.926,1713.4418710536986,24,5,家居,75.75,23,活跃
C000852,2023-01-09,2023-09-10,5,7391.12,1478.224,1171.9893633817674,17,5,家居,61.0,112,沉睡
C000853,2023-07-02,2023-07-02,1,1790.34,1790.34,,3,1,玩具,0.0,182,流失
C000854,2023-04-28,2023-12-18,4,7792.69,1948.1725,857.8141359437951,17,4,图书,78.0,13,活跃
C000855,2023-12-29,2023-12-29,1,1107.36,1107.36,,9,1,服装,0.0,2,活跃
C000856,2023-07-21,2023-12-13,3,8618.970000000001,2872.9900000000002,3773.353022538443,29,2,服装,72.5,18,活跃
C000857,2023-01-07,2023-12-07,8,15489.800000000001,1936.2250000000001,2093.8759299442745,33,8,电子产品,47.714285714285715,24,活跃
C000858,2023-05-07,2023-10-23,5,11185.6,2237.12,1950.7289637594454,21,5,图书,42.25,69,近期活跃
C000859,2023-02-04,2023-08-24,3,5530.68,1843.5600000000002,1390.913892805734,11,3,图书,100.5,129,沉睡
C000860,2023-02-23,2023-12-04,5,11533.23,2306.6459999999997,2796.584093511225,29,5,电子产品,71.0,27,活跃
C000861,2023-03-05,2023-03-05,1,714.65,714.65,,4,1,美妆,0.0,301,流失
C000862,2023-02-25,2023-07-22,2,2449.7,1224.85,361.88310847565134,4,2,图书,147.0,162,沉睡
C000863,2023-02-05,2023-12-23,7,17532.07,2504.5814285714287,1980.2284394098624,35,6,食品,53.5,8,活跃
C000864,2023-01-02,2023-11-18,11,17693.73,1608.520909090909,1075.4124759128897,47,9,美妆,32.0,43,近期活跃
C000865,2023-01-13,2023-07-29,5,8422.45,1684.4900000000002,1134.937303819026,21,5,服装,49.25,155,沉睡
C000866,2023-01-27,2023-09-12,9,7516.19,835.1322222222221,885.5063111827292,31,8,电子产品,28.5,110,沉睡
C000867,2023-02-13,2023-11-07,9,18358.23,2039.8033333333333,1828.1422703662865,50,8,玩具,33.375,54,近期活跃
C000868,2023-03-11,2023-12-18,5,3429.9,685.98,671.2974358285603,18,4,家居,70.5,13,活跃
C000869,2023-04-10,2023-12-09,3,4625.27,1541.756666666667,1160.468223706851,8,3,图书,121.5,22,活跃
C000870,2023-03-02,2023-12-04,4,14156.27,3539.0675,3592.436182660962,23,4,食品,92.33333333333333,27,活跃
C000871,2023-03-05,2023-09-15,5,5116.82,1023.3639999999999,1349.1199530175218,13,5,图书,48.5,107,沉睡
C000872,2023-01-24,2023-05-19,5,6607.209999999999,1321.4419999999998,1164.406747519955,17,5,家居,28.75,226,流失
C000873,2023-01-08,2023-08-15,3,2540.4900000000002,846.83,669.9986117149796,15,3,家居,109.5,138,沉睡
C000874,2023-03-21,2023-10-15,3,3473.12,1157.7066666666667,833.3740710109317,10,3,图书,104.0,77,近期活跃
C000875,2023-01-19,2023-10-13,4,6840.93,1710.2325,1912.582298070247,10,3,家居,89.0,79,近期活跃
C000876,2023-01-04,2023-12-23,8,16228.54,2028.5675,2555.7920771665176,31,8,玩具,50.42857142857143,8,活跃
C000877,2023-02-19,2023-10-15,6,8526.61,1421.1016666666667,1348.196436435235,19,6,电子产品,47.6,77,近期活跃
C000878,2023-01-11,2023-10-16,7,17122.64,2446.0914285714284,1924.3387606866293,31,7,家居,46.333333333333336,76,近期活跃
C000879,2023-01-26,2023-12-08,11,25832.600000000002,2348.418181818182,2372.2175182171563,57,11,电子产品,31.6,23,活跃
C000880,2023-05-31,2023-10-16,3,2890.23,963.41,643.0079994059172,6,3,家居,69.0,76,近期活跃
C000881,2023-03-10,2023-08-09,6,11740.39,1956.7316666666666,1496.1480214392782,29,5,家居,30.4,144,沉睡
C000882,2023-03-05,2023-12-25,6,9704.91,1617.485,1990.8232817580772,26,5,运动,59.0,6,活跃
C000883,2023-06-06,2023-11-23,3,15177.2,5059.066666666667,2914.2389097898845,29,3,玩具,85.0,38,近期活跃
C000884,2023-07-26,2023-12-27,5,8686.800000000001,1737.3600000000001,3024.3618387107717,29,4,电子产品,38.5,4,活跃
C000885,2023-01-30,2023-10-13,8,13149.380000000001,1643.6725000000001,1031.0398307499363,26,8,图书,36.57142857142857,79,近期活跃
C000886,2023-01-26,2023-11-16,5,9093.64,1818.7279999999998,2760.532850985476,17,5,食品,73.5,45,近期活跃
C000887,2023-01-19,2023-07-11,6,10292.7,1715.45,1429.0004007277255,23,6,运动,34.6,173,沉睡
C000888,2023-03-30,2023-12-17,5,7966.950000000001,1593.39,1784.9364143716718,29,5,电子产品,65.5,14,活跃
C000889,2023-03-05,2023-10-30,6,8408.56,1401.4266666666665,1668.6588972185618,17,6,图书,47.8,62,近期活跃
C000890,2023-01-15,2023-10-31,4,6375.709999999999,1593.9274999999998,2191.909414146716,11,4,电子产品,96.33333333333333,61,近期活跃
C000891,2023-02-03,2023-10-21,4,3412.81,853.2025,155.661089630646,10,4,食品,86.66666666666667,71,近期活跃
C000892,2023-03-31,2023-12-16,4,7308.29,1827.0725,2682.149237189895,14,4,家居,86.66666666666667,15,活跃
C000894,2023-02-26,2023-11-11,5,11188.0,2237.6,1106.079934701828,25,5,电子产品,64.5,50,近期活跃
C000895,2023-01-09,2023-12-27,6,16065.9,2677.65,2144.083325796831,26,5,家居,70.4,4,活跃
C000896,2023-03-12,2023-11-29,8,15974.69,1996.83625,1767.58539322463,36,8,电子产品,37.42857142857143,32,近期活跃
C000897,2023-09-21,2023-12-16,3,12594.73,4198.243333333333,3281.7763877865495,17,3,家居,43.0,15,活跃
C000898,2023-02-02,2023-11-03,8,15309.210000000001,1913.6512500000001,2358.225470466163,33,7,美妆,39.142857142857146,58,近期活跃
C000899,2023-01-01,2023-12-28,6,12365.109999999999,2060.8516666666665,1468.31618338036,28,6,图书,72.2,3,活跃
C000900,2023-02-15,2023-09-18,2,8123.4,4061.7,1265.8625596801573,9,2,电子产品,215.0,104,沉睡
C000901,2023-01-01,2023-10-01,4,6650.650000000001,1662.6625000000001,1846.8573727889766,14,4,电子产品,91.0,91,沉睡
C000902,2023-06-10,2023-11-18,3,2785.7,928.5666666666666,115.29441501362213,11,3,家居,80.5,43,近期活跃
C000903,2023-01-28,2023-07-31,3,4894.79,1631.5966666666666,613.9695233750072,9,3,图书,92.0,153,沉睡
C000904,2023-02-12,2023-12-11,4,9200.099999999999,2300.0249999999996,706.260175501918,20,4,家居,100.66666666666667,20,活跃
C000905,2023-03-22,2023-11-06,7,11723.51,1674.787142857143,1130.849341641262,31,7,图书,38.166666666666664,55,近期活跃
C000906,2023-02-01,2023-11-17,5,13882.02,2776.404,4189.019140118603,21,5,电子产品,72.25,44,近期活跃
C000907,2023-02-14,2023-11-28,2,1514.59,757.295,949.7080467438401,8,2,服装,287.0,33,近期活跃
C000908,2023-01-16,2023-12-12,8,17547.11,2193.38875,1755.4914370661281,40,8,图书,47.142857142857146,19,活跃
C000909,2023-04-10,2023-11-17,5,12805.4,2561.08,3267.157951829082,22,5,玩具,55.25,44,近期活跃
C000910,2023-01-31,2023-10-11,6,7324.82,1220.8033333333333,824.0339725197418,19,6,家居,50.6,81,近期活跃
C000911,2023-05-09,2023-11-08,3,4200.9,1400.3,480.78095979354254,19,3,家居,91.5,53,近期活跃
C000912,2023-04-14,2023-11-26,10,30265.59,3026.559,2105.0598293131193,48,9,服装,25.11111111111111,35,近期活跃
C000913,2023-01-08,2023-11-17,5,10367.43,2073.486,1072.8635818826174,17,5,电子产品,78.25,44,近期活跃
C000914,2023-02-13,2023-08-19,3,6254.6,2084.866666666667,1504.4681581985487,11,3,电子产品,93.5,134,沉睡
C000915,2023-05-22,2023-10-11,4,2541.1800000000003,635.2950000000001,658.0626406100461,12,4,家居,47.333333333333336,81,近期活跃
C000916,2023-02-01,2023-10-14,5,4456.95,891.39,811.0892560316651,15,5,服装,63.75,78,近期活跃
C000917,2023-01-29,2023-09-25,7,12302.56,1757.5085714285713,857.3303243874473,29,7,服装,39.833333333333336,97,沉睡
C000918,2023-05-04,2023-11-29,7,11405.8,1629.3999999999999,1390.0728676583828,28,7,电子产品,34.833333333333336,32,近期活跃
C000919,2023-03-12,2023-12-13,3,5624.93,1874.9766666666667,1218.968342096436,19,3,美妆,138.0,18,活跃
C000920,2023-01-28,2023-12-29,7,11217.16,1602.4514285714286,882.79921319306,34,6,家居,55.833333333333336,2,活跃
C000921,2023-02-24,2023-11-29,6,9051.91,1508.6516666666666,962.4511297186298,14,5,服装,55.6,32,近期活跃
C000922,2023-03-29,2023-12-22,8,12512.31,1564.03875,693.6570933710175,31,7,食品,38.285714285714285,9,活跃
C000923,2023-04-10,2023-12-03,4,11246.380000000001,2811.5950000000003,1513.502363845748,21,4,玩具,79.0,28,活跃
C000924,2023-02-08,2023-10-11,3,1923.35,641.1166666666667,500.1341862273897,8,3,电子产品,122.5,81,近期活跃
C000925,2023-03-06,2023-07-09,2,1405.03,702.515,420.97602217941113,4,1,服装,125.0,175,沉睡
C000926,2023-10-14,2023-11-15,2,6691.73,3345.865,102.45270152611862,12,2,电子产品,32.0,46,近期活跃
C000927,2023-08-04,2023-09-25,3,3360.8399999999997,1120.28,560.9472282666169,6,3,电子产品,26.0,97,沉睡
C000928,2023-08-11,2023-09-11,2,6680.360000000001,3340.1800000000003,2286.245929203593,7,2,电子产品,31.0,111,沉睡
C000929,2023-02-22,2023-10-04,2,820.8100000000001,410.40500000000003,445.18735836723846,6,2,家居,224.0,88,近期活跃
C000930,2023-01-27,2023-11-30,5,5846.82,1169.364,777.9668201022457,20,5,图书,76.75,31,近期活跃
C000931,2023-01-11,2023-12-14,7,16973.920000000002,2424.8457142857146,1707.4651507996405,25,5,玩具,56.166666666666664,17,活跃
C000932,2023-07-11,2023-12-19,4,8394.029999999999,2098.5074999999997,3142.7970944513213,18,4,食品,53.666666666666664,12,活跃
C000933,2023-03-10,2023-09-13,6,11940.53,1990.0883333333334,1919.4186845127529,20,6,家居,37.4,109,沉睡
C000934,2023-01-02,2023-11-18,5,10361.36,2072.272,2403.4339503656015,19,5,服装,80.0,43,近期活跃
C000935,2023-01-04,2023-12-05,6,10133.630000000001,1688.9383333333335,1455.001682190322,25,6,图书,67.0,26,活跃
C000936,2023-01-07,2023-09-05,6,9075.85,1512.6416666666667,1094.8481648597065,15,6,电子产品,48.2,117,沉睡
C000937,2023-01-03,2023-11-11,5,14675.9,2935.18,3891.5184085906617,27,5,图书,78.0,50,近期活跃
C000938,2023-04-23,2023-08-18,2,1841.3,920.65,895.8618653564845,8,2,图书,117.0,135,沉睡
C000939,2023-01-14,2023-11-13,6,18603.510000000002,3100.5850000000005,3675.2871932176945,31,6,图书,60.6,48,近期活跃
C000940,2023-02-21,2023-12-10,7,10682.18,1526.0257142857142,890.9244506289922,41,7,家居,48.666666666666664,21,活跃
C000941,2023-01-03,2023-11-13,8,19467.05,2433.38125,1625.5750722519049,38,8,家居,44.857142857142854,48,近期活跃
C000942,2023-05-07,2023-12-07,3,953.6,317.8666666666667,178.31349285270966,11,3,食品,107.0,24,活跃
C000943,2023-01-25,2023-10-28,5,4798.43,959.686,458.2747257159181,17,5,图书,69.0,64,近期活跃
C000944,2023-04-20,2023-12-08,6,12351.08,2058.5133333333333,1537.8248119167108,21,5,图书,46.4,23,活跃
C000945,2023-02-02,2023-11-21,8,17430.68,2178.835,2930.1540490414977,31,7,电子产品,41.714285714285715,40,近期活跃
C000946,2023-06-22,2023-12-20,4,8374.0,2093.5,2192.1640603294272,14,4,家居,60.333333333333336,11,活跃
C000947,2023-03-24,2023-10-23,6,12016.119999999999,2002.6866666666665,1213.3371089465065,26,5,图书,42.6,69,近期活跃
C000948,2023-03-10,2023-12-08,5,14819.18,2963.8360000000002,1677.2969722979883,23,5,服装,68.25,23,活跃
C000949,2023-01-16,2023-12-16,10,15223.25,1522.325,974.0623004174037,27,10,电子产品,37.111111111111114,15,活跃
C000950,2023-02-02,2023-12-17,4,10770.970000000001,2692.7425000000003,2810.042376090617,22,4,家居,106.0,14,活跃
C000951,2023-09-06,2023-09-06,1,1332.81,1332.81,,3,1,食品,0.0,116,沉睡
C000952,2023-02-11,2023-11-12,5,7231.24,1446.248,1468.634333443829,26,5,服装,68.5,49,近期活跃
C000953,2023-03-09,2023-12-18,5,4713.66,942.732,1026.4444621702626,18,5,家居,71.0,13,活跃
C000954,2023-02-16,2023-07-26,4,5582.62,1395.655,848.7506585760824,15,4,家居,53.333333333333336,158,沉睡
C000955,2023-01-16,2023-10-24,7,10647.95,1521.1357142857144,1547.1019846674315,22,7,电子产品,46.833333333333336,68,近期活跃
C000956,2023-05-18,2023-11-06,5,10031.64,2006.328,1564.624341869319,17,5,服装,43.0,55,近期活跃
C000957,2023-02-17,2023-11-19,11,10744.43,976.7663636363636,956.8227546131282,36,9,家居,27.5,42,近期活跃
C000958,2023-03-03,2023-12-30,8,19698.66,2462.3325,2419.707195496123,39,8,图书,43.142857142857146,1,活跃
C000959,2023-01-03,2023-02-17,2,1513.3100000000002,756.6550000000001,532.0766396394415,5,2,运动,45.0,317,流失
C000960,2023-01-12,2023-02-07,3,3431.13,1143.71,687.463098136911,9,3,食品,13.0,327,流失
C000961,2023-03-13,2023-10-22,9,9891.9,1099.1,835.2544438672564,25,9,服装,27.875,70,近期活跃
C000962,2023-04-02,2023-09-13,4,4903.679999999999,1225.9199999999998,1104.2954576863326,15,4,家居,54.666666666666664,109,沉睡
C000963,2023-02-15,2023-12-17,8,9022.55,1127.81875,680.899084749348,22,8,服装,43.57142857142857,14,活跃
C000964,2023-04-18,2023-09-07,4,6545.04,1636.26,1151.6339812341998,13,4,图书,47.333333333333336,115,沉睡
C000965,2023-01-29,2023-11-28,5,13550.68,2710.136,2263.0344403543663,24,5,服装,75.75,33,近期活跃
C000966,2023-01-18,2023-10-20,5,6997.3,1399.46,603.3716428951561,18,5,服装,68.75,72,近期活跃
C000967,2023-04-01,2023-12-07,5,8894.880000000001,1778.976,1248.302141082038,22,5,图书,62.5,24,活跃
C000968,2023-03-09,2023-07-24,6,17305.46,2884.2433333333333,1596.5036594216333,28,6,服装,27.4,160,沉睡
C000969,2023-03-17,2023-10-24,6,17333.68,2888.9466666666667,2058.7248502086595,28,6,服装,44.2,68,近期活跃
C000970,2023-01-11,2023-11-22,5,4703.0,940.6,940.2512163512472,17,4,家居,78.75,39,近期活跃
C000971,2023-01-04,2023-11-12,5,9189.29,1837.8580000000002,1766.8510155556412,14,5,家居,78.0,49,近期活跃
C000972,2023-02-05,2023-12-13,5,7411.84,1482.368,1249.9068086341476,21,4,图书,77.75,18,活跃
C000973,2023-04-04,2023-12-09,7,12758.84,1822.6914285714286,2379.576161878613,25,7,家居,41.5,22,活跃
C000974,2023-06-07,2023-09-17,3,1775.3400000000001,591.7800000000001,140.57123034248508,9,3,家居,51.0,105,沉睡
C000975,2023-01-25,2023-11-17,8,23537.07,2942.13375,2612.2911217874703,40,8,电子产品,42.285714285714285,44,近期活跃
C000976,2023-03-29,2023-12-24,6,9484.91,1580.8183333333334,893.5551605226544,28,6,家居,54.0,7,活跃
C000977,2023-01-27,2023-11-21,7,15989.55,2284.2214285714285,1152.5985666661886,27,7,电子产品,49.666666666666664,40,近期活跃
C000978,2023-02-06,2023-12-07,7,10378.81,1482.6871428571428,1695.467518156514,25,7,家居,50.666666666666664,24,活跃
C000979,2023-01-30,2023-11-11,9,16247.21,1805.2455555555555,1489.8627403313963,32,9,食品,35.625,50,近期活跃
C000980,2023-08-13,2023-11-07,5,6840.45,1368.09,1153.8530259092795,18,4,服装,21.5,54,近期活跃
C000981,2023-03-22,2023-12-01,5,6846.68,1369.336,782.0430607901332,14,5,家居,63.5,30,活跃
C000982,2023-01-02,2023-08-02,2,1036.49,518.245,136.0261314968561,2,2,美妆,212.0,151,沉睡
C000983,2023-03-08,2023-11-10,5,7063.98,1412.7959999999998,2706.914423403518,17,5,电子产品,61.75,51,近期活跃
C000984,2023-01-02,2023-10-02,4,3419.09,854.7725,767.3455700606257,14,4,图书,91.0,90,近期活跃
C000985,2023-02-04,2023-08-04,8,12988.86,1623.6075,1251.4885993174005,24,8,食品,25.857142857142858,149,沉睡
C000986,2023-02-14,2023-07-14,4,8006.81,2001.7025,2467.6380176918847,20,4,服装,50.0,170,沉睡
C000987,2023-01-26,2023-12-28,5,4835.75,967.15,494.04955530796707,17,5,服装,84.0,3,活跃
C000988,2023-01-05,2023-11-17,5,5292.27,1058.4540000000002,659.7627310859565,20,5,图书,79.0,44,近期活跃
C000989,2023-01-24,2023-10-26,6,4967.71,827.9516666666667,1176.3907695900486,15,6,图书,55.0,66,近期活跃
C000990,2023-04-04,2023-12-08,7,8974.48,1282.0685714285714,1156.6984503523893,20,7,运动,41.333333333333336,23,活跃
C000991,2023-01-07,2023-12-05,5,6123.37,1224.674,752.0801753004795,16,4,图书,83.0,26,活跃
C000992,2023-01-03,2023-11-21,5,12505.49,2501.098,1972.453065086721,23,5,图书,80.5,40,近期活跃
C000993,2023-08-05,2023-11-23,4,1939.43,484.8575,281.54080206073155,8,4,运动,36.666666666666664,38,近期活跃
C000994,2023-01-03,2023-09-16,5,10923.28,2184.656,1534.1528296522483,25,5,家居,64.0,106,沉睡
C000995,2023-05-11,2023-11-22,6,9605.71,1600.9516666666666,1272.432498648422,20,6,玩具,39.0,39,近期活跃
C000996,2023-03-28,2023-11-13,6,11831.97,1971.995,1593.6312118398032,23,6,电子产品,46.0,48,近期活跃
C000997,2023-02-11,2023-12-16,6,13667.53,2277.9216666666666,2013.3025041798032,22,5,食品,61.6,15,活跃
C000998,2023-01-28,2023-12-10,4,5224.0199999999995,1306.0049999999999,772.2392596641708,14,4,电子产品,105.33333333333333,21,活跃
C000999,2023-04-26,2023-10-13,5,14147.54,2829.5080000000003,2483.8850102249094,23,5,服装,42.5,79,近期活跃
C001000,2023-01-26,2023-09-06,9,15081.140000000001,1675.6822222222224,1306.1546093378242,26,8,服装,27.875,116,沉睡
