date,revenue,quantity,transactions,revenue_ma7,quantity_ma7
2023-01-01,25475.52,44,14,25475.52,44.0
2023-01-02,28930.19,61,20,27202.855,52.5
2023-01-03,31425.06,55,16,28610.256666666668,53.333333333333336
2023-01-04,37178.67,66,21,30752.36,56.5
2023-01-05,16133.14,43,13,27828.516000000003,53.8
2023-01-06,3656.1800000000003,7,3,23799.793333333335,46.0
2023-01-07,14695.95,40,13,22499.244285714285,45.142857142857146
2023-01-08,23962.17,37,12,22283.05142857143,44.142857142857146
2023-01-09,22038.14,56,18,21298.472857142857,43.42857142857143
2023-01-10,11745.710000000001,27,9,18487.13714285714,39.42857142857143
2023-01-11,26305.82,65,22,16933.87285714286,39.285714285714285
2023-01-12,17147.56,48,14,17078.79,40.0
2023-01-13,25060.23,49,16,20136.51142857143,46.0
2023-01-14,22998.22,51,15,21322.55,47.57142857142857
2023-01-15,9666.83,26,12,19280.358571428573,46.0
2023-01-16,37021.64,69,20,21420.858571428573,47.857142857142854
2023-01-17,17319.59,45,13,22217.127142857145,50.42857142857143
2023-01-18,29146.190000000002,56,16,22622.894285714287,49.142857142857146
2023-01-19,19251.04,39,13,22923.39142857143,47.857142857142854
2023-01-20,19289.72,41,16,22099.032857142858,46.714285714285715
2023-01-21,13385.8,33,9,20725.829999999998,44.142857142857146
2023-01-22,18420.25,45,14,21976.318571428572,46.857142857142854
2023-01-23,7044.97,22,8,17693.937142857143,40.142857142857146
2023-01-24,11940.72,34,13,16925.527142857143,38.57142857142857
2023-01-25,27066.73,50,16,16628.461428571427,37.714285714285715
2023-01-26,31902.649999999998,58,15,18435.834285714285,40.42857142857143
2023-01-27,12770.06,24,8,17504.454285714284,38.0
2023-01-28,18574.36,51,17,18245.67714285714,40.57142857142857
2023-01-29,10858.539999999999,25,9,17165.432857142856,37.714285714285715
2023-01-30,20124.69,45,13,19033.964285714286,41.0
2023-01-31,23884.64,44,14,20740.23857142857,42.42857142857143
2023-02-01,12522.92,44,14,18662.551428571427,41.57142857142857
2023-02-02,33019.49,68,22,18822.100000000002,43.0
2023-02-03,23754.23,53,17,20391.26714285714,47.142857142857146
2023-02-04,17358.38,42,12,20217.55571428571,45.857142857142854
2023-02-05,15378.71,36,10,20863.294285714284,47.42857142857143
2023-02-06,16249.01,35,10,20309.62571428571,46.0
2023-02-07,8244.67,21,8,18075.344285714287,42.714285714285715
2023-02-08,21863.2,55,20,19409.670000000002,44.285714285714285
2023-02-09,11381.49,26,9,16318.527142857143,38.285714285714285
2023-02-10,17411.7,47,14,15412.451428571429,37.42857142857143
2023-02-11,8873.31,22,10,14200.298571428571,34.57142857142857
2023-02-12,16836.09,33,12,14408.495714285715,34.142857142857146
2023-02-13,20624.47,39,12,15033.561428571427,34.714285714285715
2023-02-14,14376.01,38,13,15909.467142857144,37.142857142857146
2023-02-15,34833.86,65,20,17762.418571428574,38.57142857142857
2023-02-16,18787.6,41,14,18820.434285714287,40.714285714285715
2023-02-17,20111.47,42,16,19206.115714285716,40.0
2023-02-18,15061.76,33,11,20090.18,41.57142857142857
2023-02-19,18743.95,32,14,20362.731428571427,41.42857142857143
2023-02-20,10461.2,21,7,18910.835714285717,38.857142857142854
2023-02-21,17756.97,47,16,19393.829999999998,40.142857142857146
2023-02-22,21209.5,48,18,17447.492857142857,37.714285714285715
2023-02-23,12563.7,42,12,16558.364285714288,37.857142857142854
2023-02-24,21821.58,51,17,16802.665714285715,39.142857142857146
2023-02-25,22093.09,42,14,17807.14142857143,40.42857142857143
2023-02-26,17546.41,38,13,17636.06428571429,41.285714285714285
2023-02-27,12041.289999999999,34,13,17861.79142857143,43.142857142857146
2023-02-28,10055.3,20,6,16761.55285714286,39.285714285714285
2023-03-01,15352.09,34,12,15924.78,37.285714285714285
2023-03-02,17980.059999999998,34,11,16698.545714285716,36.142857142857146
2023-03-03,12062.68,33,12,15304.41714285714,33.57142857142857
2023-03-04,14504.4,40,13,14220.31857142857,33.285714285714285
2023-03-05,25873.48,56,17,15409.9,35.857142857142854
2023-03-06,8785.880000000001,28,11,14944.841428571428,35.0
2023-03-07,22191.77,43,15,16678.622857142855,38.285714285714285
2023-03-08,9642.27,32,13,15862.934285714286,38.0
2023-03-09,27318.02,58,20,17196.928571428572,41.42857142857143
2023-03-10,29042.33,59,19,19622.59285714286,45.142857142857146
2023-03-11,26267.88,57,21,21303.09,47.57142857142857
2023-03-12,20155.72,50,17,20486.26714285714,46.714285714285715
2023-03-13,24184.489999999998,46,15,22686.068571428572,49.285714285714285
2023-03-14,22176.4,53,17,22683.87285714286,50.714285714285715
2023-03-15,15735.289999999999,28,9,23554.304285714286,50.142857142857146
2023-03-16,18504.93,39,12,22295.29142857143,47.42857142857143
2023-03-17,12670.25,24,10,19956.422857142858,42.42857142857143
2023-03-18,19258.2,40,13,18955.04,40.0
2023-03-19,17946.379999999997,35,9,18639.42,37.857142857142854
2023-03-20,20939.84,44,13,18175.898571428574,37.57142857142857
2023-03-21,15924.15,40,13,17282.719999999998,35.714285714285715
2023-03-22,17381.55,54,15,17517.899999999998,39.42857142857143
2023-03-23,17077.78,45,15,17314.02142857143,40.285714285714285
2023-03-24,7782.63,31,13,16615.79,41.285714285714285
2023-03-25,17098.670000000002,43,12,16307.285714285714,41.714285714285715
2023-03-26,18312.28,29,10,16359.557142857142,40.857142857142854
2023-03-27,13944.11,31,13,15360.167142857144,39.0
2023-03-28,20214.14,41,16,15973.022857142858,39.142857142857146
2023-03-29,21444.14,35,11,16553.39285714286,36.42857142857143
2023-03-30,24278.11,53,17,17582.01142857143,37.57142857142857
2023-03-31,25618.34,56,18,20129.97,41.142857142857146
2023-04-01,19926.63,47,15,20533.964285714286,41.714285714285715
2023-04-02,16325.74,39,12,20250.172857142858,43.142857142857146
2023-04-03,18149.36,53,16,20850.92285714286,46.285714285714285
2023-04-04,10062.58,24,9,19400.7,43.857142857142854
2023-04-05,19785.3,41,15,19163.722857142857,44.714285714285715
2023-04-06,15613.46,45,16,17925.91571428571,43.57142857142857
2023-04-07,23127.010000000002,52,16,17570.011428571426,43.0
2023-04-08,14590.94,38,13,16807.769999999997,41.714285714285715
2023-04-09,10141.05,25,8,15924.242857142857,39.714285714285715
2023-04-10,13929.08,38,15,15321.345714285713,37.57142857142857
2023-04-11,11420.6,26,9,15515.348571428573,37.857142857142854
2023-04-12,19396.64,44,14,15459.825714285715,38.285714285714285
2023-04-13,12905.51,34,12,15072.975714285714,36.714285714285715
2023-04-14,23445.7,46,12,15118.502857142857,35.857142857142854
2023-04-15,29964.67,64,17,17314.75,39.57142857142857
2023-04-16,26347.12,64,19,19629.902857142857,45.142857142857146
2023-04-17,18003.38,37,14,20211.945714285714,45.0
2023-04-18,21344.38,42,15,21629.62857142857,47.285714285714285
2023-04-19,22441.99,39,14,22064.678571428572,46.57142857142857
2023-04-20,20078.2,47,18,23089.34857142857,48.42857142857143
2023-04-21,11213.11,42,12,21341.83571428571,47.857142857142854
2023-04-22,22123.17,43,14,20221.62142857143,44.857142857142854
2023-04-23,14864.87,39,13,18581.3,41.285714285714285
2023-04-24,24723.48,48,16,19541.31428571429,42.857142857142854
2023-04-25,7444.64,17,7,17555.637142857144,39.285714285714285
2023-04-26,20722.13,50,17,17309.942857142854,40.857142857142854
2023-04-27,17091.27,42,13,16883.23857142857,40.142857142857146
2023-04-28,27393.02,69,18,19194.654285714285,44.0
2023-04-29,21490.81,42,15,19104.317142857144,43.857142857142854
2023-04-30,10379.26,31,12,18463.515714285713,42.714285714285715
2023-05-01,12225.07,23,9,16678.028571428575,39.142857142857146
2023-05-02,11607.74,18,7,17272.757142857143,39.285714285714285
2023-05-03,24564.23,52,13,17821.628571428573,39.57142857142857
2023-05-04,15081.929999999998,28,8,17534.579999999998,37.57142857142857
2023-05-05,20314.3,47,14,16523.334285714285,34.42857142857143
2023-05-06,17223.05,48,18,15913.654285714287,35.285714285714285
2023-05-07,19165.16,42,16,17168.782857142858,36.857142857142854
2023-05-08,33320.74,58,20,20182.45,41.857142857142854
2023-05-09,14970.47,42,13,20662.84,45.285714285714285
2023-05-10,18203.469999999998,41,13,19754.16,43.714285714285715
2023-05-11,15234.81,28,9,19776.0,43.714285714285715
2023-05-12,20149.11,45,14,19752.40142857143,43.42857142857143
2023-05-13,36090.25,58,18,22447.71571428571,44.857142857142854
2023-05-14,16361.15,47,18,22047.14285714285,45.57142857142857
2023-05-15,33189.02,75,22,22028.325714285715,48.0
2023-05-16,18748.829999999998,35,11,22568.091428571428,47.0
2023-05-17,15059.029999999999,37,14,22118.885714285712,46.42857142857143
2023-05-18,18479.45,44,14,22582.405714285713,48.714285714285715
2023-05-19,12178.39,30,12,21443.731428571427,46.57142857142857
2023-05-20,16907.34,38,14,18703.315714285716,43.714285714285715
2023-05-21,14756.33,31,9,18474.055714285714,41.42857142857143
2023-05-22,29769.98,56,15,17985.621428571427,38.714285714285715
2023-05-23,16418.89,31,10,17652.772857142856,38.142857142857146
2023-05-24,11810.789999999999,36,13,17188.73857142857,38.0
2023-05-25,15244.53,31,11,16726.60714285714,36.142857142857146
2023-05-26,21000.78,52,18,17986.94857142857,39.285714285714285
2023-05-27,26017.7,52,15,19288.428571428572,41.285714285714285
2023-05-28,12283.06,29,10,18935.104285714282,41.0
2023-05-29,17237.34,52,15,17144.727142857144,40.42857142857143
2023-05-30,25455.870000000003,51,17,18435.72428571429,43.285714285714285
2023-05-31,16988.8,36,14,19175.440000000002,43.285714285714285
2023-06-01,14752.42,42,10,19105.13857142857,44.857142857142854
2023-06-02,17912.96,44,10,18664.02142857143,43.714285714285715
2023-06-03,49162.49,113,28,21970.420000000002,52.42857142857143
2023-06-04,36939.979999999996,65,16,25492.83714285714,57.57142857142857
2023-06-05,46471.42,87,18,29669.134285714284,62.57142857142857
2023-06-06,26818.46,70,13,29863.79,65.28571428571429
2023-06-07,20314.579999999998,61,13,30338.901428571426,68.85714285714286
2023-06-08,18365.53,35,12,30855.059999999998,67.85714285714286
2023-06-09,38886.45,79,15,33851.27285714285,72.85714285714286
2023-06-10,22838.42,66,15,30090.691428571423,66.14285714285714
2023-06-11,28423.079999999998,61,10,28873.99142857143,65.57142857142857
2023-06-12,9811.99,22,8,23636.929999999997,56.285714285714285
2023-06-13,45545.69,87,17,26312.24857142857,58.714285714285715
2023-06-14,25500.16,56,14,27053.045714285716,58.0
2023-06-15,11418.529999999999,32,9,26060.617142857143,57.57142857142857
2023-06-16,38954.62,82,18,26070.355714285713,58.0
2023-06-17,37091.76,72,18,28106.547142857144,58.857142857142854
2023-06-18,38458.25,69,16,29540.14285714286,60.0
2023-06-19,41774.64,91,20,34106.235714285714,69.85714285714286
2023-06-20,10023.88,27,7,29031.691428571434,61.285714285714285
2023-06-21,23649.45,58,14,28767.304285714286,61.57142857142857
2023-06-22,40112.41,84,16,32866.43,69.0
2023-06-23,19878.18,55,15,30141.22428571429,65.14285714285714
2023-06-24,35221.979999999996,87,18,29874.11285714286,67.28571428571429
2023-06-25,25940.99,54,10,28085.932857142856,65.14285714285714
2023-06-26,15725.46,28,6,24364.62142857143,56.142857142857146
2023-06-27,23851.079999999998,55,13,26339.93571428571,60.142857142857146
2023-06-28,17032.739999999998,46,11,25394.691428571427,58.42857142857143
2023-06-29,39465.79,62,15,25302.317142857144,55.285714285714285
2023-06-30,18732.68,54,14,25138.67428571428,55.142857142857146
2023-07-01,21259.699999999997,67,16,23144.062857142857,52.285714285714285
2023-07-02,24319.65,49,9,22912.442857142858,51.57142857142857
2023-07-03,30147.94,65,17,24972.79714285714,56.857142857142854
2023-07-04,11284.800000000001,26,6,23177.614285714284,52.714285714285715
2023-07-05,36546.38,70,15,25965.277142857143,56.142857142857146
2023-07-06,20227.58,63,15,23216.961428571427,56.285714285714285
2023-07-07,23771.739999999998,55,13,23936.827142857142,56.42857142857143
2023-07-08,20789.58,47,11,23869.66714285714,53.57142857142857
2023-07-09,18202.59,51,12,22995.801428571427,53.857142857142854
2023-07-10,29356.809999999998,71,13,22882.782857142854,54.714285714285715
2023-07-11,21442.51,66,17,24333.884285714284,60.42857142857143
2023-07-12,20366.260000000002,37,11,22022.43857142857,55.714285714285715
2023-07-13,17024.93,61,12,21564.91714285714,55.42857142857143
2023-07-14,24551.1,64,13,21676.254285714287,56.714285714285715
2023-07-15,25254.8,48,15,22314.14285714286,56.857142857142854
2023-07-16,26959.690000000002,59,13,23565.157142857144,58.0
2023-07-17,30678.96,73,16,23754.035714285714,58.285714285714285
2023-07-18,32613.77,77,18,25349.93,59.857142857142854
2023-07-19,28650.68,75,15,26533.41857142857,65.28571428571429
2023-07-20,18570.79,53,13,26754.255714285715,64.14285714285714
2023-07-21,20413.19,60,18,26163.125714285714,63.57142857142857
2023-07-22,38957.6,80,17,28120.66857142857,68.14285714285714
2023-07-23,9074.66,51,11,25565.664285714283,67.0
2023-07-24,25602.71,80,13,24840.485714285718,68.0
2023-07-25,36182.51,72,17,25350.305714285718,67.28571428571429
2023-07-26,25713.5,74,16,24930.708571428575,67.14285714285714
2023-07-27,28027.44,58,16,26281.65857142857,67.85714285714286
2023-07-28,33895.76,70,15,28207.739999999998,69.28571428571429
2023-07-29,23609.04,44,11,26015.088571428576,64.14285714285714
2023-07-30,13592.84,36,11,26660.54285714286,62.0
2023-07-31,14830.21,33,11,25121.614285714284,55.285714285714285
2023-08-01,23985.95,50,12,23379.24857142857,52.142857142857146
2023-08-02,28868.3,79,19,23829.934285714284,52.857142857142854
2023-08-03,42483.12,96,20,25895.031428571434,58.285714285714285
2023-08-04,23816.54,55,11,24455.14285714286,56.142857142857146
2023-08-05,27453.68,57,13,25004.377142857145,58.0
2023-08-06,31221.92,61,13,27522.817142857144,61.57142857142857
2023-08-07,33927.85,59,14,30251.05142857143,65.28571428571429
2023-08-08,27227.16,72,15,30714.08142857143,68.42857142857143
2023-08-09,23681.59,42,12,29973.12285714286,63.142857142857146
2023-08-10,17826.96,56,16,26450.814285714285,57.42857142857143
2023-08-11,30404.1,59,12,27391.894285714287,58.0
2023-08-12,33453.76,85,20,28249.048571428575,62.0
2023-08-13,25185.98,64,14,27386.77142857143,62.42857142857143
2023-08-14,20377.1,49,14,25450.95,61.0
2023-08-15,33032.54,97,18,26280.289999999997,64.57142857142857
2023-08-16,24979.56,59,15,26465.714285714286,67.0
2023-08-17,22722.12,40,12,27165.022857142856,64.71428571428571
2023-08-18,22430.69,55,13,26025.964285714286,64.14285714285714
2023-08-19,33272.59,67,17,26000.08285714285,61.57142857142857
2023-08-20,40583.73,76,16,28199.761428571426,63.285714285714285
2023-08-21,42839.07,85,20,31408.614285714284,68.42857142857143
2023-08-22,27595.55,68,18,30631.90142857143,64.28571428571429
2023-08-23,19327.07,38,10,29824.402857142853,61.285714285714285
2023-08-24,24428.66,52,14,30068.194285714282,63.0
2023-08-25,27553.56,58,14,30800.032857142854,63.42857142857143
2023-08-26,21696.82,50,16,29146.35142857143,61.0
2023-08-27,15173.05,55,13,25516.254285714287,58.0
2023-08-28,27034.96,63,13,23258.524285714284,54.857142857142854
2023-08-29,17103.79,33,7,21759.70142857143,49.857142857142854
2023-08-30,27461.010000000002,57,14,22921.692857142858,52.57142857142857
2023-08-31,16550.66,40,8,21796.264285714286,50.857142857142854
2023-09-01,25698.62,43,12,21531.272857142856,48.714285714285715
2023-09-02,19273.5,35,13,21185.084285714285,46.57142857142857
2023-09-03,18584.77,40,14,21672.472857142857,44.42857142857143
2023-09-04,23872.45,44,16,21220.68571428571,41.714285714285715
2023-09-05,12064.98,33,13,20500.855714285713,41.714285714285715
2023-09-06,20758.48,39,13,19543.351428571426,39.142857142857146
2023-09-07,19861.39,37,10,20016.312857142857,38.714285714285715
2023-09-08,13270.93,31,12,18240.928571428572,37.0
2023-09-09,27991.66,50,18,19486.38,39.142857142857146
2023-09-10,19662.63,56,17,19640.359999999997,41.42857142857143
2023-09-11,29149.14,58,17,20394.172857142858,43.42857142857143
2023-09-12,16043.83,38,13,20962.579999999998,44.142857142857146
2023-09-13,11994.98,39,10,19710.65142857143,44.142857142857146
2023-09-14,15352.670000000002,36,12,19066.54857142857,44.0
2023-09-15,19135.57,41,14,19904.354285714286,45.42857142857143
2023-09-16,18528.760000000002,34,13,18552.51142857143,43.142857142857146
2023-09-17,19001.12,39,10,18458.010000000002,40.714285714285715
2023-09-18,21187.79,51,15,17320.674285714285,39.714285714285715
2023-09-19,12485.51,34,12,16812.34285714286,39.142857142857146
2023-09-20,21626.27,43,14,18188.24142857143,39.714285714285715
2023-09-21,13223.67,28,9,17884.09857142857,38.57142857142857
2023-09-22,18808.63,40,13,17837.39285714286,38.42857142857143
2023-09-23,15356.0,26,10,17384.14142857143,37.285714285714285
2023-09-24,12110.51,29,9,16399.768571428573,35.857142857142854
2023-09-25,25227.38,64,17,16976.852857142858,37.714285714285715
2023-09-26,23124.579999999998,63,20,18496.72,41.857142857142854
2023-09-27,18195.01,37,12,18006.54,41.0
2023-09-28,23391.88,54,16,19459.141428571427,44.714285714285715
2023-09-29,20641.93,42,15,19721.04142857143,45.0
2023-09-30,12638.06,24,7,19332.764285714286,44.714285714285715
2023-10-01,17768.940000000002,42,13,20141.11142857143,46.57142857142857
2023-10-02,24071.42,55,19,19975.97428571429,45.285714285714285
2023-10-03,22464.7,50,14,19881.705714285716,43.42857142857143
2023-10-04,15852.72,38,11,19547.092857142856,43.57142857142857
2023-10-05,20338.6,43,15,19110.91,42.0
2023-10-06,9183.86,22,10,17474.042857142857,39.142857142857146
2023-10-07,18384.63,44,13,18294.98142857143,42.0
2023-10-08,14403.77,34,13,17814.242857142854,40.857142857142854
2023-10-09,15765.33,30,9,16627.658571428572,37.285714285714285
2023-10-10,14798.41,29,10,15532.474285714285,34.285714285714285
2023-10-11,11642.06,35,14,14930.951428571427,33.857142857142854
2023-10-12,14854.27,42,13,14147.475714285714,33.714285714285715
2023-10-13,27138.16,48,14,16712.375714285714,37.42857142857143
2023-10-14,15159.08,35,11,16251.582857142857,36.142857142857146
2023-10-15,12577.17,41,15,15990.64,37.142857142857146
2023-10-16,18489.63,39,19,16379.825714285715,38.42857142857143
2023-10-17,16324.99,49,14,16597.908571428572,41.285714285714285
2023-10-18,6977.25,23,8,15931.507142857143,39.57142857142857
2023-10-19,13915.65,39,15,15797.41857142857,39.142857142857146
2023-10-20,18621.88,43,17,14580.807142857142,38.42857142857143
2023-10-21,15624.21,31,11,14647.254285714285,37.857142857142854
2023-10-22,17797.15,36,14,15392.965714285714,37.142857142857146
2023-10-23,25919.52,62,21,16454.378571428573,40.42857142857143
2023-10-24,21786.08,39,13,17234.534285714286,39.0
2023-10-25,19099.79,36,12,18966.325714285715,40.857142857142854
2023-10-26,19216.75,39,12,19723.625714285714,40.857142857142854
2023-10-27,18746.13,45,15,19741.375714285714,41.142857142857146
2023-10-28,17988.52,36,14,20079.134285714284,41.857142857142854
2023-10-29,15670.960000000001,33,10,19775.39285714286,41.42857142857143
2023-10-30,28290.95,71,22,20114.16857142857,42.714285714285715
2023-10-31,12865.75,32,14,18839.835714285717,41.714285714285715
2023-11-01,36796.99,76,11,21368.007142857143,47.42857142857143
2023-11-02,19161.27,48,9,21360.08142857143,48.714285714285715
2023-11-03,58019.01,138,18,26970.492857142857,62.0
2023-11-04,48372.88,108,17,31311.115714285716,72.28571428571429
2023-11-05,17456.48,61,12,31566.19,76.28571428571429
2023-11-06,82499.76,132,21,39310.305714285714,85.0
2023-11-07,46552.3,89,13,44122.67,93.14285714285714
2023-11-08,37780.270000000004,74,10,44263.13857142858,92.85714285714286
2023-11-09,29126.329999999998,60,9,45686.71857142857,94.57142857142857
2023-11-10,26358.93,69,14,41163.85,84.71428571428571
2023-11-11,31625.29,65,12,38771.33714285714,78.57142857142857
2023-11-12,23044.56,57,10,39569.63428571429,78.0
2023-11-13,55113.57,119,15,35657.32142857143,76.14285714285714
2023-11-14,30216.57,61,11,33323.64571428572,72.14285714285714
2023-11-15,25828.04,69,10,31616.184285714287,71.42857142857143
2023-11-16,44958.71,100,15,33877.95285714286,77.14285714285714
2023-11-17,73610.28,132,21,40628.14571428572,86.14285714285714
2023-11-18,82014.87,152,22,47826.65714285714,98.57142857142857
2023-11-19,38584.2,74,13,50046.60571428571,101.0
2023-11-20,36462.85,76,12,47382.217142857146,94.85714285714286
2023-11-21,62131.07,117,19,51941.43142857143,102.85714285714286
2023-11-22,35950.91,77,12,53387.555714285714,104.0
2023-11-23,29746.48,100,14,51214.38,104.0
2023-11-24,44551.17,78,11,47063.07857142858,96.28571428571429
2023-11-25,27256.239999999998,60,11,39240.41714285714,83.14285714285714
2023-11-26,38282.85,90,14,39197.36714285713,85.42857142857143
2023-11-27,26581.37,70,12,37785.72714285715,84.57142857142857
2023-11-28,32464.989999999998,68,11,33547.71571428571,77.57142857142857
2023-11-29,39865.98,75,14,34107.01142857143,77.28571428571429
2023-11-30,43137.02,95,17,36019.945714285706,76.57142857142857
2023-12-01,29327.09,72,11,33845.07714285714,75.71428571428571
2023-12-02,22892.01,54,8,33221.61571428571,74.85714285714286
2023-12-03,51873.4,101,14,35163.12285714286,76.42857142857143
2023-12-04,59366.71,108,14,39846.74285714286,81.85714285714286
2023-12-05,37671.22,98,17,40590.49,86.14285714285714
2023-12-06,35173.71,77,13,39920.16571428571,86.42857142857143
2023-12-07,34451.17,90,15,38679.33,85.71428571428571
2023-12-08,27392.98,69,12,38403.02857142857,85.28571428571429
2023-12-09,42646.46,81,13,41225.09285714286,89.14285714285714
2023-12-10,43250.2,95,13,39993.20714285714,88.28571428571429
2023-12-11,25608.77,77,10,35170.64428571428,83.85714285714286
2023-12-12,54198.93,122,14,37531.74571428571,87.28571428571429
2023-12-13,22179.98,100,13,35675.49857142857,90.57142857142857
2023-12-14,27175.52,57,12,34636.12,85.85714285714286
2023-12-15,27169.92,60,10,34604.25428571428,84.57142857142857
2023-12-16,61365.02,108,21,37278.334285714285,88.42857142857143
2023-12-17,38268.19,99,19,36566.618571428575,89.0
2023-12-18,49479.270000000004,114,19,39976.69,94.28571428571429
2023-12-19,41434.02,73,15,38153.131428571425,87.28571428571429
2023-12-20,28989.37,87,14,39125.90142857143,85.42857142857143
2023-12-21,9914.89,26,6,36660.09714285714,81.0
2023-12-22,56644.06,105,17,40870.688571428575,87.42857142857143
2023-12-23,51900.02,93,15,39518.54571428571,85.28571428571429
2023-12-24,27113.46,79,13,37925.01285714285,82.42857142857143
2023-12-25,34234.83,71,11,35747.235714285714,76.28571428571429
2023-12-26,16934.199999999997,41,9,32247.26142857143,71.71428571428571
2023-12-27,42512.259999999995,97,14,34179.102857142854,73.14285714285714
2023-12-28,26291.89,54,9,36518.67428571428,77.14285714285714
2023-12-29,26903.23,86,11,32269.984285714283,74.42857142857143
2023-12-30,35690.56,71,12,29954.347142857143,71.28571428571429
2023-12-31,29289.129999999997,56,9,30265.15714285714,68.0
