customer_id,recency,frequency,monetary,r_score,f_score,m_score,rfm_score,rfm_segment,customer_segment
C000001,68,6,10547.45,2,4,4,10,244,重要挽留客户
C000002,28,5,8053.26,4,3,3,10,433,重要保持客户
C000003,55,6,16710.59,3,4,5,12,345,重要挽留客户
C000004,151,4,7097.23,1,2,3,6,123,低价值客户
C000005,94,3,1117.31,2,1,1,4,211,低价值客户
C000006,133,2,7124.08,1,1,3,5,113,低价值客户
C000007,79,6,8394.32,2,4,3,9,243,一般保持客户
C000008,41,5,3311.28,3,3,1,7,331,一般价值客户
C000009,56,6,7344.33,3,4,3,10,343,一般保持客户
C000010,203,3,3060.8,1,1,1,3,111,低价值客户
C000011,26,8,5468.97,4,5,2,11,452,重要保持客户
C000012,5,7,14918.52,5,4,5,14,545,重要价值客户
C000013,156,4,4499.7,1,2,2,5,122,低价值客户
C000014,41,6,4675.8099999999995,3,4,2,9,342,一般保持客户
C000015,86,5,5333.049999999999,2,3,2,7,232,低价值客户
C000016,76,5,4824.44,2,3,2,7,232,低价值客户
C000017,44,5,5661.05,3,3,2,8,332,一般价值客户
C000018,99,7,10620.4,2,4,4,10,244,重要挽留客户
C000019,32,9,15152.74,4,5,5,14,455,重要价值客户
C000020,6,3,3716.71,5,1,1,7,511,新客户
C000021,37,7,7268.92,4,4,3,11,443,重要保持客户
C000022,48,5,6666.33,3,3,2,8,332,一般价值客户
C000023,146,4,7776.2,1,2,3,6,123,低价值客户
C000024,44,8,20093.23,3,5,5,13,355,重要挽留客户
C000025,55,7,13464.66,3,4,5,12,345,重要挽留客户
C000026,70,2,1126.17,2,1,1,4,211,低价值客户
C000027,76,5,8541.57,2,3,3,8,233,低价值客户
C000028,167,4,6515.6900000000005,1,2,2,5,122,低价值客户
C000029,65,5,9343.75,3,3,4,10,334,潜力客户
C000030,128,7,10302.63,1,4,4,9,144,重要挽留客户
C000031,55,5,8136.75,3,3,3,9,333,一般价值客户
C000032,22,6,11494.13,4,4,4,12,444,重要价值客户
C000033,42,11,18754.38,3,5,5,13,355,重要挽留客户
C000034,15,5,12481.24,5,3,4,12,534,重要保持客户
C000035,82,2,4111.610000000001,2,1,2,5,212,低价值客户
C000036,247,2,2077.65,1,1,1,3,111,低价值客户
C000037,70,7,8048.54,2,4,3,9,243,一般保持客户
C000038,172,2,2640.33,1,1,1,3,111,低价值客户
C000039,12,3,8868.45,5,1,3,9,513,重要发展客户
C000040,112,4,6134.48,1,2,2,5,122,低价值客户
C000041,174,7,7627.88,1,4,3,8,143,一般保持客户
C000042,166,3,6647.160000000001,1,1,2,4,112,低价值客户
C000043,29,10,22914.920000000002,4,5,5,14,455,重要价值客户
C000044,11,5,22955.82,5,3,5,13,535,重要保持客户
C000045,62,7,9635.84,3,4,4,11,344,重要挽留客户
C000046,127,4,8171.49,1,2,3,6,123,低价值客户
C000047,111,10,16865.77,2,5,5,12,255,重要挽留客户
C000048,42,6,6549.71,3,4,2,9,342,一般保持客户
C000049,12,5,6036.79,5,3,2,10,532,重要保持客户
C000050,157,9,22526.82,1,5,5,11,155,重要挽留客户
C000051,43,4,3864.71,3,2,1,6,321,低价值客户
C000052,8,8,12278.41,5,5,4,14,554,重要价值客户
C000053,8,8,14878.42,5,5,5,15,555,重要价值客户
C000054,132,5,10923.89,1,3,4,8,134,潜力客户
C000055,102,7,7655.75,2,4,3,9,243,一般保持客户
C000056,18,5,9731.32,4,3,4,11,434,重要保持客户
C000057,8,7,12348.17,5,4,4,13,544,重要价值客户
C000058,5,7,16306.27,5,4,5,14,545,重要价值客户
C000059,9,7,9832.69,5,4,4,13,544,重要价值客户
C000060,46,6,11754.55,3,4,4,11,344,重要挽留客户
C000061,16,7,17803.03,5,4,5,14,545,重要价值客户
C000062,106,6,9204.77,2,4,3,9,243,一般保持客户
C000063,3,7,14111.08,5,4,5,14,545,重要价值客户
C000064,84,4,9257.46,2,2,3,7,223,低价值客户
C000065,77,2,825.56,2,1,1,4,211,低价值客户
C000066,23,4,3445.61,4,2,1,7,421,新客户
C000067,7,8,8237.11,5,5,3,13,553,重要保持客户
C000068,52,5,11787.43,3,3,4,10,334,潜力客户
C000069,16,9,24254.15,5,5,5,15,555,重要价值客户
C000070,171,5,3136.85,1,3,1,5,131,低价值客户
C000071,14,3,13349.77,5,1,5,11,515,重要发展客户
C000072,124,5,5593.32,1,3,2,6,132,低价值客户
C000073,13,4,4890.389999999999,5,2,2,9,522,新客户
C000074,78,3,2363.8599999999997,2,1,1,4,211,低价值客户
C000075,5,3,4913.4,5,1,2,8,512,新客户
C000076,13,6,10067.49,5,4,4,13,544,重要价值客户
C000077,51,5,10583.79,3,3,4,10,334,潜力客户
C000078,38,7,12421.76,4,4,4,12,444,重要价值客户
C000079,15,6,7391.45,5,4,3,12,543,重要保持客户
C000080,30,2,4007.2700000000004,4,1,1,6,411,新客户
C000081,102,8,10726.119999999999,2,5,4,11,254,重要挽留客户
C000082,0,8,14015.119999999999,5,5,5,15,555,重要价值客户
C000083,40,5,6152.5,4,3,2,9,432,重要保持客户
C000084,112,3,2682.38,1,1,1,3,111,低价值客户
C000085,86,4,6791.67,2,2,3,7,223,低价值客户
C000086,14,6,8440.35,5,4,3,12,543,重要保持客户
C000087,42,3,2919.43,3,1,1,5,311,低价值客户
C000088,65,6,9169.64,3,4,3,10,343,一般保持客户
C000089,16,5,13787.84,5,3,5,13,535,重要保持客户
C000090,55,7,10582.68,3,4,4,11,344,重要挽留客户
C000091,39,2,8486.36,4,1,3,8,413,重要发展客户
C000092,42,7,8815.47,3,4,3,10,343,一般保持客户
C000093,7,8,10349.36,5,5,4,14,554,重要价值客户
C000094,20,3,4653.71,4,1,2,7,412,新客户
C000095,1,10,27276.3,5,5,5,15,555,重要价值客户
C000096,26,2,5874.66,4,1,2,7,412,新客户
C000097,4,6,13302.28,5,4,5,14,545,重要价值客户
C000098,44,3,3698.54,3,1,1,5,311,低价值客户
C000099,11,2,3047.29,5,1,1,7,511,新客户
C000100,62,5,8558.25,3,3,3,9,333,一般价值客户
C000101,105,3,6713.93,2,1,3,6,213,低价值客户
C000102,169,2,3333.7999999999997,1,1,1,3,111,低价值客户
C000103,28,7,15288.400000000001,4,4,5,13,445,重要价值客户
C000104,17,7,13722.64,4,4,5,13,445,重要价值客户
C000105,169,2,7747.610000000001,1,1,3,5,113,低价值客户
C000106,128,5,8283.36,1,3,3,7,133,低价值客户
C000107,40,7,16708.82,4,4,5,13,445,重要价值客户
C000108,7,7,13545.130000000001,5,4,5,14,545,重要价值客户
C000109,111,5,7632.48,2,3,3,8,233,低价值客户
C000110,155,5,7412.49,1,3,3,7,133,低价值客户
C000111,57,4,10075.84,3,2,4,9,324,潜力客户
C000112,61,7,5630.86,3,4,2,9,342,一般保持客户
C000113,71,7,15210.33,2,4,5,11,245,重要挽留客户
C000114,23,5,3030.79,4,3,1,8,431,重要保持客户
C000115,12,6,12192.94,5,4,4,13,544,重要价值客户
C000116,61,6,9402.09,3,4,4,11,344,重要挽留客户
C000117,20,8,18781.03,4,5,5,14,455,重要价值客户
C000118,114,6,8145.21,1,4,3,8,143,一般保持客户
C000119,69,1,3119.56,2,1,1,4,211,低价值客户
C000120,61,2,2710.3799999999997,3,1,1,5,311,低价值客户
C000121,61,5,9841.63,3,3,4,10,334,潜力客户
C000122,30,5,10656.94,4,3,4,11,434,重要保持客户
C000123,242,3,2729.04,1,1,1,3,111,低价值客户
C000124,27,9,13272.35,4,5,5,14,455,重要价值客户
C000125,193,6,6529.41,1,4,2,7,142,一般保持客户
C000126,171,4,5171.009999999999,1,2,2,5,122,低价值客户
C000127,315,1,478.46,1,1,1,3,111,低价值客户
C000128,31,8,19411.54,4,5,5,14,455,重要价值客户
C000129,67,7,12556.51,3,4,5,12,345,重要挽留客户
C000130,69,5,9100.51,2,3,3,8,233,低价值客户
C000131,59,5,9580.52,3,3,4,10,334,潜力客户
C000132,76,7,6707.58,2,4,3,9,243,一般保持客户
C000133,65,6,11978.1,3,4,4,11,344,重要挽留客户
C000134,99,3,4548.12,2,1,2,5,212,低价值客户
C000135,69,5,9312.14,2,3,4,9,234,潜力客户
C000136,238,4,9082.1,1,2,3,6,123,低价值客户
C000137,220,3,4000.66,1,1,1,3,111,低价值客户
C000138,24,5,7963.139999999999,4,3,3,10,433,重要保持客户
C000139,58,5,12463.91,3,3,4,10,334,潜力客户
C000140,81,6,7841.860000000001,2,4,3,9,243,一般保持客户
C000141,7,4,6675.03,5,2,2,9,522,新客户
C000142,209,4,8037.0,1,2,3,6,123,低价值客户
C000143,351,1,2251.6,1,1,1,3,111,低价值客户
C000144,16,7,8896.8,5,4,3,12,543,重要保持客户
C000145,179,7,12909.900000000001,1,4,5,10,145,重要挽留客户
C000146,103,3,4619.63,2,1,2,5,212,低价值客户
C000147,18,4,8806.11,4,2,3,9,423,重要发展客户
C000148,40,5,5803.89,4,3,2,9,432,重要保持客户
C000149,53,6,12414.17,3,4,4,11,344,重要挽留客户
C000150,104,4,11102.470000000001,2,2,4,8,224,潜力客户
C000151,95,5,13779.289999999999,2,3,5,10,235,潜力客户
C000152,126,4,6894.68,1,2,3,6,123,低价值客户
C000153,62,8,18352.68,3,5,5,13,355,重要挽留客户
C000154,88,5,10015.64,2,3,4,9,234,潜力客户
C000155,1,7,13245.86,5,4,5,14,545,重要价值客户
C000156,88,4,6188.21,2,2,2,6,222,低价值客户
C000157,66,5,5890.62,3,3,2,8,332,一般价值客户
C000158,114,7,14015.79,1,4,5,10,145,重要挽留客户
C000159,227,6,6073.92,1,4,2,7,142,一般保持客户
C000160,45,3,4065.92,3,1,1,5,311,低价值客户
C000161,4,6,18612.579999999998,5,4,5,14,545,重要价值客户
C000162,47,7,15361.23,3,4,5,12,345,重要挽留客户
C000163,14,7,12517.03,5,4,5,14,545,重要价值客户
C000164,75,4,3604.94,2,2,1,5,221,低价值客户
C000165,15,4,8023.83,5,2,3,10,523,重要发展客户
C000166,177,6,14471.22,1,4,5,10,145,重要挽留客户
C000167,132,5,8217.470000000001,1,3,3,7,133,低价值客户
C000168,69,5,7433.6,2,3,3,8,233,低价值客户
C000169,68,4,5849.54,2,2,2,6,222,低价值客户
C000170,0,8,24943.96,5,5,5,15,555,重要价值客户
C000171,36,6,11860.34,4,4,4,12,444,重要价值客户
C000172,25,2,3237.7200000000003,4,1,1,6,411,新客户
C000173,123,2,596.66,1,1,1,3,111,低价值客户
C000174,69,2,1195.67,2,1,1,4,211,低价值客户
C000175,4,9,14312.89,5,5,5,15,555,重要价值客户
C000176,15,2,1414.69,5,1,1,7,511,新客户
C000177,17,4,4557.64,4,2,2,8,422,新客户
C000178,36,5,9205.0,4,3,3,10,433,重要保持客户
C000179,38,3,4996.6,4,1,2,7,412,新客户
C000180,185,6,11897.3,1,4,4,9,144,重要挽留客户
C000181,221,1,1920.7,1,1,1,3,111,低价值客户
C000182,12,8,14392.56,5,5,5,15,555,重要价值客户
C000183,50,4,11117.630000000001,3,2,4,9,324,潜力客户
C000184,115,2,1920.74,1,1,1,3,111,低价值客户
C000185,72,6,8160.469999999999,2,4,3,9,243,一般保持客户
C000186,75,5,10473.94,2,3,4,9,234,潜力客户
C000187,47,3,1920.07,3,1,1,5,311,低价值客户
C000188,17,6,10759.99,4,4,4,12,444,重要价值客户
C000189,35,7,9089.84,4,4,3,11,443,重要保持客户
C000190,94,8,17135.57,2,5,5,12,255,重要挽留客户
C000191,12,6,12739.82,5,4,5,14,545,重要价值客户
C000192,65,5,2924.31,3,3,1,7,331,一般价值客户
C000193,71,3,3554.98,2,1,1,4,211,低价值客户
C000194,69,4,4847.89,2,2,2,6,222,低价值客户
C000195,85,2,4302.469999999999,2,1,2,5,212,低价值客户
C000196,138,4,4660.32,1,2,2,5,122,低价值客户
C000197,95,3,10680.33,2,1,4,7,214,潜力客户
C000198,111,4,6205.91,2,2,2,6,222,低价值客户
C000199,145,2,2531.36,1,1,1,3,111,低价值客户
C000200,6,6,16724.35,5,4,5,14,545,重要价值客户
C000201,0,4,11144.27,5,2,4,11,524,重要发展客户
C000202,24,5,15337.85,4,3,5,12,435,重要保持客户
C000203,8,4,4760.9,5,2,2,9,522,新客户
C000204,56,4,6545.900000000001,3,2,2,7,322,低价值客户
C000205,73,5,7215.070000000001,2,3,3,8,233,低价值客户
C000206,85,7,6624.22,2,4,2,8,242,一般保持客户
C000207,14,3,5356.26,5,1,2,8,512,新客户
C000208,150,6,10376.79,1,4,4,9,144,重要挽留客户
C000209,25,4,3939.82,4,2,1,7,421,新客户
C000210,141,3,5657.5,1,1,2,4,112,低价值客户
C000211,18,5,6005.7,4,3,2,9,432,重要保持客户
C000212,110,2,1254.05,2,1,1,4,211,低价值客户
C000213,13,10,17798.14,5,5,5,15,555,重要价值客户
C000214,4,8,10675.65,5,5,4,14,554,重要价值客户
C000215,17,8,10443.84,4,5,4,13,454,重要价值客户
C000216,135,3,4926.610000000001,1,1,2,4,112,低价值客户
C000217,41,4,8351.25,3,2,3,8,323,低价值客户
C000218,113,3,7174.09,1,1,3,5,113,低价值客户
C000219,261,2,4029.92,1,1,1,3,111,低价值客户
C000220,94,7,11991.27,2,4,4,10,244,重要挽留客户
C000221,97,4,7691.18,2,2,3,7,223,低价值客户
C000222,83,3,8389.13,2,1,3,6,213,低价值客户
C000223,32,9,26175.75,4,5,5,14,455,重要价值客户
C000224,71,7,15422.820000000002,2,4,5,11,245,重要挽留客户
C000225,7,5,4539.78,5,3,2,10,532,重要保持客户
C000226,163,3,5395.700000000001,1,1,2,4,112,低价值客户
C000227,65,6,4564.9,3,4,2,9,342,一般保持客户
C000228,38,5,8261.470000000001,4,3,3,10,433,重要保持客户
C000229,25,6,7651.219999999999,4,4,3,11,443,重要保持客户
C000230,98,4,4373.71,2,2,2,6,222,低价值客户
C000231,218,3,7416.0,1,1,3,5,113,低价值客户
C000232,118,1,579.3,1,1,1,3,111,低价值客户
C000233,31,2,2064.3,4,1,1,6,411,新客户
C000234,31,8,14744.72,4,5,5,14,455,重要价值客户
C000235,31,4,6760.21,4,2,3,9,423,重要发展客户
C000236,33,4,16929.32,4,2,5,11,425,重要发展客户
C000237,75,6,6088.05,2,4,2,8,242,一般保持客户
C000238,57,6,15208.34,3,4,5,12,345,重要挽留客户
C000239,102,5,8446.27,2,3,3,8,233,低价值客户
C000240,22,5,4910.51,4,3,2,9,432,重要保持客户
C000241,176,4,975.22,1,2,1,4,121,低价值客户
C000242,79,5,11773.95,2,3,4,9,234,潜力客户
C000243,61,4,6087.34,3,2,2,7,322,低价值客户
C000244,19,6,12494.27,4,4,4,12,444,重要价值客户
C000245,57,6,13838.9,3,4,5,12,345,重要挽留客户
C000246,158,4,6834.280000000001,1,2,3,6,123,低价值客户
C000247,56,6,9074.61,3,4,3,10,343,一般保持客户
C000248,9,8,24320.04,5,5,5,15,555,重要价值客户
C000249,69,5,11917.34,2,3,4,9,234,潜力客户
C000250,31,2,4636.21,4,1,2,7,412,新客户
C000251,20,11,19989.96,4,5,5,14,455,重要价值客户
C000252,5,11,20053.92,5,5,5,15,555,重要价值客户
C000253,55,6,24018.96,3,4,5,12,345,重要挽留客户
C000254,54,5,13716.07,3,3,5,11,335,潜力客户
C000255,18,2,2758.3900000000003,4,1,1,6,411,新客户
C000256,4,5,6638.27,5,3,2,10,532,重要保持客户
C000257,43,5,10862.12,3,3,4,10,334,潜力客户
C000258,6,5,6923.5,5,3,3,11,533,重要保持客户
C000259,41,3,6065.04,3,1,2,6,312,低价值客户
C000260,114,4,9646.59,1,2,4,7,124,潜力客户
C000261,159,7,11299.48,1,4,4,9,144,重要挽留客户
C000262,165,2,3547.11,1,1,1,3,111,低价值客户
C000263,171,3,2603.11,1,1,1,3,111,低价值客户
C000264,68,7,5510.95,2,4,2,8,242,一般保持客户
C000265,44,6,19135.62,3,4,5,12,345,重要挽留客户
C000266,26,8,10349.91,4,5,4,13,454,重要价值客户
C000267,111,1,896.0,2,1,1,4,211,低价值客户
C000268,43,2,8605.95,3,1,3,7,313,低价值客户
C000269,106,8,7205.54,2,5,3,10,253,一般保持客户
C000270,57,5,8183.57,3,3,3,9,333,一般价值客户
C000271,5,5,6658.18,5,3,2,10,532,重要保持客户
C000272,63,3,5213.75,3,1,2,6,312,低价值客户
C000273,6,9,20960.57,5,5,5,15,555,重要价值客户
C000274,39,2,877.85,4,1,1,6,411,新客户
C000275,75,5,7772.21,2,3,3,8,233,低价值客户
C000276,44,5,13215.6,3,3,5,11,335,潜力客户
C000277,31,3,8390.75,4,1,3,8,413,重要发展客户
C000278,128,3,9767.6,1,1,4,6,114,潜力客户
C000279,87,4,9627.8,2,2,4,8,224,潜力客户
C000280,9,7,21123.129999999997,5,4,5,14,545,重要价值客户
C000281,343,1,2343.98,1,1,1,3,111,低价值客户
C000282,49,4,4834.34,3,2,2,7,322,低价值客户
C000283,14,2,1414.3700000000001,5,1,1,7,511,新客户
C000284,121,4,8695.42,1,2,3,6,123,低价值客户
C000285,35,8,9222.9,4,5,3,12,453,重要保持客户
C000286,266,1,1188.8,1,1,1,3,111,低价值客户
C000287,1,7,18167.04,5,4,5,14,545,重要价值客户
C000288,13,10,28581.7,5,5,5,15,555,重要价值客户
C000289,15,5,6812.36,5,3,3,11,533,重要保持客户
C000290,34,5,6479.639999999999,4,3,2,9,432,重要保持客户
C000291,80,4,6076.92,2,2,2,6,222,低价值客户
C000292,9,9,13970.24,5,5,5,15,555,重要价值客户
C000293,129,2,7725.24,1,1,3,5,113,低价值客户
C000294,122,5,12245.130000000001,1,3,4,8,134,潜力客户
C000295,26,8,13703.34,4,5,5,14,455,重要价值客户
C000296,45,3,16046.05,3,1,5,9,315,潜力客户
C000297,12,7,5265.05,5,4,2,11,542,重要保持客户
C000298,36,6,9032.64,4,4,3,11,443,重要保持客户
C000299,106,4,7411.75,2,2,3,7,223,低价值客户
C000300,38,3,3358.17,4,1,1,6,411,新客户
C000301,20,10,19187.85,4,5,5,14,455,重要价值客户
C000302,2,5,8387.630000000001,5,3,3,11,533,重要保持客户
C000303,18,8,11136.17,4,5,4,13,454,重要价值客户
C000304,89,6,15564.12,2,4,5,11,245,重要挽留客户
C000305,4,4,4766.04,5,2,2,9,522,新客户
C000306,44,5,8175.01,3,3,3,9,333,一般价值客户
C000307,237,3,3477.74,1,1,1,3,111,低价值客户
C000308,32,5,14191.16,4,3,5,12,435,重要保持客户
C000309,16,8,10109.61,5,5,4,14,554,重要价值客户
C000310,21,7,12258.490000000002,4,4,4,12,444,重要价值客户
C000311,131,5,6211.25,1,3,2,6,132,低价值客户
C000312,116,2,6512.11,1,1,2,4,112,低价值客户
C000313,185,1,5920.44,1,1,2,4,112,低价值客户
C000314,58,3,5295.6,3,1,2,6,312,低价值客户
C000315,60,7,5640.45,3,5,2,10,352,一般保持客户
C000316,7,4,3036.9700000000003,5,2,1,8,521,新客户
C000317,98,2,4461.65,2,1,2,5,212,低价值客户
C000318,80,3,3232.9199999999996,2,1,1,4,211,低价值客户
C000319,64,5,11059.94,3,3,4,10,334,潜力客户
C000320,40,3,7422.049999999999,4,1,3,8,413,重要发展客户
C000321,14,8,9753.439999999999,5,5,4,14,554,重要价值客户
C000322,0,7,15185.09,5,5,5,15,555,重要价值客户
C000323,92,4,1951.0300000000002,2,2,1,5,221,低价值客户
C000324,19,5,9073.720000000001,4,3,3,10,433,重要保持客户
C000325,216,1,1240.33,1,1,1,3,111,低价值客户
C000326,79,3,899.48,2,1,1,4,211,低价值客户
C000327,19,5,8382.289999999999,4,3,3,10,433,重要保持客户
C000328,9,9,20547.4,5,5,5,15,555,重要价值客户
C000329,11,6,9371.19,5,4,4,13,544,重要价值客户
C000330,96,2,2087.44,2,1,1,4,211,低价值客户
C000331,28,8,11107.31,4,5,4,13,454,重要价值客户
C000332,108,7,8041.05,2,5,3,10,253,一般保持客户
C000333,6,2,2236.0699999999997,5,1,1,7,511,新客户
C000334,54,8,31881.739999999998,3,5,5,13,355,重要挽留客户
C000335,41,6,8371.47,3,4,3,10,343,一般保持客户
C000336,42,4,7658.889999999999,3,2,3,8,323,低价值客户
C000337,126,5,10111.64,1,3,4,8,134,潜力客户
C000338,141,2,7602.13,1,1,3,5,113,低价值客户
C000339,45,6,11515.58,3,4,4,11,344,重要挽留客户
C000340,104,2,1536.6599999999999,2,1,1,4,211,低价值客户
C000341,10,4,7970.410000000001,5,2,3,10,523,重要发展客户
C000342,77,8,17696.93,2,5,5,12,255,重要挽留客户
C000343,40,8,16471.79,4,5,5,14,455,重要价值客户
C000344,117,6,7592.51,1,4,3,8,143,一般保持客户
C000345,135,1,2665.62,1,1,1,3,111,低价值客户
C000346,26,9,17508.3,4,5,5,14,455,重要价值客户
C000347,162,2,1797.1100000000001,1,1,1,3,111,低价值客户
C000348,53,2,3793.86,3,1,1,5,311,低价值客户
C000349,199,8,10403.99,1,5,4,10,154,重要挽留客户
C000350,37,4,10157.960000000001,4,2,4,10,424,重要发展客户
C000351,25,6,13477.910000000002,4,4,5,13,445,重要价值客户
C000352,180,2,5146.65,1,1,2,4,112,低价值客户
C000353,94,2,3291.76,2,1,1,4,211,低价值客户
C000354,151,3,2869.77,1,1,1,3,111,低价值客户
C000355,35,5,6185.0599999999995,4,3,2,9,432,重要保持客户
C000356,111,4,7713.91,2,2,3,7,223,低价值客户
C000357,80,6,9994.32,2,4,4,10,244,重要挽留客户
C000358,7,7,5193.96,5,5,2,12,552,重要保持客户
C000359,10,6,11296.390000000001,5,4,4,13,544,重要价值客户
C000360,75,2,3904.37,2,1,1,4,211,低价值客户
C000361,86,4,4296.94,2,2,2,6,222,低价值客户
C000362,94,8,9022.94,2,5,3,10,253,一般保持客户
C000363,27,5,6233.49,4,3,2,9,432,重要保持客户
C000364,239,3,2398.45,1,1,1,3,111,低价值客户
C000365,25,7,10368.94,4,5,4,13,454,重要价值客户
C000366,15,5,4789.09,5,3,2,10,532,重要保持客户
C000367,58,2,6009.1,3,1,2,6,312,低价值客户
C000368,57,6,10339.34,3,4,4,11,344,重要挽留客户
C000369,72,4,9772.14,2,2,4,8,224,潜力客户
C000370,20,6,3994.4900000000002,4,4,1,9,441,重要保持客户
C000371,13,7,18739.239999999998,5,5,5,15,555,重要价值客户
C000372,26,6,21177.19,4,4,5,13,445,重要价值客户
C000373,22,5,8058.0,4,3,3,10,433,重要保持客户
C000374,23,3,5797.009999999999,4,1,2,7,412,新客户
C000375,28,2,7735.0,4,1,3,8,413,重要发展客户
C000376,12,1,2590.2,5,1,1,7,511,新客户
C000377,208,2,3217.1,1,1,1,3,111,低价值客户
C000378,81,6,11008.029999999999,2,4,4,10,244,重要挽留客户
C000379,218,2,716.55,1,1,1,3,111,低价值客户
C000380,46,6,14162.810000000001,3,4,5,12,345,重要挽留客户
C000381,26,5,9403.16,4,3,4,11,434,重要保持客户
C000382,54,4,9650.84,3,2,4,9,324,潜力客户
C000383,8,4,3201.33,5,2,1,8,521,新客户
C000384,55,6,4332.87,3,4,2,9,342,一般保持客户
C000385,20,6,14726.91,4,4,5,13,445,重要价值客户
C000386,84,3,3902.03,2,1,1,4,211,低价值客户
C000387,176,5,8647.779999999999,1,3,3,7,133,低价值客户
C000388,85,9,17573.91,2,5,5,12,255,重要挽留客户
C000389,85,6,8290.18,2,4,3,9,243,一般保持客户
C000390,73,2,4169.65,2,1,2,5,212,低价值客户
C000391,143,5,5252.23,1,3,2,6,132,低价值客户
C000392,257,5,4597.94,1,3,2,6,132,低价值客户
C000393,41,3,2028.55,3,1,1,5,311,低价值客户
C000394,13,6,8620.21,5,4,3,12,543,重要保持客户
C000395,36,8,10481.66,4,5,4,13,454,重要价值客户
C000396,73,3,3072.46,2,1,1,4,211,低价值客户
C000397,21,6,11405.23,4,4,4,12,444,重要价值客户
C000398,48,5,7824.23,3,3,3,9,333,一般价值客户
C000399,57,7,9027.27,3,5,3,11,353,一般保持客户
C000400,159,2,1867.5,1,1,1,3,111,低价值客户
C000401,35,6,14570.119999999999,4,4,5,13,445,重要价值客户
C000402,47,8,6362.19,3,5,2,10,352,一般保持客户
C000403,4,4,6604.55,5,2,2,9,522,新客户
C000404,28,5,11867.89,4,3,4,11,434,重要保持客户
C000405,68,7,13234.369999999999,2,5,5,12,255,重要挽留客户
C000406,71,5,7463.44,2,3,3,8,233,低价值客户
C000407,267,1,613.27,1,1,1,3,111,低价值客户
C000408,6,10,13169.08,5,5,5,15,555,重要价值客户
C000409,39,3,7222.8,4,1,3,8,413,重要发展客户
C000410,283,3,5526.86,1,1,2,4,112,低价值客户
C000411,65,4,3814.62,3,2,1,6,321,低价值客户
C000412,11,6,11176.99,5,4,4,13,544,重要价值客户
C000413,14,9,14785.56,5,5,5,15,555,重要价值客户
C000414,44,5,9990.49,3,3,4,10,334,潜力客户
C000415,19,6,18096.59,4,4,5,13,445,重要价值客户
C000416,40,7,11986.15,4,5,4,13,454,重要价值客户
C000417,22,7,6981.74,4,5,3,12,453,重要保持客户
C000418,49,6,9971.84,3,4,4,11,344,重要挽留客户
C000419,16,8,12652.13,5,5,5,15,555,重要价值客户
C000420,4,2,6912.18,5,1,3,9,513,重要发展客户
C000421,0,4,3589.55,5,2,1,8,521,新客户
C000422,99,4,4828.27,2,2,2,6,222,低价值客户
C000423,75,5,4675.66,2,3,2,7,232,低价值客户
C000424,99,7,8421.83,2,5,3,10,253,一般保持客户
C000425,89,5,11228.23,2,3,4,9,234,潜力客户
C000426,11,7,14626.23,5,5,5,15,555,重要价值客户
C000427,110,3,5182.46,2,1,2,5,212,低价值客户
C000428,73,3,2803.3900000000003,2,1,1,4,211,低价值客户
C000429,77,7,13793.81,2,5,5,12,255,重要挽留客户
C000430,80,6,3417.88,2,4,1,7,241,一般保持客户
C000431,75,3,5100.13,2,1,2,5,212,低价值客户
C000432,139,1,374.93,1,1,1,3,111,低价值客户
C000433,157,3,1724.9499999999998,1,1,1,3,111,低价值客户
C000434,31,5,8203.89,4,3,3,10,433,重要保持客户
C000435,137,2,578.54,1,1,1,3,111,低价值客户
C000436,70,5,4654.18,2,3,2,7,232,低价值客户
C000437,95,3,8039.17,2,1,3,6,213,低价值客户
C000438,69,7,6349.7699999999995,2,5,2,9,252,一般保持客户
C000439,119,6,6873.26,1,4,3,8,143,一般保持客户
C000440,146,5,6194.7,1,3,2,6,132,低价值客户
C000441,63,4,6058.57,3,2,2,7,322,低价值客户
C000442,58,7,11496.32,3,5,4,12,354,重要挽留客户
C000443,24,3,8862.17,4,1,3,8,413,重要发展客户
C000444,232,4,6960.51,1,2,3,6,123,低价值客户
C000445,126,5,5418.04,1,3,2,6,132,低价值客户
C000446,9,9,16174.23,5,5,5,15,555,重要价值客户
C000447,5,8,11476.43,5,5,4,14,554,重要价值客户
C000448,105,5,6644.68,2,3,2,7,232,低价值客户
C000449,166,3,6572.82,1,1,2,4,112,低价值客户
C000450,27,7,9278.27,4,5,3,12,453,重要保持客户
C000451,48,5,11923.359999999999,3,3,4,10,334,潜力客户
C000452,9,10,18196.06,5,5,5,15,555,重要价值客户
C000453,59,4,10694.62,3,2,4,9,324,潜力客户
C000454,84,4,6552.67,2,2,2,6,222,低价值客户
C000455,78,4,1377.24,2,2,1,5,221,低价值客户
C000456,6,3,2638.4900000000002,5,1,1,7,511,新客户
C000457,162,3,3351.17,1,1,1,3,111,低价值客户
C000458,116,4,4871.1900000000005,1,2,2,5,122,低价值客户
C000459,22,3,2682.4300000000003,4,1,1,6,411,新客户
C000460,54,4,2699.79,3,2,1,6,321,低价值客户
C000461,213,3,4584.87,1,1,2,4,112,低价值客户
C000462,30,4,8162.62,4,2,3,9,423,重要发展客户
C000463,31,2,792.0899999999999,4,1,1,6,411,新客户
C000464,87,3,1963.3600000000001,2,1,1,4,211,低价值客户
C000465,3,8,17592.82,5,5,5,15,555,重要价值客户
C000466,57,3,1621.02,3,1,1,5,311,低价值客户
C000467,2,4,9737.67,5,2,4,11,524,重要发展客户
C000468,224,2,4898.0,1,1,2,4,112,低价值客户
C000469,28,6,8980.96,4,4,3,11,443,重要保持客户
C000470,107,6,8685.279999999999,2,4,3,9,243,一般保持客户
C000471,10,5,4072.1499999999996,5,3,1,9,531,重要保持客户
C000472,103,7,8427.449999999999,2,5,3,10,253,一般保持客户
C000473,71,6,9450.55,2,4,4,10,244,重要挽留客户
C000474,94,7,9920.130000000001,2,5,4,11,254,重要挽留客户
C000475,106,4,6157.35,2,2,2,6,222,低价值客户
C000476,67,3,3973.08,3,1,1,5,311,低价值客户
C000477,218,3,3126.85,1,1,1,3,111,低价值客户
C000478,60,6,11244.53,3,4,4,11,344,重要挽留客户
C000479,50,5,5397.6,3,3,2,8,332,一般价值客户
C000480,181,3,1691.76,1,1,1,3,111,低价值客户
C000481,3,7,10886.0,5,5,4,14,554,重要价值客户
C000482,40,6,10963.07,4,4,4,12,444,重要价值客户
C000483,207,2,5086.08,1,1,2,4,112,低价值客户
C000484,37,8,11208.12,4,5,4,13,454,重要价值客户
C000485,33,7,7574.889999999999,4,5,3,12,453,重要保持客户
C000486,18,9,19104.309999999998,4,5,5,14,455,重要价值客户
C000487,39,7,11603.720000000001,4,5,4,13,454,重要价值客户
C000488,12,7,6845.33,5,5,3,13,553,重要保持客户
C000489,18,4,11834.349999999999,4,2,4,10,424,重要发展客户
C000490,13,4,5120.25,5,2,2,9,522,新客户
C000491,7,10,17502.27,5,5,5,15,555,重要价值客户
C000492,8,10,16649.96,5,5,5,15,555,重要价值客户
C000493,12,4,4982.9,5,2,2,9,522,新客户
C000494,28,3,7279.93,4,1,3,8,413,重要发展客户
C000495,35,6,15508.91,4,4,5,13,445,重要价值客户
C000496,60,8,4413.17,3,5,2,10,352,一般保持客户
C000497,256,2,3881.3500000000004,1,1,1,3,111,低价值客户
C000498,21,4,5391.36,4,2,2,8,422,新客户
C000499,30,8,18104.46,4,5,5,14,455,重要价值客户
C000500,31,6,13341.0,4,4,5,13,445,重要价值客户
C000501,1,6,11973.45,5,4,4,13,544,重要价值客户
C000502,120,3,5175.43,1,1,2,4,112,低价值客户
C000503,81,3,3711.8999999999996,2,1,1,4,211,低价值客户
C000504,106,3,4623.84,2,1,2,5,212,低价值客户
C000505,87,5,4948.42,2,3,2,7,232,低价值客户
C000506,34,3,2982.71,4,1,1,6,411,新客户
C000507,11,2,5393.56,5,1,2,8,512,新客户
C000508,6,4,6236.61,5,2,2,9,522,新客户
C000509,4,9,17585.38,5,5,5,15,555,重要价值客户
C000510,51,5,8567.02,3,3,3,9,333,一般价值客户
C000511,73,3,2894.18,2,1,1,4,211,低价值客户
C000512,21,8,11624.38,4,5,4,13,454,重要价值客户
C000513,1,11,29903.52,5,5,5,15,555,重要价值客户
C000514,140,4,8950.95,1,2,3,6,123,低价值客户
C000515,27,2,15953.39,4,1,5,10,415,重要发展客户
C000516,150,4,9285.49,1,2,3,6,123,低价值客户
C000517,68,6,10093.27,2,4,4,10,244,重要挽留客户
C000518,19,4,7890.74,4,2,3,9,423,重要发展客户
C000519,70,2,8681.630000000001,2,1,3,6,213,低价值客户
C000520,87,5,11085.16,2,3,4,9,234,潜力客户
C000521,64,3,1537.52,3,1,1,5,311,低价值客户
C000522,133,6,7915.4400000000005,1,4,3,8,143,一般保持客户
C000523,94,4,2380.48,2,2,1,5,221,低价值客户
C000524,48,8,5470.8099999999995,3,5,2,10,352,一般保持客户
C000525,82,4,5934.75,2,2,2,6,222,低价值客户
C000526,187,2,5257.2,1,1,2,4,112,低价值客户
C000527,45,5,5373.56,3,3,2,8,332,一般价值客户
C000528,22,7,25950.65,4,5,5,14,455,重要价值客户
C000529,122,5,8625.51,1,3,3,7,133,低价值客户
C000530,62,2,3433.11,3,1,1,5,311,低价值客户
C000531,10,4,4020.2599999999998,5,2,1,8,521,新客户
C000532,34,6,10232.15,4,4,4,12,444,重要价值客户
C000533,24,4,11242.630000000001,4,2,4,10,424,重要发展客户
C000534,81,5,4040.11,2,3,1,6,231,低价值客户
C000535,111,3,8127.82,2,1,3,6,213,低价值客户
C000536,33,7,13852.619999999999,4,5,5,14,455,重要价值客户
C000537,65,3,1257.36,3,1,1,5,311,低价值客户
C000538,12,3,5014.75,5,1,2,8,512,新客户
C000539,58,5,6876.32,3,3,3,9,333,一般价值客户
C000540,24,1,1819.12,4,1,1,6,411,新客户
C000541,3,3,7352.47,5,2,3,10,523,重要发展客户
C000542,123,4,10191.35,1,2,4,7,124,潜力客户
C000543,42,4,3967.09,3,2,1,6,321,低价值客户
C000544,83,5,8322.68,2,3,3,8,233,低价值客户
C000545,77,4,4816.16,2,2,2,6,222,低价值客户
C000546,91,2,1826.9,2,1,1,4,211,低价值客户
C000547,45,6,6030.38,3,4,2,9,342,一般保持客户
C000548,51,9,10932.77,3,5,4,12,354,重要挽留客户
C000549,49,4,5604.12,3,2,2,7,322,低价值客户
C000550,44,8,13074.46,3,5,5,13,355,重要挽留客户
C000551,73,5,5951.05,2,3,2,7,232,低价值客户
C000552,86,4,6448.5,2,2,2,6,222,低价值客户
C000553,3,3,5029.62,5,2,2,9,522,新客户
C000554,62,4,4406.27,3,2,2,7,322,低价值客户
C000555,79,8,18892.65,2,5,5,12,255,重要挽留客户
C000556,35,1,1226.54,4,1,1,6,411,新客户
C000557,237,3,3980.8199999999997,1,2,1,4,121,低价值客户
C000558,50,7,7857.15,3,5,3,11,353,一般保持客户
C000559,44,4,3297.84,3,2,1,6,321,低价值客户
C000560,22,9,13957.09,4,5,5,14,455,重要价值客户
C000561,120,4,6450.02,1,2,2,5,122,低价值客户
C000562,56,6,6092.68,3,4,2,9,342,一般保持客户
C000563,190,4,3252.11,1,2,1,4,121,低价值客户
C000564,0,10,16927.18,5,5,5,15,555,重要价值客户
C000565,228,3,7113.969999999999,1,2,3,6,123,低价值客户
C000566,22,3,8025.79,4,2,3,9,423,重要发展客户
C000567,19,3,7532.27,4,2,3,9,423,重要发展客户
C000568,13,4,9818.42,5,2,4,11,524,重要发展客户
C000569,243,2,1986.15,1,1,1,3,111,低价值客户
C000570,0,3,3567.96,5,2,1,8,521,新客户
C000571,143,5,4208.78,1,3,2,6,132,低价值客户
C000572,232,5,7562.5,1,3,3,7,133,低价值客户
C000573,29,4,10533.15,4,2,4,10,424,重要发展客户
C000574,96,4,3881.52,2,2,1,5,221,低价值客户
C000575,2,6,8255.3,5,4,3,12,543,重要保持客户
C000576,43,2,4151.43,3,1,2,6,312,低价值客户
C000577,8,7,19151.54,5,5,5,15,555,重要价值客户
C000578,43,6,17620.190000000002,3,4,5,12,345,重要挽留客户
C000579,140,5,12178.17,1,3,4,8,134,潜力客户
C000580,102,4,5787.87,2,2,2,6,222,低价值客户
C000581,8,4,4106.6900000000005,5,2,2,9,522,新客户
C000582,47,6,11666.48,3,4,4,11,344,重要挽留客户
C000583,11,5,4355.44,5,3,2,10,532,重要保持客户
C000584,25,1,1314.8,4,1,1,6,411,新客户
C000585,7,5,10292.75,5,3,4,12,534,重要保持客户
C000586,95,4,3064.3199999999997,2,2,1,5,221,低价值客户
C000587,29,12,19609.93,4,5,5,14,455,重要价值客户
C000588,45,5,10102.36,3,3,4,10,334,潜力客户
C000589,37,4,8090.549999999999,4,2,3,9,423,重要发展客户
C000590,34,6,11076.79,4,4,4,12,444,重要价值客户
C000591,9,4,6033.77,5,2,2,9,522,新客户
C000592,146,6,18458.09,1,4,5,10,145,重要挽留客户
C000593,13,1,379.85,5,1,1,7,511,新客户
C000594,34,8,6285.79,4,5,2,11,452,重要保持客户
C000595,104,4,4104.55,2,2,2,6,222,低价值客户
C000596,4,5,9535.15,5,3,4,12,534,重要保持客户
C000597,5,2,6142.33,5,1,2,8,512,新客户
C000598,50,5,5108.1900000000005,3,3,2,8,332,一般价值客户
C000599,196,3,4249.24,1,2,2,5,122,低价值客户
C000600,126,2,1748.42,1,1,1,3,111,低价值客户
C000601,100,5,3637.59,2,3,1,6,231,低价值客户
C000602,162,2,352.04,1,1,1,3,111,低价值客户
C000603,58,7,12112.83,3,5,4,12,354,重要挽留客户
C000604,32,4,9571.84,4,2,4,10,424,重要发展客户
C000605,2,8,29468.760000000002,5,5,5,15,555,重要价值客户
C000606,34,7,12567.73,4,5,5,14,455,重要价值客户
C000607,4,5,10589.789999999999,5,3,4,12,534,重要保持客户
C000608,9,7,19401.2,5,5,5,15,555,重要价值客户
C000609,5,6,10157.46,5,4,4,13,544,重要价值客户
C000610,71,7,8733.47,2,5,3,10,253,一般保持客户
C000611,26,6,9387.87,4,4,4,12,444,重要价值客户
C000612,19,6,20328.02,4,4,5,13,445,重要价值客户
C000613,30,7,8301.19,4,5,3,12,453,重要保持客户
C000614,21,8,9080.859999999999,4,5,3,12,453,重要保持客户
C000615,1,10,16093.32,5,5,5,15,555,重要价值客户
C000616,26,3,3104.36,4,2,1,7,421,新客户
C000617,143,2,5352.71,1,1,2,4,112,低价值客户
C000618,43,9,29662.53,3,5,5,13,355,重要挽留客户
C000619,2,6,4388.14,5,4,2,11,542,重要保持客户
C000620,261,3,2375.1000000000004,1,2,1,4,121,低价值客户
C000621,21,7,8095.71,4,5,3,12,453,重要保持客户
C000622,81,9,10022.810000000001,2,5,4,11,254,重要挽留客户
C000623,3,5,10574.27,5,3,4,12,534,重要保持客户
C000624,15,7,15274.289999999999,5,5,5,15,555,重要价值客户
C000625,9,8,11677.039999999999,5,5,4,14,554,重要价值客户
C000626,14,7,11633.32,5,5,4,14,554,重要价值客户
C000627,48,4,1525.82,3,2,1,6,321,低价值客户
C000628,56,4,9508.21,3,2,4,9,324,潜力客户
C000629,106,2,2053.44,2,1,1,4,211,低价值客户
C000630,51,4,9991.939999999999,3,2,4,9,324,潜力客户
C000631,14,3,5200.36,5,2,2,9,522,新客户
C000632,90,8,11980.95,2,5,4,11,254,重要挽留客户
C000633,25,2,6621.719999999999,4,1,2,7,412,新客户
C000634,41,10,12435.72,3,5,4,12,354,重要挽留客户
C000635,27,8,15660.56,4,5,5,14,455,重要价值客户
C000636,12,4,6792.08,5,2,3,10,523,重要发展客户
C000637,15,4,3926.1000000000004,5,2,1,8,521,新客户
C000638,15,1,3637.13,5,1,1,7,511,新客户
C000639,130,4,4048.8900000000003,1,2,1,4,121,低价值客户
C000640,8,2,5992.37,5,1,2,8,512,新客户
C000641,53,6,9999.1,3,4,4,11,344,重要挽留客户
C000643,66,10,12186.23,3,5,4,12,354,重要挽留客户
C000644,58,4,10397.93,3,2,4,9,324,潜力客户
C000645,18,5,12226.880000000001,4,3,4,11,434,重要保持客户
C000646,1,5,10222.54,5,3,4,12,534,重要保持客户
C000647,24,9,9511.9,4,5,4,13,454,重要价值客户
C000648,118,4,4920.19,1,2,2,5,122,低价值客户
C000649,37,7,13344.52,4,5,5,14,455,重要价值客户
C000650,38,6,10641.89,4,4,4,12,444,重要价值客户
C000651,80,5,8268.130000000001,2,3,3,8,233,低价值客户
C000652,131,2,944.1999999999999,1,1,1,3,111,低价值客户
C000653,216,2,3515.9,1,1,1,3,111,低价值客户
C000654,2,6,15822.19,5,4,5,14,545,重要价值客户
C000655,15,8,6257.75,5,5,2,12,552,重要保持客户
C000656,65,5,14914.380000000001,3,3,5,11,335,潜力客户
C000657,15,6,12467.419999999998,5,4,4,13,544,重要价值客户
C000658,26,7,15395.32,4,5,5,14,455,重要价值客户
C000659,57,6,10084.19,3,4,4,11,344,重要挽留客户
C000660,88,2,4198.2,2,1,2,5,212,低价值客户
C000661,76,4,8265.12,2,2,3,7,223,低价值客户
C000662,6,6,11972.29,5,4,4,13,544,重要价值客户
C000663,133,4,10851.47,1,2,4,7,124,潜力客户
C000664,35,7,11425.77,4,5,4,13,454,重要价值客户
C000665,134,5,6254.07,1,3,2,6,132,低价值客户
C000666,85,3,5062.27,2,2,2,6,222,低价值客户
C000667,9,5,7914.77,5,3,3,11,533,重要保持客户
C000668,124,9,16833.15,1,5,5,11,155,重要挽留客户
C000669,198,4,5412.23,1,2,2,5,122,低价值客户
C000670,108,4,3791.0499999999997,2,2,1,5,221,低价值客户
C000671,54,5,10563.52,3,3,4,10,334,潜力客户
C000672,80,4,3119.4900000000002,2,2,1,5,221,低价值客户
C000673,22,12,19744.12,4,5,5,14,455,重要价值客户
C000674,126,5,3197.88,1,3,1,5,131,低价值客户
C000675,2,2,2319.46,5,1,1,7,511,新客户
C000676,53,6,10533.710000000001,3,4,4,11,344,重要挽留客户
C000677,40,7,29175.48,4,5,5,14,455,重要价值客户
C000678,112,5,5445.28,1,3,2,6,132,低价值客户
C000679,49,3,9588.22,3,2,4,9,324,潜力客户
C000680,25,7,10609.28,4,5,4,13,454,重要价值客户
C000681,23,5,14135.349999999999,4,3,5,12,435,重要保持客户
C000682,130,3,3646.54,1,2,1,4,121,低价值客户
C000683,101,6,11096.59,2,4,4,10,244,重要挽留客户
C000685,145,3,3487.73,1,2,1,4,121,低价值客户
C000686,11,4,5381.46,5,2,2,9,522,新客户
C000687,46,5,10891.44,3,3,4,10,334,潜力客户
C000688,5,7,12658.96,5,5,5,15,555,重要价值客户
C000689,114,3,4334.77,1,2,2,5,122,低价值客户
C000690,49,6,16576.9,3,4,5,12,345,重要挽留客户
C000691,89,5,12524.970000000001,2,3,5,10,235,潜力客户
C000692,12,5,10410.619999999999,5,3,4,12,534,重要保持客户
C000693,95,4,9541.880000000001,2,2,4,8,224,潜力客户
C000694,132,7,16387.03,1,5,5,11,155,重要挽留客户
C000695,74,4,8729.15,2,2,3,7,223,低价值客户
C000696,13,10,9395.59,5,5,4,14,554,重要价值客户
C000697,14,7,19378.809999999998,5,5,5,15,555,重要价值客户
C000698,9,2,8696.46,5,1,3,9,513,重要发展客户
C000699,7,6,10370.369999999999,5,4,4,13,544,重要价值客户
C000700,57,6,11124.380000000001,3,4,4,11,344,重要挽留客户
C000701,13,6,7053.94,5,4,3,12,543,重要保持客户
C000702,164,3,7397.48,1,2,3,6,123,低价值客户
C000703,10,10,21328.81,5,5,5,15,555,重要价值客户
C000704,36,4,7537.450000000001,4,2,3,9,423,重要发展客户
C000705,27,4,5143.45,4,2,2,8,422,新客户
C000706,67,3,5983.04,3,2,2,7,322,低价值客户
C000707,38,7,8901.960000000001,4,5,3,12,453,重要保持客户
C000708,29,5,12673.519999999999,4,3,5,12,435,重要保持客户
C000709,58,3,8240.04,3,2,3,8,323,低价值客户
C000710,14,6,13821.65,5,4,5,14,545,重要价值客户
C000711,102,6,8680.22,2,4,3,9,243,一般保持客户
C000712,76,3,3930.7799999999997,2,2,1,5,221,低价值客户
C000713,64,9,20831.46,3,5,5,13,355,重要挽留客户
C000714,69,7,7311.759999999999,2,5,3,10,253,一般保持客户
C000715,65,6,6636.07,3,4,2,9,342,一般保持客户
C000716,3,6,7608.27,5,4,3,12,543,重要保持客户
C000717,18,4,6992.25,4,2,3,9,423,重要发展客户
C000718,0,5,12829.439999999999,5,3,5,13,535,重要保持客户
C000719,168,6,11691.24,1,4,4,9,144,重要挽留客户
C000720,36,2,1747.4099999999999,4,1,1,6,411,新客户
C000721,226,1,240.35,1,1,1,3,111,低价值客户
C000722,196,1,2045.7,1,1,1,3,111,低价值客户
C000723,245,1,1266.18,1,1,1,3,111,低价值客户
C000724,136,4,9595.97,1,2,4,7,124,潜力客户
C000725,146,5,10267.11,1,3,4,8,134,潜力客户
C000726,85,8,13528.45,2,5,5,12,255,重要挽留客户
C000727,67,6,12937.85,3,4,5,12,345,重要挽留客户
C000728,16,6,12979.59,5,4,5,14,545,重要价值客户
C000729,317,3,7070.77,1,2,3,6,123,低价值客户
C000730,52,4,7305.1,3,2,3,8,323,低价值客户
C000731,216,2,806.98,1,1,1,3,111,低价值客户
C000732,219,1,2961.48,1,1,1,3,111,低价值客户
C000733,204,4,7254.1,1,2,3,6,123,低价值客户
C000734,64,3,7164.0,3,2,3,8,323,低价值客户
C000735,78,2,1057.9299999999998,2,1,1,4,211,低价值客户
C000736,138,4,4464.99,1,2,2,5,122,低价值客户
C000737,163,2,3259.8900000000003,1,1,1,3,111,低价值客户
C000738,26,2,863.22,4,1,1,6,411,新客户
C000739,14,7,8091.44,5,5,3,13,553,重要保持客户
C000740,162,4,3444.8,1,2,1,4,121,低价值客户
C000741,159,3,3694.3,1,2,1,4,121,低价值客户
C000742,8,6,14004.900000000001,5,4,5,14,545,重要价值客户
C000743,46,4,3546.32,3,2,1,6,321,低价值客户
C000744,17,4,10425.93,4,2,4,10,424,重要发展客户
C000745,14,3,4992.9800000000005,5,2,2,9,522,新客户
C000746,125,6,8775.0,1,4,3,8,143,一般保持客户
C000747,193,5,6821.66,1,3,3,7,133,低价值客户
C000748,62,7,5887.69,3,5,2,10,352,一般保持客户
C000749,7,6,10576.65,5,4,4,13,544,重要价值客户
C000750,36,4,5965.07,4,2,2,8,422,新客户
C000751,41,6,7982.6900000000005,3,4,3,10,343,一般保持客户
C000752,93,3,5061.06,2,2,2,6,222,低价值客户
C000753,45,6,8413.65,3,4,3,10,343,一般保持客户
C000754,25,4,11702.240000000002,4,2,4,10,424,重要发展客户
C000755,134,4,3834.14,1,2,1,4,121,低价值客户
C000756,94,5,12675.009999999998,2,3,5,10,235,潜力客户
C000757,14,3,3236.95,5,2,1,8,521,新客户
C000758,57,5,9962.369999999999,3,3,4,10,334,潜力客户
C000759,132,3,5721.29,1,2,2,5,122,低价值客户
C000760,74,9,8479.89,2,5,3,10,253,一般保持客户
C000761,189,5,16787.54,1,3,5,9,135,潜力客户
C000762,56,5,6556.53,3,3,2,8,332,一般价值客户
C000763,31,3,3298.42,4,2,1,7,421,新客户
C000764,196,2,1434.53,1,1,1,3,111,低价值客户
C000765,99,8,15267.82,2,5,5,12,255,重要挽留客户
C000766,208,2,3202.68,1,1,1,3,111,低价值客户
C000767,62,8,11802.070000000002,3,5,4,12,354,重要挽留客户
C000768,138,4,6031.79,1,2,2,5,122,低价值客户
C000769,26,3,1740.98,4,2,1,7,421,新客户
C000770,32,8,20113.239999999998,4,5,5,14,455,重要价值客户
C000771,1,6,22057.92,5,4,5,14,545,重要价值客户
C000772,49,9,17787.53,3,5,5,13,355,重要挽留客户
C000773,17,3,2425.81,4,2,1,7,421,新客户
C000774,26,4,6152.16,4,2,2,8,422,新客户
C000775,52,9,19118.09,3,5,5,13,355,重要挽留客户
C000776,83,3,4238.21,2,2,2,6,222,低价值客户
C000777,2,3,7589.4,5,2,3,10,523,重要发展客户
C000778,51,7,14577.7,3,5,5,13,355,重要挽留客户
C000779,15,8,13058.47,5,5,5,15,555,重要价值客户
C000780,268,1,1677.46,1,1,1,3,111,低价值客户
C000781,9,6,5794.51,5,4,2,11,542,重要保持客户
C000782,72,3,3407.8599999999997,2,2,1,5,221,低价值客户
C000783,45,5,9335.02,3,3,4,10,334,潜力客户
C000784,43,6,11726.39,3,4,4,11,344,重要挽留客户
C000785,15,5,14185.71,5,3,5,13,535,重要保持客户
C000786,79,6,12854.61,2,4,5,11,245,重要挽留客户
C000787,22,5,14915.35,4,3,5,12,435,重要保持客户
C000788,12,5,14007.29,5,3,5,13,535,重要保持客户
C000789,160,3,2561.41,1,2,1,4,121,低价值客户
C000790,31,3,7930.79,4,2,3,9,423,重要发展客户
C000791,95,7,8451.699999999999,2,5,3,10,253,一般保持客户
C000792,62,3,10263.43,3,2,4,9,324,潜力客户
C000793,132,3,2599.68,1,2,1,4,121,低价值客户
C000794,20,5,4665.88,4,3,2,9,432,重要保持客户
C000795,19,7,5544.17,4,5,2,11,452,重要保持客户
C000796,44,4,16922.95,3,2,5,10,325,潜力客户
C000797,129,5,8816.220000000001,1,3,3,7,133,低价值客户
C000798,69,8,12385.619999999999,2,5,4,11,254,重要挽留客户
C000799,1,7,9574.07,5,5,4,14,554,重要价值客户
C000800,274,2,1442.05,1,1,1,3,111,低价值客户
C000801,9,2,5357.84,5,1,2,8,512,新客户
C000802,68,5,10751.91,2,3,4,9,234,潜力客户
C000803,27,4,2107.82,4,3,1,8,431,重要保持客户
C000804,42,5,10718.49,3,3,4,10,334,潜力客户
C000805,16,7,12442.75,5,5,4,14,554,重要价值客户
C000806,40,7,20452.21,4,5,5,14,455,重要价值客户
C000807,54,5,8998.26,3,3,3,9,333,一般价值客户
C000808,108,4,1983.51,2,3,1,6,231,低价值客户
C000809,155,5,6729.0199999999995,1,3,3,7,133,低价值客户
C000810,19,6,10872.89,4,4,4,12,444,重要价值客户
C000811,45,3,1233.52,3,2,1,6,321,低价值客户
C000812,0,6,8403.2,5,4,3,12,543,重要保持客户
C000813,1,7,17042.76,5,5,5,15,555,重要价值客户
C000814,113,9,20953.2,1,5,5,11,155,重要挽留客户
C000815,44,2,2274.2799999999997,3,1,1,5,311,低价值客户
C000816,94,3,5338.6900000000005,2,2,2,6,222,低价值客户
C000817,21,5,14900.14,4,3,5,12,435,重要保持客户
C000818,9,5,7889.18,5,3,3,11,533,重要保持客户
C000819,27,7,4536.08,4,5,2,11,452,重要保持客户
C000820,28,8,10021.09,4,5,4,13,454,重要价值客户
C000821,1,6,10805.16,5,4,4,13,544,重要价值客户
C000822,119,3,4388.7699999999995,1,2,2,5,122,低价值客户
C000823,102,2,1971.3,2,1,1,4,211,低价值客户
C000824,7,10,9841.56,5,5,4,14,554,重要价值客户
C000825,29,10,12954.35,4,5,5,14,455,重要价值客户
C000826,161,3,2621.92,1,2,1,4,121,低价值客户
C000827,11,7,7753.48,5,5,3,13,553,重要保持客户
C000828,2,4,7668.94,5,3,3,11,533,重要保持客户
C000829,50,6,8609.109999999999,3,4,3,10,343,一般保持客户
C000830,46,6,10901.720000000001,3,4,4,11,344,重要挽留客户
C000831,190,3,3896.86,1,2,1,4,121,低价值客户
C000832,17,7,16223.009999999998,4,5,5,14,455,重要价值客户
C000833,67,3,3134.8,3,2,1,6,321,低价值客户
C000834,47,3,4936.68,3,2,2,7,322,低价值客户
C000835,76,6,6502.25,2,4,2,8,242,一般保持客户
C000836,83,2,3002.0299999999997,2,1,1,4,211,低价值客户
C000837,10,6,4619.62,5,4,2,11,542,重要保持客户
C000838,64,5,4084.37,3,3,2,8,332,一般价值客户
C000839,168,1,2960.04,1,1,1,3,111,低价值客户
C000840,71,2,4815.91,2,1,2,5,212,低价值客户
C000841,13,9,27752.760000000002,5,5,5,15,555,重要价值客户
C000842,128,3,4870.46,1,2,2,5,122,低价值客户
C000843,85,6,11603.86,2,4,4,10,244,重要挽留客户
C000844,95,5,10572.95,2,3,4,9,234,潜力客户
C000845,70,5,7135.76,2,3,3,8,233,低价值客户
C000846,218,4,6798.24,1,3,3,7,133,低价值客户
C000847,77,3,3663.17,2,2,1,5,221,低价值客户
C000848,179,4,8204.25,1,3,3,7,133,低价值客户
C000849,128,4,5754.9,1,3,2,6,132,低价值客户
C000850,50,3,2100.9300000000003,3,2,1,6,321,低价值客户
C000851,23,5,10339.63,4,3,4,11,434,重要保持客户
C000852,112,5,7391.12,1,3,3,7,133,低价值客户
C000853,182,1,1790.34,1,1,1,3,111,低价值客户
C000854,13,4,7792.69,5,3,3,11,533,重要保持客户
C000855,2,1,1107.36,5,1,1,7,511,新客户
C000856,18,3,8618.970000000001,4,2,3,9,423,重要发展客户
C000857,24,8,15489.800000000001,4,5,5,14,455,重要价值客户
C000858,69,5,11185.6,2,3,4,9,234,潜力客户
C000859,129,3,5530.68,1,2,2,5,122,低价值客户
C000860,27,5,11533.23,4,3,4,11,434,重要保持客户
C000861,301,1,714.65,1,1,1,3,111,低价值客户
C000862,162,2,2449.7,1,1,1,3,111,低价值客户
C000863,8,7,17532.07,5,5,5,15,555,重要价值客户
C000864,43,11,17693.73,3,5,5,13,355,重要挽留客户
C000865,155,5,8422.45,1,3,3,7,133,低价值客户
C000866,110,9,7516.19,2,5,3,10,253,一般保持客户
C000867,54,9,18358.23,3,5,5,13,355,重要挽留客户
C000868,13,5,3429.9,5,3,1,9,531,重要保持客户
C000869,22,3,4625.27,4,2,2,8,422,新客户
C000870,27,4,14156.27,4,3,5,12,435,重要保持客户
C000871,107,5,5116.82,2,3,2,7,232,低价值客户
C000872,226,5,6607.209999999999,1,3,2,6,132,低价值客户
C000873,138,3,2540.4900000000002,1,2,1,4,121,低价值客户
C000874,77,3,3473.12,2,2,1,5,221,低价值客户
C000875,79,4,6840.93,2,3,3,8,233,低价值客户
C000876,8,8,16228.54,5,5,5,15,555,重要价值客户
C000877,77,6,8526.61,2,4,3,9,243,一般保持客户
C000878,76,7,17122.64,2,5,5,12,255,重要挽留客户
C000879,23,11,25832.600000000002,4,5,5,14,455,重要价值客户
C000880,76,3,2890.23,2,2,1,5,221,低价值客户
C000881,144,6,11740.39,1,4,4,9,144,重要挽留客户
C000882,6,6,9704.91,5,4,4,13,544,重要价值客户
C000883,38,3,15177.2,4,2,5,11,425,重要发展客户
C000884,4,5,8686.800000000001,5,3,3,11,533,重要保持客户
C000885,79,8,13149.380000000001,2,5,5,12,255,重要挽留客户
C000886,45,5,9093.64,3,3,3,9,333,一般价值客户
C000887,173,6,10292.7,1,4,4,9,144,重要挽留客户
C000888,14,5,7966.950000000001,5,3,3,11,533,重要保持客户
C000889,62,6,8408.56,3,4,3,10,343,一般保持客户
C000890,61,4,6375.709999999999,3,3,2,8,332,一般价值客户
C000891,71,4,3412.81,2,3,1,6,231,低价值客户
C000892,15,4,7308.29,5,3,3,11,533,重要保持客户
C000894,50,5,11188.0,3,3,4,10,334,潜力客户
C000895,4,6,16065.9,5,4,5,14,545,重要价值客户
C000896,32,8,15974.69,4,5,5,14,455,重要价值客户
C000897,15,3,12594.73,5,2,5,12,525,重要发展客户
C000898,58,8,15309.210000000001,3,5,5,13,355,重要挽留客户
C000899,3,6,12365.109999999999,5,4,4,13,544,重要价值客户
C000900,104,2,8123.4,2,1,3,6,213,低价值客户
C000901,91,4,6650.650000000001,2,3,2,7,232,低价值客户
C000902,43,3,2785.7,3,2,1,6,321,低价值客户
C000903,153,3,4894.79,1,2,2,5,122,低价值客户
C000904,20,4,9200.099999999999,4,3,3,10,433,重要保持客户
C000905,55,7,11723.51,3,5,4,12,354,重要挽留客户
C000906,44,5,13882.02,3,3,5,11,335,潜力客户
C000907,33,2,1514.59,4,1,1,6,411,新客户
C000908,19,8,17547.11,4,5,5,14,455,重要价值客户
C000909,44,5,12805.4,3,3,5,11,335,潜力客户
C000910,81,6,7324.82,2,4,3,9,243,一般保持客户
C000911,53,3,4200.9,3,2,2,7,322,低价值客户
C000912,35,10,30265.59,4,5,5,14,455,重要价值客户
C000913,44,5,10367.43,3,3,4,10,334,潜力客户
C000914,134,3,6254.6,1,2,2,5,122,低价值客户
C000915,81,4,2541.1800000000003,2,3,1,6,231,低价值客户
C000916,78,5,4456.95,2,3,2,7,232,低价值客户
C000917,97,7,12302.56,2,5,4,11,254,重要挽留客户
C000918,32,7,11405.8,4,5,4,13,454,重要价值客户
C000919,18,3,5624.93,4,2,2,8,422,新客户
C000920,2,7,11217.16,5,5,4,14,554,重要价值客户
C000921,32,6,9051.91,4,4,3,11,443,重要保持客户
C000922,9,8,12512.31,5,5,5,15,555,重要价值客户
C000923,28,4,11246.380000000001,4,3,4,11,434,重要保持客户
C000924,81,3,1923.35,2,2,1,5,221,低价值客户
C000925,175,2,1405.03,1,1,1,3,111,低价值客户
C000926,46,2,6691.73,3,1,3,7,313,低价值客户
C000927,97,3,3360.8399999999997,2,2,1,5,221,低价值客户
C000928,111,2,6680.360000000001,2,1,2,5,212,低价值客户
C000929,88,2,820.8100000000001,2,1,1,4,211,低价值客户
C000930,31,5,5846.82,4,3,2,9,432,重要保持客户
C000931,17,7,16973.920000000002,4,5,5,14,455,重要价值客户
C000932,12,4,8394.029999999999,5,3,3,11,533,重要保持客户
C000933,109,6,11940.53,2,4,4,10,244,重要挽留客户
C000934,43,5,10361.36,3,3,4,10,334,潜力客户
C000935,26,6,10133.630000000001,4,4,4,12,444,重要价值客户
C000936,117,6,9075.85,1,4,3,8,143,一般保持客户
C000937,50,5,14675.9,3,3,5,11,335,潜力客户
C000938,135,2,1841.3,1,1,1,3,111,低价值客户
C000939,48,6,18603.510000000002,3,4,5,12,345,重要挽留客户
C000940,21,7,10682.18,4,5,4,13,454,重要价值客户
C000941,48,8,19467.05,3,5,5,13,355,重要挽留客户
C000942,24,3,953.6,4,2,1,7,421,新客户
C000943,64,5,4798.43,3,3,2,8,332,一般价值客户
C000944,23,6,12351.08,4,4,4,12,444,重要价值客户
C000945,40,8,17430.68,4,5,5,14,455,重要价值客户
C000946,11,4,8374.0,5,3,3,11,533,重要保持客户
C000947,69,6,12016.119999999999,2,4,4,10,244,重要挽留客户
C000948,23,5,14819.18,4,3,5,12,435,重要保持客户
C000949,15,10,15223.25,5,5,5,15,555,重要价值客户
C000950,14,4,10770.970000000001,5,3,4,12,534,重要保持客户
C000951,116,1,1332.81,1,1,1,3,111,低价值客户
C000952,49,5,7231.24,3,3,3,9,333,一般价值客户
C000953,13,5,4713.66,5,3,2,10,532,重要保持客户
C000954,158,4,5582.62,1,3,2,6,132,低价值客户
C000955,68,7,10647.95,2,5,4,11,254,重要挽留客户
C000956,55,5,10031.64,3,3,4,10,334,潜力客户
C000957,42,11,10744.43,3,5,4,12,354,重要挽留客户
C000958,1,8,19698.66,5,5,5,15,555,重要价值客户
C000959,317,2,1513.3100000000002,1,1,1,3,111,低价值客户
C000960,327,3,3431.13,1,2,1,4,121,低价值客户
C000961,70,9,9891.9,2,5,4,11,254,重要挽留客户
C000962,109,4,4903.679999999999,2,3,2,7,232,低价值客户
C000963,14,8,9022.55,5,5,3,13,553,重要保持客户
C000964,115,4,6545.04,1,3,2,6,132,低价值客户
C000965,33,5,13550.68,4,3,5,12,435,重要保持客户
C000966,72,5,6997.3,2,3,3,8,233,低价值客户
C000967,24,5,8894.880000000001,4,4,3,11,443,重要保持客户
C000968,160,6,17305.46,1,4,5,10,145,重要挽留客户
C000969,68,6,17333.68,2,4,5,11,245,重要挽留客户
C000970,39,5,4703.0,4,4,2,10,442,重要保持客户
C000971,49,5,9189.29,3,4,3,10,343,一般保持客户
C000972,18,5,7411.84,4,4,3,11,443,重要保持客户
C000973,22,7,12758.84,4,5,5,14,455,重要价值客户
C000974,105,3,1775.3400000000001,2,2,1,5,221,低价值客户
C000975,44,8,23537.07,3,5,5,13,355,重要挽留客户
C000976,7,6,9484.91,5,4,4,13,544,重要价值客户
C000977,40,7,15989.55,4,5,5,14,455,重要价值客户
C000978,24,7,10378.81,4,5,4,13,454,重要价值客户
C000979,50,9,16247.21,3,5,5,13,355,重要挽留客户
C000980,54,5,6840.45,3,4,3,10,343,一般保持客户
C000981,30,5,6846.68,4,4,3,11,443,重要保持客户
C000982,151,2,1036.49,1,1,1,3,111,低价值客户
C000983,51,5,7063.98,3,4,3,10,343,一般保持客户
C000984,90,4,3419.09,2,3,1,6,231,低价值客户
C000985,149,8,12988.86,1,5,5,11,155,重要挽留客户
C000986,170,4,8006.81,1,3,3,7,133,低价值客户
C000987,3,5,4835.75,5,4,2,11,542,重要保持客户
C000988,44,5,5292.27,3,4,2,9,342,一般保持客户
C000989,66,6,4967.71,3,4,2,9,342,一般保持客户
C000990,23,7,8974.48,4,5,3,12,453,重要保持客户
C000991,26,5,6123.37,4,4,2,10,442,重要保持客户
C000992,40,5,12505.49,4,4,4,12,444,重要价值客户
C000993,38,4,1939.43,4,3,1,8,431,重要保持客户
C000994,106,5,10923.28,2,4,4,10,244,重要挽留客户
C000995,39,6,9605.71,4,4,4,12,444,重要价值客户
C000996,48,6,11831.97,3,4,4,11,344,重要挽留客户
C000997,15,6,13667.53,5,4,5,14,545,重要价值客户
C000998,21,4,5224.0199999999995,4,3,2,9,432,重要保持客户
C000999,79,5,14147.54,2,4,5,11,245,重要挽留客户
C001000,116,9,15081.140000000001,1,5,5,11,155,重要挽留客户
