order_id,user_id,order_date,order_status,payment_method,total_amount
order_000001,user_0025,2025-07-05,已完成,货到付款,1268.0700000000002
order_000002,user_0194,2026-03-05,已完成,信用卡,9464.51
order_000003,user_0025,2026-02-10,已完成,货到付款,6518.46
order_000004,user_0054,2026-01-02,已取消,微信支付,9651.79
order_000005,user_0033,2025-06-02,已完成,支付宝,4165.08
order_000006,user_0164,2025-12-22,已完成,货到付款,8701.49
order_000007,user_0095,2025-09-22,已完成,信用卡,5751.23
order_000008,user_0014,2025-12-10,已完成,货到付款,3012.4700000000003
order_000009,user_0065,2025-12-27,退款中,支付宝,3684.57
order_000010,user_0110,2026-03-30,已完成,货到付款,6386.55
order_000011,user_0080,2026-04-27,已完成,货到付款,16099.089999999998
order_000012,user_0054,2025-11-14,已完成,支付宝,6132.9400000000005
order_000013,user_0125,2025-09-28,已完成,微信支付,4863.28
order_000014,user_0180,2025-07-09,已完成,微信支付,644.99
order_000015,user_0131,2025-11-14,已完成,支付宝,3352.08
order_000016,user_0169,2026-02-17,已完成,货到付款,7809.16
order_000017,user_0134,2025-05-14,已完成,支付宝,3202.2599999999998
order_000018,user_0025,2025-09-03,已完成,微信支付,3011.52
order_000019,user_0141,2025-11-30,已完成,信用卡,3424.5
order_000020,user_0117,2025-06-27,已完成,货到付款,3538.3199999999997
order_000021,user_0136,2025-08-09,已完成,微信支付,720.15
order_000022,user_0149,2025-06-08,已完成,货到付款,9556.81
order_000023,user_0196,2025-05-22,已完成,支付宝,6300.65
order_000024,user_0025,2025-06-05,已完成,信用卡,3133.85
order_000025,user_0079,2026-02-12,已完成,支付宝,21959.129999999997
order_000026,user_0068,2025-09-05,已完成,信用卡,6069.21
order_000027,user_0173,2025-12-12,已完成,货到付款,13750.26
order_000028,user_0188,2025-08-13,已取消,货到付款,2209.89
order_000029,user_0012,2025-10-16,已完成,支付宝,13203.11
order_000030,user_0032,2025-08-07,已完成,信用卡,1223.69
order_000031,user_0128,2026-04-16,已完成,信用卡,6109.43
order_000032,user_0096,2025-05-09,已完成,货到付款,949.35
order_000033,user_0092,2026-01-27,已完成,支付宝,5992.81
order_000034,user_0141,2025-08-06,已完成,信用卡,5144.22
order_000035,user_0031,2025-06-10,已取消,货到付款,6881.36
order_000036,user_0078,2026-02-26,已完成,微信支付,5068.66
order_000037,user_0020,2025-05-14,已取消,支付宝,1555.63
order_000038,user_0146,2026-03-23,已完成,微信支付,1066.37
order_000039,user_0060,2025-06-23,已完成,支付宝,4696.24
order_000040,user_0191,2026-03-04,已取消,货到付款,7088.049999999999
order_000041,user_0134,2026-02-24,已完成,信用卡,6653.59
order_000042,user_0160,2025-05-09,已完成,信用卡,3384.7200000000003
order_000043,user_0093,2026-03-11,已完成,信用卡,4177.27
order_000044,user_0043,2025-07-16,已完成,支付宝,466.16999999999996
order_000045,user_0130,2025-11-29,已完成,货到付款,6199.87
order_000046,user_0060,2026-04-01,已完成,微信支付,3800.36
order_000047,user_0151,2026-01-16,已完成,货到付款,8306.0
order_000048,user_0031,2025-09-23,已完成,微信支付,3654.92
order_000049,user_0005,2025-07-17,已完成,支付宝,7368.14
order_000050,user_0162,2025-11-28,已完成,支付宝,4685.780000000001
order_000051,user_0010,2025-11-11,已完成,微信支付,1697.42
order_000052,user_0089,2025-11-13,已完成,微信支付,6917.83
order_000053,user_0130,2025-05-22,已完成,微信支付,8173.21
order_000054,user_0126,2025-07-25,已完成,货到付款,4548.2
order_000055,user_0011,2026-01-20,已完成,微信支付,2597.95
order_000056,user_0178,2025-09-17,已完成,支付宝,701.85
order_000057,user_0159,2025-06-25,已完成,支付宝,25137.04
order_000058,user_0056,2026-04-27,已完成,信用卡,2334.03
order_000059,user_0083,2025-05-23,已完成,微信支付,9452.84
order_000060,user_0137,2025-06-13,已完成,货到付款,5344.01
order_000061,user_0099,2026-02-09,已完成,货到付款,1234.33
order_000062,user_0149,2026-01-18,已完成,货到付款,10824.59
order_000063,user_0073,2025-05-13,已完成,信用卡,2897.44
order_000064,user_0156,2025-11-12,已完成,支付宝,4324.23
order_000065,user_0190,2026-02-03,已取消,货到付款,10436.880000000001
order_000066,user_0115,2025-07-22,已取消,支付宝,9006.04
order_000067,user_0007,2026-01-02,已完成,信用卡,5970.01
order_000068,user_0080,2026-01-22,已完成,微信支付,7711.370000000001
order_000069,user_0144,2026-03-28,已完成,微信支付,5287.0599999999995
order_000070,user_0097,2025-08-22,已完成,微信支付,8915.24
order_000071,user_0004,2025-05-04,已完成,货到付款,3961.64
order_000072,user_0004,2025-09-11,已完成,微信支付,67.63
order_000073,user_0103,2025-10-20,已完成,货到付款,6045.65
order_000074,user_0040,2026-03-21,已完成,信用卡,2268.99
order_000075,user_0017,2026-03-08,已完成,信用卡,21679.52
order_000076,user_0101,2025-11-28,已完成,货到付款,9153.73
order_000077,user_0103,2025-07-18,已完成,支付宝,5788.23
order_000078,user_0124,2025-12-06,已取消,微信支付,2098.8
order_000079,user_0052,2025-08-08,已完成,微信支付,6829.46
order_000080,user_0052,2026-01-25,已完成,微信支付,3658.5299999999997
order_000081,user_0164,2025-05-11,已完成,货到付款,1732.14
order_000082,user_0124,2025-10-03,已完成,信用卡,5724.8
order_000083,user_0166,2025-09-26,已完成,微信支付,4463.31
order_000084,user_0178,2025-08-13,已完成,信用卡,3195.1
order_000085,user_0063,2025-11-01,已完成,微信支付,2326.67
order_000086,user_0116,2026-02-22,已完成,微信支付,901.55
order_000087,user_0191,2025-08-03,已完成,货到付款,5052.74
order_000088,user_0062,2025-09-05,已完成,支付宝,3374.84
order_000089,user_0007,2026-02-14,已完成,货到付款,7425.09
order_000090,user_0155,2025-10-15,已完成,微信支付,7872.91
order_000091,user_0092,2025-10-27,已完成,微信支付,10834.369999999999
order_000092,user_0014,2026-04-26,退款中,支付宝,9500.220000000001
order_000093,user_0199,2025-06-05,已完成,信用卡,6500.59
order_000094,user_0086,2025-05-12,已完成,信用卡,325.86
order_000095,user_0133,2025-05-01,已完成,微信支付,16944.92
order_000096,user_0183,2026-04-11,已完成,信用卡,7321.6
order_000097,user_0130,2025-11-23,已完成,微信支付,1320.03
order_000098,user_0062,2025-10-05,已完成,支付宝,1133.92
order_000099,user_0149,2025-05-13,退款中,支付宝,10681.890000000001
order_000100,user_0079,2025-08-13,已完成,微信支付,2707.44
order_000101,user_0149,2026-03-04,已完成,支付宝,2477.5099999999998
order_000102,user_0138,2025-12-10,已完成,货到付款,233.01
order_000103,user_0058,2025-10-14,已完成,货到付款,5379.57
order_000104,user_0120,2025-05-31,已完成,支付宝,5122.82
order_000105,user_0167,2026-01-03,已完成,微信支付,6196.1900000000005
order_000106,user_0133,2025-12-30,已完成,微信支付,63.29
order_000107,user_0065,2026-01-21,已完成,支付宝,1475.24
order_000108,user_0013,2025-09-15,已完成,信用卡,9670.33
order_000109,user_0181,2026-01-26,已取消,货到付款,10124.91
order_000110,user_0082,2025-08-01,已完成,信用卡,1866.8199999999997
order_000111,user_0173,2025-12-10,退款中,微信支付,1353.32
order_000112,user_0160,2025-06-05,已完成,微信支付,11953.54
order_000113,user_0164,2026-02-23,已取消,信用卡,3205.74
order_000114,user_0188,2025-05-26,已完成,支付宝,35.03
order_000115,user_0139,2026-03-11,已完成,信用卡,11209.550000000001
order_000116,user_0191,2025-12-28,退款中,信用卡,2443.2599999999998
order_000117,user_0149,2025-12-19,已完成,货到付款,1445.88
order_000118,user_0052,2025-10-29,退款中,货到付款,824.92
order_000119,user_0183,2026-01-24,已完成,信用卡,2945.59
order_000120,user_0117,2025-12-19,已完成,信用卡,4398.23
order_000121,user_0026,2025-12-22,已完成,微信支付,247.84
order_000122,user_0196,2026-01-18,已完成,货到付款,4035.75
order_000123,user_0034,2026-04-21,已完成,货到付款,2473.42
order_000124,user_0052,2026-04-02,已完成,微信支付,751.01
order_000125,user_0112,2025-07-01,已完成,支付宝,1848.67
order_000126,user_0082,2025-10-21,已完成,货到付款,627.78
order_000127,user_0180,2025-04-30,已完成,货到付款,16756.12
order_000128,user_0157,2025-09-16,已完成,支付宝,3988.0
order_000129,user_0166,2025-10-02,已完成,货到付款,12011.85
order_000130,user_0042,2026-03-17,已完成,货到付款,6270.36
order_000131,user_0021,2025-09-20,已完成,支付宝,3569.7
order_000132,user_0042,2026-02-14,已完成,支付宝,4757.24
order_000133,user_0141,2025-09-27,已完成,信用卡,3203.0299999999997
order_000134,user_0113,2025-11-06,已完成,微信支付,9389.439999999999
order_000135,user_0105,2025-07-09,退款中,微信支付,781.12
order_000136,user_0192,2026-02-26,已完成,支付宝,4654.58
order_000137,user_0017,2026-04-06,已完成,支付宝,2433.42
order_000138,user_0120,2025-09-14,已完成,货到付款,942.21
order_000139,user_0137,2025-10-31,已完成,信用卡,2602.53
order_000140,user_0169,2026-02-14,已完成,信用卡,6048.48
order_000141,user_0129,2025-06-27,已完成,支付宝,680.82
order_000142,user_0130,2025-11-11,已完成,货到付款,2747.51
order_000143,user_0060,2026-02-16,已完成,货到付款,28.2
order_000144,user_0048,2026-03-12,退款中,微信支付,1737.13
order_000145,user_0029,2026-02-23,已取消,微信支付,8274.42
order_000146,user_0097,2026-04-06,已完成,货到付款,12505.509999999998
order_000147,user_0010,2025-05-08,已完成,微信支付,6877.33
order_000148,user_0058,2025-06-28,已完成,支付宝,3000.1000000000004
order_000149,user_0188,2026-03-26,已完成,货到付款,1358.27
order_000150,user_0021,2025-12-09,已完成,微信支付,11554.439999999999
order_000151,user_0028,2025-09-27,已完成,信用卡,3497.8199999999997
order_000152,user_0034,2025-11-12,已完成,货到付款,6424.16
order_000153,user_0008,2025-06-18,已完成,货到付款,2856.51
order_000154,user_0187,2026-01-12,已完成,信用卡,2333.19
order_000155,user_0200,2025-06-25,退款中,支付宝,2964.6800000000003
order_000156,user_0177,2025-07-08,已取消,信用卡,5425.77
order_000157,user_0079,2025-09-22,已完成,货到付款,2365.19
order_000158,user_0145,2026-04-11,已完成,支付宝,2947.06
order_000159,user_0188,2025-06-29,已取消,微信支付,9132.75
order_000160,user_0087,2026-03-03,已完成,微信支付,858.37
order_000161,user_0088,2025-12-26,已完成,微信支付,8060.6
order_000162,user_0173,2026-03-23,已完成,货到付款,10806.09
order_000163,user_0069,2025-08-12,已完成,信用卡,9780.44
order_000164,user_0160,2025-12-09,已完成,支付宝,1817.8600000000001
order_000165,user_0172,2026-03-06,已取消,微信支付,2590.15
order_000166,user_0193,2025-12-01,已取消,支付宝,5850.33
order_000167,user_0087,2025-12-24,已完成,货到付款,3464.13
order_000168,user_0101,2026-01-11,已完成,微信支付,6038.95
order_000169,user_0008,2026-01-14,退款中,货到付款,5460.9
order_000170,user_0077,2025-05-02,已完成,信用卡,3177.39
order_000171,user_0200,2026-01-13,已取消,货到付款,726.41
order_000172,user_0087,2025-06-20,已完成,货到付款,2481.34
order_000173,user_0043,2025-06-13,已完成,信用卡,10076.82
order_000174,user_0129,2025-11-28,已完成,支付宝,3005.45
order_000175,user_0109,2025-10-21,已完成,信用卡,3510.44
order_000176,user_0179,2025-05-06,已完成,信用卡,9146.16
order_000177,user_0152,2025-08-04,已完成,货到付款,14499.82
order_000178,user_0152,2025-05-17,已完成,支付宝,4025.37
order_000179,user_0017,2025-12-24,已完成,微信支付,1008.51
order_000180,user_0133,2025-06-27,已完成,信用卡,4355.04
order_000181,user_0148,2025-10-22,已取消,支付宝,16878.77
order_000182,user_0021,2026-03-31,退款中,信用卡,2951.81
order_000183,user_0058,2025-06-28,已完成,信用卡,2176.25
order_000184,user_0159,2025-09-19,已完成,信用卡,7366.32
order_000185,user_0110,2025-11-29,已完成,信用卡,4051.18
order_000186,user_0139,2025-04-30,已完成,货到付款,1796.53
order_000187,user_0180,2025-10-04,退款中,支付宝,12038.49
order_000188,user_0143,2025-12-10,已完成,支付宝,297.29
order_000189,user_0135,2026-01-21,已完成,支付宝,10153.590000000002
order_000190,user_0028,2025-08-25,已取消,信用卡,3028.62
order_000191,user_0051,2025-07-25,已完成,货到付款,9265.599999999999
order_000192,user_0186,2026-03-22,已完成,信用卡,5278.46
order_000193,user_0005,2025-07-04,已取消,信用卡,90.1
order_000194,user_0005,2026-04-19,已完成,支付宝,5578.69
order_000195,user_0094,2025-08-03,已取消,信用卡,32.94
order_000196,user_0096,2026-01-19,已完成,微信支付,7565.88
order_000197,user_0008,2025-08-10,已完成,信用卡,2434.67
order_000198,user_0064,2026-03-16,已完成,微信支付,3330.39
order_000199,user_0138,2025-08-28,已取消,信用卡,2579.96
order_000200,user_0038,2025-05-26,已完成,货到付款,3603.98
order_000201,user_0111,2025-09-11,已完成,货到付款,5748.58
order_000202,user_0112,2025-11-08,已完成,支付宝,427.38
order_000203,user_0081,2025-12-09,已完成,信用卡,13194.58
order_000204,user_0136,2026-03-25,已完成,微信支付,5534.54
order_000205,user_0104,2025-10-14,已完成,微信支付,17395.26
order_000206,user_0153,2025-05-06,已完成,信用卡,6628.0
order_000207,user_0073,2025-06-06,已完成,微信支付,1126.6
order_000208,user_0194,2025-05-22,已完成,货到付款,2282.13
order_000209,user_0178,2026-01-13,已完成,微信支付,5430.0599999999995
order_000210,user_0195,2025-12-09,已完成,支付宝,1212.03
order_000211,user_0049,2025-08-29,退款中,货到付款,1225.21
order_000212,user_0036,2025-06-04,已完成,货到付款,13601.33
order_000213,user_0126,2026-03-21,退款中,货到付款,9326.31
order_000214,user_0068,2026-01-03,已完成,信用卡,16371.859999999999
order_000215,user_0078,2025-10-20,已完成,信用卡,1614.26
order_000216,user_0105,2025-07-26,已完成,货到付款,1488.77
order_000217,user_0169,2025-06-03,已完成,信用卡,4650.599999999999
order_000218,user_0122,2026-03-09,已完成,微信支付,5078.62
order_000219,user_0119,2025-10-20,已完成,信用卡,1457.13
order_000220,user_0190,2026-02-05,已完成,信用卡,9751.14
order_000221,user_0114,2025-07-17,已完成,货到付款,772.8199999999999
order_000222,user_0010,2025-08-19,已完成,支付宝,818.86
order_000223,user_0149,2025-06-06,已完成,支付宝,4561.39
order_000224,user_0164,2026-02-22,已完成,支付宝,682.9399999999999
order_000225,user_0140,2025-12-07,已完成,微信支付,8532.93
order_000226,user_0091,2026-03-11,已完成,信用卡,5748.11
order_000227,user_0002,2026-04-11,已完成,支付宝,4955.889999999999
order_000228,user_0118,2025-08-20,已完成,货到付款,8658.95
order_000229,user_0013,2025-10-30,已完成,支付宝,929.31
order_000230,user_0181,2026-03-16,已完成,支付宝,1788.83
order_000231,user_0160,2025-06-22,已完成,信用卡,10907.98
order_000232,user_0095,2025-06-06,已完成,信用卡,2134.57
order_000233,user_0144,2026-04-16,已完成,信用卡,2229.54
order_000234,user_0032,2025-06-06,已完成,微信支付,11554.66
order_000235,user_0032,2026-04-09,已完成,微信支付,1208.17
order_000236,user_0124,2025-12-20,已完成,支付宝,6177.67
order_000237,user_0011,2026-02-10,已取消,信用卡,155.46
order_000238,user_0010,2026-01-14,已完成,支付宝,1926.53
order_000239,user_0015,2025-11-29,退款中,货到付款,2649.02
order_000240,user_0017,2025-09-21,已完成,货到付款,3798.09
order_000241,user_0168,2026-03-29,已完成,信用卡,1511.77
order_000242,user_0146,2025-10-12,已完成,信用卡,2905.48
order_000243,user_0183,2025-07-28,已完成,货到付款,5412.85
order_000244,user_0153,2026-04-15,已完成,信用卡,3668.75
order_000245,user_0059,2025-06-25,已完成,微信支付,1689.19
order_000246,user_0078,2025-06-25,已完成,微信支付,7919.74
order_000247,user_0124,2026-02-25,已完成,信用卡,2203.6499999999996
order_000248,user_0114,2025-10-13,已完成,货到付款,8194.69
order_000249,user_0022,2026-01-21,已完成,支付宝,3684.2799999999997
order_000250,user_0158,2026-04-25,已完成,信用卡,7129.76
order_000251,user_0172,2025-06-11,已完成,信用卡,1785.44
order_000252,user_0032,2026-04-07,已完成,支付宝,740.6
order_000253,user_0179,2025-10-25,已取消,信用卡,3250.54
order_000254,user_0174,2025-10-14,已完成,支付宝,9339.49
order_000255,user_0113,2026-04-18,已取消,货到付款,1597.29
order_000256,user_0120,2025-11-04,已完成,微信支付,9741.94
order_000257,user_0149,2025-09-29,已完成,货到付款,12063.869999999999
order_000258,user_0122,2025-11-01,已完成,微信支付,369.21
order_000259,user_0032,2025-05-04,已完成,支付宝,6086.93
order_000260,user_0119,2025-09-07,退款中,微信支付,1801.98
order_000261,user_0039,2025-12-18,已完成,货到付款,2127.57
order_000262,user_0012,2025-06-11,已完成,微信支付,4486.7
order_000263,user_0175,2026-03-07,已完成,支付宝,7900.74
order_000264,user_0018,2026-01-01,已完成,微信支付,20113.96
order_000265,user_0149,2025-05-28,已取消,信用卡,8890.06
order_000266,user_0141,2025-05-20,已完成,货到付款,2290.23
order_000267,user_0149,2025-10-04,已完成,信用卡,6479.78
order_000268,user_0126,2026-04-25,已完成,支付宝,11961.5
order_000269,user_0136,2025-10-02,已完成,微信支付,2176.91
order_000270,user_0046,2025-06-05,已完成,信用卡,1616.13
order_000271,user_0104,2025-07-18,已完成,信用卡,1617.83
order_000272,user_0135,2026-04-18,已完成,微信支付,7499.21
order_000273,user_0151,2026-01-10,已完成,微信支付,360.57000000000005
order_000274,user_0086,2025-11-19,已完成,货到付款,246.84
order_000275,user_0150,2025-07-13,已完成,信用卡,3351.49
order_000276,user_0089,2025-05-09,已完成,信用卡,10540.79
order_000277,user_0022,2026-02-16,已完成,支付宝,461.54
order_000278,user_0092,2025-12-07,已完成,货到付款,9366.689999999999
order_000279,user_0029,2025-05-10,已完成,支付宝,19670.18
order_000280,user_0013,2025-06-12,已完成,信用卡,1668.68
order_000281,user_0002,2025-09-29,已完成,支付宝,1300.32
order_000282,user_0029,2025-08-18,已完成,信用卡,6030.26
order_000283,user_0180,2025-12-16,已完成,信用卡,3979.46
order_000284,user_0027,2025-05-14,已完成,支付宝,3081.16
order_000285,user_0050,2026-04-22,已完成,支付宝,3846.26
order_000286,user_0095,2025-12-06,已完成,微信支付,5353.51
order_000287,user_0151,2026-04-16,已完成,微信支付,2090.97
order_000288,user_0088,2025-11-01,已完成,微信支付,3760.2
order_000289,user_0044,2026-04-06,已完成,信用卡,11339.529999999999
order_000290,user_0022,2026-04-27,已完成,支付宝,4164.33
order_000291,user_0171,2025-10-07,已完成,货到付款,697.9
order_000292,user_0165,2026-03-19,已完成,信用卡,918.48
order_000293,user_0189,2025-07-10,已完成,货到付款,11617.94
order_000294,user_0097,2025-12-16,已完成,支付宝,137.56
order_000295,user_0184,2025-12-07,已完成,信用卡,4632.59
order_000296,user_0003,2026-03-12,已完成,货到付款,652.03
order_000297,user_0191,2025-06-26,已完成,货到付款,3063.01
order_000298,user_0118,2026-03-28,已完成,微信支付,7655.87
order_000299,user_0019,2025-12-05,已完成,微信支付,1195.12
order_000300,user_0023,2025-06-03,已完成,微信支付,3732.12
order_000301,user_0157,2026-01-30,已完成,信用卡,2748.9300000000003
order_000302,user_0030,2025-11-09,已完成,支付宝,395.94
order_000303,user_0039,2026-04-14,已完成,支付宝,6769.0
order_000304,user_0108,2025-12-25,已完成,微信支付,4012.7400000000002
order_000305,user_0111,2026-03-17,已取消,微信支付,11549.99
order_000306,user_0025,2025-12-02,已完成,微信支付,15771.96
order_000307,user_0128,2025-11-05,已取消,货到付款,8250.82
order_000308,user_0111,2025-05-14,已完成,微信支付,4974.12
order_000309,user_0136,2025-05-09,退款中,货到付款,3449.1
order_000310,user_0106,2025-11-06,已完成,支付宝,3090.37
order_000311,user_0186,2025-05-19,已完成,信用卡,2032.94
order_000312,user_0144,2025-08-25,已完成,信用卡,2737.05
order_000313,user_0072,2025-11-23,已完成,信用卡,6745.16
order_000314,user_0129,2026-02-27,已完成,信用卡,2077.08
order_000315,user_0108,2026-01-22,已完成,货到付款,1969.4099999999999
order_000316,user_0005,2025-11-05,已完成,货到付款,11403.949999999999
order_000317,user_0003,2025-10-19,已完成,微信支付,11220.3
order_000318,user_0193,2026-02-06,已完成,货到付款,15194.52
order_000319,user_0132,2025-11-17,已完成,微信支付,10923.95
order_000320,user_0104,2025-10-08,退款中,微信支付,11333.119999999999
order_000321,user_0064,2026-01-03,已完成,信用卡,2022.15
order_000322,user_0106,2025-12-10,退款中,货到付款,13535.23
order_000323,user_0098,2025-05-04,已完成,货到付款,6698.32
order_000324,user_0010,2025-05-26,已完成,微信支付,7594.990000000001
order_000325,user_0149,2025-05-30,已完成,微信支付,449.68
order_000326,user_0128,2025-09-08,已完成,支付宝,6461.88
order_000327,user_0046,2025-07-15,已完成,支付宝,5186.209999999999
order_000328,user_0155,2025-06-24,已完成,微信支付,1180.39
order_000329,user_0066,2025-05-23,已完成,支付宝,3584.39
order_000330,user_0169,2025-12-09,退款中,支付宝,2335.53
order_000331,user_0112,2026-02-06,已完成,微信支付,9306.850000000002
order_000332,user_0013,2025-05-01,已完成,微信支付,17895.75
order_000333,user_0137,2025-08-04,已完成,货到付款,873.6199999999999
order_000334,user_0164,2025-06-05,已完成,微信支付,4651.2
order_000335,user_0086,2026-01-23,已完成,微信支付,1814.98
order_000336,user_0090,2026-02-06,已完成,信用卡,16866.77
order_000337,user_0058,2025-10-01,已完成,货到付款,14231.71
order_000338,user_0054,2025-07-11,已完成,货到付款,3361.73
order_000339,user_0012,2026-02-09,已完成,货到付款,1973.81
order_000340,user_0014,2025-09-04,已完成,信用卡,13726.14
order_000341,user_0121,2025-10-19,已取消,微信支付,7673.419999999999
order_000342,user_0162,2025-07-20,已完成,货到付款,3277.7200000000003
order_000343,user_0181,2025-05-19,已完成,货到付款,14051.29
order_000344,user_0121,2025-05-24,已完成,支付宝,1486.24
order_000345,user_0020,2025-11-08,已取消,货到付款,15535.04
order_000346,user_0075,2026-03-30,已完成,微信支付,6237.33
order_000347,user_0144,2025-12-19,已完成,微信支付,2936.91
order_000348,user_0070,2025-07-28,已完成,支付宝,56.2
order_000349,user_0056,2025-05-18,已完成,货到付款,6569.93
order_000350,user_0101,2026-02-24,已完成,货到付款,6230.22
order_000351,user_0186,2026-04-19,已完成,货到付款,1124.26
order_000352,user_0132,2025-07-20,已完成,信用卡,362.94
order_000353,user_0111,2026-01-14,已完成,货到付款,3806.21
order_000354,user_0125,2025-09-21,已完成,微信支付,2290.81
order_000355,user_0132,2026-01-09,已完成,微信支付,1485.54
order_000356,user_0020,2025-06-24,已完成,信用卡,11967.97
order_000357,user_0138,2025-05-12,已完成,信用卡,479.98
order_000358,user_0024,2025-10-06,已取消,货到付款,5894.360000000001
order_000359,user_0154,2025-10-07,已完成,支付宝,2154.83
order_000360,user_0037,2026-03-13,已完成,信用卡,1091.24
order_000361,user_0054,2026-02-02,已完成,信用卡,9103.57
order_000362,user_0103,2026-02-01,已完成,货到付款,3520.8300000000004
order_000363,user_0149,2025-05-09,已完成,货到付款,196.32
order_000364,user_0038,2026-01-26,已完成,信用卡,11720.349999999999
order_000365,user_0174,2026-01-23,已完成,支付宝,6316.17
order_000366,user_0004,2025-11-21,已完成,信用卡,756.91
order_000367,user_0188,2025-05-24,已完成,货到付款,6330.3
order_000368,user_0057,2025-07-08,已完成,货到付款,1657.07
order_000369,user_0173,2025-06-26,已完成,信用卡,2543.44
order_000370,user_0020,2025-09-19,已完成,支付宝,4775.719999999999
order_000371,user_0017,2025-07-29,已完成,信用卡,8024.799999999999
order_000372,user_0119,2026-03-02,已完成,信用卡,3249.7300000000005
order_000373,user_0071,2025-05-05,已完成,货到付款,77.44
order_000374,user_0004,2025-07-15,已完成,支付宝,7504.969999999999
order_000375,user_0014,2025-05-24,已完成,微信支付,8608.9
order_000376,user_0003,2025-10-18,已完成,支付宝,1385.27
order_000377,user_0080,2025-06-16,已完成,信用卡,1180.96
order_000378,user_0186,2025-11-12,退款中,信用卡,11920.189999999999
order_000379,user_0055,2026-04-11,已完成,信用卡,1144.83
order_000380,user_0132,2025-10-25,已完成,支付宝,11089.5
order_000381,user_0120,2025-05-21,已完成,货到付款,1130.96
order_000382,user_0024,2026-03-09,已完成,信用卡,9761.27
order_000383,user_0162,2025-06-12,已完成,信用卡,184.7
order_000384,user_0158,2025-05-12,已完成,支付宝,2468.75
order_000385,user_0082,2025-09-27,退款中,微信支付,2011.1299999999999
order_000386,user_0147,2025-12-05,已完成,微信支付,30.49
order_000387,user_0159,2025-11-19,已完成,货到付款,5086.05
order_000388,user_0188,2026-01-25,已完成,货到付款,8527.11
order_000389,user_0060,2025-12-19,已完成,信用卡,958.33
order_000390,user_0147,2026-04-02,已完成,支付宝,9603.44
order_000391,user_0049,2025-12-11,已完成,信用卡,22356.57
order_000392,user_0063,2025-05-06,已完成,货到付款,7741.84
order_000393,user_0110,2025-10-10,已完成,支付宝,4035.8
order_000394,user_0150,2026-03-12,已完成,支付宝,9958.07
order_000395,user_0152,2025-11-27,已完成,货到付款,8540.64
order_000396,user_0109,2025-08-22,已完成,微信支付,7120.110000000001
order_000397,user_0076,2026-04-06,已完成,微信支付,9401.050000000001
order_000398,user_0030,2025-07-08,已完成,支付宝,6437.67
order_000399,user_0058,2025-06-30,已完成,信用卡,13100.88
order_000400,user_0117,2025-11-18,已完成,微信支付,290.48
order_000401,user_0159,2025-11-22,退款中,信用卡,5457.92
order_000402,user_0100,2025-07-08,已完成,微信支付,4585.9
order_000403,user_0192,2026-01-29,已完成,微信支付,2020.5500000000002
order_000404,user_0019,2026-01-26,已取消,信用卡,6349.110000000001
order_000405,user_0176,2026-03-13,已完成,货到付款,2355.2799999999997
order_000406,user_0173,2026-03-31,已完成,微信支付,8859.66
order_000407,user_0094,2025-07-31,已完成,微信支付,8030.62
order_000408,user_0183,2025-10-10,已完成,信用卡,5922.09
order_000409,user_0113,2025-05-29,已完成,货到付款,657.63
order_000410,user_0183,2025-05-08,已完成,微信支付,5986.82
order_000411,user_0146,2026-02-22,已完成,微信支付,4265.37
order_000412,user_0063,2025-11-30,已完成,货到付款,652.86
order_000413,user_0116,2026-02-10,已完成,微信支付,3973.13
order_000414,user_0113,2025-08-07,已完成,货到付款,4391.63
order_000415,user_0047,2026-01-19,已完成,货到付款,15408.630000000001
order_000416,user_0057,2025-11-27,已完成,信用卡,1169.24
order_000417,user_0118,2025-10-23,退款中,支付宝,461.38
order_000418,user_0045,2025-07-24,已取消,货到付款,12851.44
order_000419,user_0161,2025-06-07,已完成,信用卡,4266.43
order_000420,user_0145,2025-07-12,退款中,支付宝,10033.150000000001
order_000421,user_0198,2025-06-12,已完成,微信支付,2740.8199999999997
order_000422,user_0004,2025-10-04,退款中,支付宝,223.94
order_000423,user_0148,2025-07-16,已完成,货到付款,1208.95
order_000424,user_0047,2026-03-03,已完成,货到付款,4510.929999999999
order_000425,user_0143,2025-07-22,已完成,货到付款,5553.84
order_000426,user_0198,2025-07-28,已完成,货到付款,1092.06
order_000427,user_0047,2025-09-22,已完成,货到付款,222.4
order_000428,user_0078,2025-10-05,已完成,信用卡,3757.5
order_000429,user_0124,2025-11-15,已完成,货到付款,5000.929999999999
order_000430,user_0075,2025-12-25,已完成,信用卡,1423.5
order_000431,user_0103,2026-04-15,已完成,微信支付,9794.74
order_000432,user_0137,2025-04-29,已完成,货到付款,2921.67
order_000433,user_0090,2025-12-08,已完成,货到付款,1567.29
order_000434,user_0144,2026-02-10,已完成,支付宝,3447.67
order_000435,user_0069,2025-12-16,已完成,微信支付,12694.35
order_000436,user_0061,2025-07-13,已完成,货到付款,9176.41
order_000437,user_0138,2025-08-21,已完成,货到付款,9481.78
order_000438,user_0050,2025-09-28,已取消,微信支付,5799.48
order_000439,user_0003,2025-08-08,已完成,信用卡,3741.41
order_000440,user_0107,2025-11-07,已完成,货到付款,1391.17
order_000441,user_0113,2025-10-10,已取消,支付宝,2552.91
order_000442,user_0094,2026-04-21,已完成,货到付款,1994.1799999999998
order_000443,user_0118,2025-07-26,已完成,支付宝,8671.939999999999
order_000444,user_0198,2025-10-18,已完成,支付宝,2102.05
order_000445,user_0081,2025-08-27,已完成,货到付款,5382.29
order_000446,user_0109,2025-09-17,已完成,货到付款,13266.470000000001
order_000447,user_0051,2025-08-11,已完成,支付宝,4522.04
order_000448,user_0147,2026-02-26,已完成,微信支付,6762.07
order_000449,user_0170,2026-04-22,退款中,微信支付,8540.98
order_000450,user_0035,2026-03-10,已完成,货到付款,608.26
order_000451,user_0046,2025-08-28,已完成,信用卡,306.4
order_000452,user_0154,2025-05-06,已完成,微信支付,4687.66
order_000453,user_0069,2026-01-14,已完成,货到付款,5102.53
order_000454,user_0093,2025-07-09,已完成,微信支付,301.17
order_000455,user_0064,2026-04-21,已完成,信用卡,808.85
order_000456,user_0165,2025-12-06,已完成,货到付款,3998.74
order_000457,user_0049,2025-06-07,已完成,信用卡,876.78
order_000458,user_0149,2025-11-17,已完成,货到付款,3276.7999999999997
order_000459,user_0074,2026-01-16,已完成,信用卡,6786.58
order_000460,user_0192,2026-03-21,已完成,微信支付,21537.670000000002
order_000461,user_0005,2025-10-22,已完成,微信支付,1988.88
order_000462,user_0100,2026-04-10,已完成,信用卡,9937.46
order_000463,user_0070,2026-03-11,已完成,信用卡,17097.77
order_000464,user_0090,2025-07-20,已完成,信用卡,9217.02
order_000465,user_0004,2026-03-11,已完成,货到付款,17643.75
order_000466,user_0126,2025-08-16,退款中,微信支付,3180.73
order_000467,user_0039,2026-01-03,已完成,货到付款,14855.4
order_000468,user_0163,2025-05-04,已取消,微信支付,8826.11
order_000469,user_0129,2025-07-20,已完成,支付宝,12530.86
order_000470,user_0024,2025-11-21,退款中,货到付款,3932.84
order_000471,user_0057,2026-03-07,已完成,微信支付,260.42
order_000472,user_0100,2025-05-19,退款中,微信支付,2024.06
order_000473,user_0070,2025-04-30,退款中,货到付款,203.2
order_000474,user_0041,2025-09-01,已完成,货到付款,764.96
order_000475,user_0182,2026-02-18,退款中,微信支付,4964.8099999999995
order_000476,user_0174,2025-11-01,已完成,货到付款,5547.860000000001
order_000477,user_0060,2026-04-24,已完成,信用卡,4417.429999999999
order_000478,user_0108,2025-05-11,已完成,货到付款,6753.88
order_000479,user_0188,2025-05-09,已完成,货到付款,5549.389999999999
order_000480,user_0057,2025-07-23,已完成,货到付款,3752.82
order_000481,user_0031,2025-05-09,已完成,微信支付,2615.5
order_000482,user_0084,2025-05-22,退款中,信用卡,4887.2699999999995
order_000483,user_0152,2026-02-22,已完成,支付宝,6534.78
order_000484,user_0036,2025-12-26,已完成,支付宝,3444.23
order_000485,user_0158,2025-08-27,已取消,信用卡,10324.439999999999
order_000486,user_0152,2025-09-21,已取消,信用卡,7760.9
order_000487,user_0108,2025-06-21,退款中,信用卡,2514.02
order_000488,user_0106,2025-12-21,已完成,微信支付,721.02
order_000489,user_0158,2026-04-18,退款中,支付宝,1260.88
order_000490,user_0086,2025-10-17,已完成,信用卡,12774.27
order_000491,user_0135,2025-12-04,已完成,微信支付,862.72
order_000492,user_0163,2025-08-24,已完成,支付宝,8215.26
order_000493,user_0183,2026-03-02,已完成,货到付款,3869.08
order_000494,user_0014,2025-10-27,已完成,微信支付,1532.23
order_000495,user_0120,2026-02-09,已完成,支付宝,4438.34
order_000496,user_0138,2026-02-28,已完成,微信支付,7091.52
order_000497,user_0080,2026-02-21,已完成,支付宝,4199.31
order_000498,user_0144,2025-07-18,已完成,支付宝,8078.2300000000005
order_000499,user_0182,2025-11-24,已完成,货到付款,2467.01
order_000500,user_0106,2025-09-24,已完成,微信支付,3048.11
order_000501,user_0070,2025-06-03,已完成,信用卡,8140.34
order_000502,user_0044,2026-04-14,已完成,货到付款,4753.36
order_000503,user_0073,2026-03-05,已完成,货到付款,308.27
order_000504,user_0045,2026-04-23,已取消,支付宝,2081.84
order_000505,user_0184,2025-06-25,已完成,信用卡,6705.32
order_000506,user_0107,2025-09-05,已完成,微信支付,19296.05
order_000507,user_0084,2025-11-15,已完成,信用卡,3773.38
order_000508,user_0082,2025-12-26,已完成,信用卡,8648.8
order_000509,user_0107,2025-06-01,已完成,信用卡,7214.219999999999
order_000510,user_0185,2025-07-29,已完成,信用卡,6760.85
order_000511,user_0021,2025-11-20,已完成,信用卡,3275.15
order_000512,user_0196,2026-04-15,已完成,支付宝,3434.3900000000003
order_000513,user_0178,2026-03-25,已完成,支付宝,7115.960000000001
order_000514,user_0161,2026-02-26,已完成,货到付款,7447.91
order_000515,user_0007,2026-04-12,已完成,支付宝,3930.5299999999997
order_000516,user_0070,2025-11-26,已完成,货到付款,787.81
order_000517,user_0127,2025-10-03,已完成,货到付款,649.02
order_000518,user_0143,2025-05-21,已完成,微信支付,6066.88
order_000519,user_0160,2026-02-14,已取消,信用卡,3501.23
order_000520,user_0148,2025-05-01,退款中,支付宝,1819.96
order_000521,user_0143,2025-12-03,已完成,微信支付,18695.1
order_000522,user_0176,2026-04-26,已完成,支付宝,3474.05
order_000523,user_0199,2025-05-17,已完成,货到付款,4709.589999999999
order_000524,user_0149,2025-09-26,已完成,支付宝,1837.0
order_000525,user_0170,2025-06-16,已完成,信用卡,4768.66
order_000526,user_0154,2025-10-21,已取消,货到付款,3090.44
order_000527,user_0120,2025-08-01,退款中,货到付款,6952.43
order_000528,user_0128,2025-08-10,已完成,微信支付,8292.96
order_000529,user_0142,2026-01-02,已完成,信用卡,4999.139999999999
order_000530,user_0057,2025-08-22,已完成,货到付款,862.9000000000001
order_000531,user_0165,2026-04-16,已完成,信用卡,669.69
order_000532,user_0058,2025-12-11,已完成,支付宝,7426.92
order_000533,user_0021,2025-07-02,已完成,信用卡,6938.68
order_000534,user_0082,2026-03-28,已完成,货到付款,6351.160000000001
order_000535,user_0069,2026-01-14,已完成,微信支付,8109.65
order_000536,user_0131,2026-02-16,已完成,货到付款,8547.279999999999
order_000537,user_0087,2025-12-26,已取消,信用卡,13418.81
order_000538,user_0165,2025-10-30,已完成,信用卡,1375.31
order_000539,user_0049,2025-12-29,已完成,货到付款,6471.12
order_000540,user_0147,2025-08-30,已完成,信用卡,1612.0700000000002
order_000541,user_0115,2026-01-20,已完成,支付宝,8651.630000000001
order_000542,user_0089,2025-09-05,已完成,货到付款,3254.81
order_000543,user_0085,2025-12-20,已完成,微信支付,32.05
order_000544,user_0128,2025-05-15,已取消,货到付款,4182.5599999999995
order_000545,user_0140,2025-06-06,已完成,支付宝,1488.93
order_000546,user_0189,2025-05-18,退款中,支付宝,4121.95
order_000547,user_0169,2025-12-08,已完成,支付宝,199.88
order_000548,user_0161,2026-04-17,已完成,支付宝,796.21
order_000549,user_0178,2026-02-03,已完成,支付宝,3941.94
order_000550,user_0117,2025-05-05,已完成,微信支付,2860.75
order_000551,user_0196,2025-08-05,已完成,信用卡,10141.02
order_000552,user_0127,2025-12-23,已完成,支付宝,610.89
order_000553,user_0071,2025-07-23,已完成,支付宝,4069.3
order_000554,user_0086,2026-02-19,已取消,货到付款,5693.860000000001
order_000555,user_0033,2025-05-11,已取消,微信支付,1559.3500000000001
order_000556,user_0081,2026-03-27,已取消,微信支付,7665.540000000001
order_000557,user_0152,2025-04-29,已完成,信用卡,2972.17
order_000558,user_0061,2026-02-14,已完成,微信支付,2286.0
order_000559,user_0061,2026-03-18,已完成,货到付款,3099.08
order_000560,user_0098,2025-06-07,已完成,货到付款,7514.5199999999995
order_000561,user_0028,2026-03-11,已完成,信用卡,1953.23
order_000562,user_0186,2026-03-09,已完成,货到付款,668.6299999999999
order_000563,user_0043,2025-08-16,已完成,支付宝,8617.07
order_000564,user_0169,2025-05-11,已完成,支付宝,673.4
order_000565,user_0167,2025-12-14,已取消,货到付款,6845.05
order_000566,user_0086,2025-07-20,已完成,信用卡,5672.87
order_000567,user_0177,2025-09-04,已完成,微信支付,2519.71
order_000568,user_0017,2025-12-14,已完成,信用卡,3640.5099999999998
order_000569,user_0098,2026-03-19,已取消,微信支付,2502.13
order_000570,user_0198,2025-09-19,已完成,货到付款,1285.52
order_000571,user_0198,2026-04-07,已完成,货到付款,2717.62
order_000572,user_0098,2025-05-25,已完成,支付宝,880.19
order_000573,user_0065,2025-07-02,已完成,微信支付,5420.32
order_000574,user_0074,2025-10-07,已完成,信用卡,9534.259999999998
order_000575,user_0085,2025-12-12,已完成,货到付款,6878.15
order_000576,user_0005,2026-01-13,已完成,信用卡,2034.4
order_000577,user_0002,2025-10-08,已完成,支付宝,4416.18
order_000578,user_0022,2026-02-22,已完成,微信支付,5590.280000000001
order_000579,user_0112,2026-02-24,已取消,微信支付,110.36
order_000580,user_0057,2026-02-08,已完成,货到付款,6635.14
order_000581,user_0066,2025-05-07,已完成,微信支付,2834.9
order_000582,user_0074,2025-11-08,已完成,货到付款,53.71
order_000583,user_0098,2025-08-23,已完成,支付宝,13394.539999999999
order_000584,user_0144,2026-01-22,已完成,微信支付,9616.65
order_000585,user_0112,2025-07-16,已完成,货到付款,261.42
order_000586,user_0179,2025-07-29,已完成,信用卡,7743.11
order_000587,user_0125,2026-01-18,已完成,货到付款,4729.46
order_000588,user_0167,2026-03-25,已完成,微信支付,5099.929999999999
order_000589,user_0086,2026-04-12,已完成,支付宝,8890.019999999999
order_000590,user_0076,2026-04-23,退款中,微信支付,101.69
order_000591,user_0088,2026-01-09,已完成,微信支付,1738.29
order_000592,user_0168,2025-09-07,已完成,货到付款,11388.529999999999
order_000593,user_0038,2026-01-28,已完成,信用卡,12344.4
order_000594,user_0188,2026-01-16,已完成,微信支付,5798.79
order_000595,user_0059,2025-10-15,已完成,信用卡,3485.75
order_000596,user_0138,2025-04-28,已完成,货到付款,12873.33
order_000597,user_0099,2026-03-06,退款中,信用卡,1461.61
order_000598,user_0192,2025-06-30,已完成,货到付款,17863.04
order_000599,user_0063,2026-02-05,已完成,支付宝,14063.19
order_000600,user_0049,2025-08-26,已完成,信用卡,17247.760000000002
order_000601,user_0192,2025-08-12,已完成,信用卡,4895.5599999999995
order_000602,user_0032,2025-10-19,已完成,支付宝,4209.86
order_000603,user_0135,2025-11-17,已完成,信用卡,9109.19
order_000604,user_0021,2025-10-09,已完成,支付宝,6772.33
order_000605,user_0020,2026-02-26,已完成,微信支付,9606.7
order_000606,user_0154,2025-08-25,已完成,货到付款,10036.1
order_000607,user_0127,2025-06-10,已完成,支付宝,1461.71
order_000608,user_0068,2026-03-05,已完成,信用卡,4367.41
order_000609,user_0110,2025-09-30,已取消,支付宝,3657.5
order_000610,user_0116,2025-11-20,已完成,信用卡,1129.86
order_000611,user_0143,2025-08-13,退款中,微信支付,3402.54
order_000612,user_0120,2026-01-03,已完成,支付宝,15117.28
order_000613,user_0079,2026-03-27,已完成,微信支付,3642.21
order_000614,user_0116,2025-09-04,已完成,货到付款,17856.94
order_000615,user_0092,2026-02-14,已完成,信用卡,447.51
order_000616,user_0014,2025-05-17,已完成,信用卡,3054.1299999999997
order_000617,user_0155,2026-02-03,已完成,微信支付,563.27
order_000618,user_0125,2026-02-06,已完成,货到付款,1423.17
order_000619,user_0168,2025-04-28,已完成,支付宝,2063.34
order_000620,user_0058,2025-08-24,已完成,支付宝,11335.84
order_000621,user_0028,2025-06-01,已完成,信用卡,3080.2699999999995
order_000622,user_0026,2025-11-11,退款中,微信支付,1979.87
order_000623,user_0113,2025-12-28,已完成,微信支付,1171.74
order_000624,user_0191,2025-06-25,已完成,支付宝,6151.08
order_000625,user_0066,2026-03-18,已完成,货到付款,3295.09
order_000626,user_0153,2025-10-05,已完成,货到付款,1803.6
order_000627,user_0131,2025-10-23,已完成,支付宝,2700.8799999999997
order_000628,user_0200,2025-11-19,已完成,支付宝,7140.66
order_000629,user_0044,2025-05-09,已完成,微信支付,9351.26
order_000630,user_0097,2026-01-28,已完成,货到付款,3071.1800000000003
order_000631,user_0042,2025-10-25,已完成,支付宝,1459.9099999999999
order_000632,user_0006,2025-12-25,已完成,支付宝,650.74
order_000633,user_0167,2025-11-29,已取消,信用卡,2271.59
order_000634,user_0180,2026-01-03,已完成,支付宝,12595.93
order_000635,user_0023,2026-02-20,已完成,支付宝,2860.43
order_000636,user_0089,2025-08-31,已完成,货到付款,1135.89
order_000637,user_0123,2025-11-30,已完成,微信支付,10326.7
order_000638,user_0178,2026-02-27,已取消,货到付款,17663.47
order_000639,user_0171,2026-02-06,已完成,微信支付,2060.92
order_000640,user_0147,2025-10-29,已完成,信用卡,954.91
order_000641,user_0197,2025-06-05,已取消,支付宝,13524.75
order_000642,user_0051,2025-12-06,已完成,信用卡,11495.2
order_000643,user_0011,2025-10-28,已完成,微信支付,11858.32
order_000644,user_0012,2025-10-22,已完成,货到付款,4458.32
order_000645,user_0074,2026-02-15,已完成,货到付款,1413.56
order_000646,user_0008,2026-04-02,已完成,信用卡,4023.09
order_000647,user_0152,2025-09-25,退款中,微信支付,8660.800000000001
order_000648,user_0041,2025-08-31,已取消,信用卡,16186.970000000001
order_000649,user_0164,2026-02-22,已完成,信用卡,3383.15
order_000650,user_0085,2026-03-01,已完成,支付宝,4243.85
order_000651,user_0072,2026-03-29,已完成,信用卡,12108.11
order_000652,user_0055,2025-12-17,已取消,支付宝,4713.21
order_000653,user_0137,2025-05-05,已完成,支付宝,43.87
order_000654,user_0047,2026-04-03,已完成,货到付款,9748.46
order_000655,user_0143,2025-09-03,已完成,支付宝,1027.07
order_000656,user_0176,2026-01-16,已完成,支付宝,12370.900000000001
order_000657,user_0104,2025-10-01,已完成,货到付款,918.89
order_000658,user_0042,2026-04-14,已完成,信用卡,5837.6
order_000659,user_0060,2026-04-20,已完成,微信支付,9153.2
order_000660,user_0198,2025-05-02,已完成,微信支付,9132.85
order_000661,user_0012,2025-07-22,已完成,微信支付,4825.43
order_000662,user_0130,2025-10-19,已完成,信用卡,4003.1900000000005
order_000663,user_0007,2026-02-11,退款中,支付宝,3925.6
order_000664,user_0080,2025-11-06,已完成,微信支付,2448.55
order_000665,user_0131,2026-03-04,已完成,信用卡,4948.45
order_000666,user_0109,2025-08-24,已完成,支付宝,11893.779999999999
order_000667,user_0003,2025-12-01,已完成,货到付款,2947.99
order_000668,user_0027,2025-08-19,已完成,微信支付,540.67
order_000669,user_0114,2025-09-19,退款中,支付宝,1306.41
order_000670,user_0107,2025-05-23,已完成,微信支付,8409.84
order_000671,user_0040,2025-09-10,已完成,微信支付,5315.55
order_000672,user_0161,2026-02-24,已完成,微信支付,4271.27
order_000673,user_0129,2025-12-15,已取消,支付宝,10497.5
order_000674,user_0008,2025-07-12,已完成,信用卡,4461.51
order_000675,user_0101,2026-03-21,已完成,支付宝,1488.83
order_000676,user_0160,2026-04-07,已完成,微信支付,15588.35
order_000677,user_0124,2026-02-23,已完成,支付宝,12548.22
order_000678,user_0176,2026-02-10,已完成,货到付款,4884.18
order_000679,user_0107,2025-04-28,已取消,信用卡,2024.81
order_000680,user_0101,2025-09-21,已完成,支付宝,8841.85
order_000681,user_0004,2026-02-08,已完成,货到付款,536.86
order_000682,user_0198,2025-09-16,已完成,信用卡,2435.19
order_000683,user_0110,2025-06-19,已取消,货到付款,1252.4099999999999
order_000684,user_0019,2026-02-25,已完成,信用卡,1770.49
order_000685,user_0032,2025-07-05,已完成,支付宝,727.96
order_000686,user_0137,2026-04-23,已完成,货到付款,1970.48
order_000687,user_0012,2025-07-26,已完成,微信支付,1987.87
order_000688,user_0139,2025-12-03,已完成,货到付款,595.78
order_000689,user_0046,2025-11-05,已完成,信用卡,6156.76
order_000690,user_0119,2025-06-29,已取消,支付宝,12564.330000000002
order_000691,user_0016,2025-07-09,已完成,信用卡,12280.470000000001
order_000692,user_0129,2025-10-05,已完成,货到付款,17503.06
order_000693,user_0063,2025-10-13,已完成,货到付款,10459.5
order_000694,user_0109,2025-07-25,已完成,微信支付,4250.47
order_000695,user_0119,2025-10-20,已完成,支付宝,11464.11
order_000696,user_0021,2026-01-21,已完成,支付宝,5603.92
order_000697,user_0158,2025-07-09,已完成,货到付款,5740.4800000000005
order_000698,user_0013,2025-12-28,已完成,支付宝,6877.68
order_000699,user_0162,2025-07-13,已完成,微信支付,3553.89
order_000700,user_0004,2025-10-03,已完成,信用卡,10493.58
order_000701,user_0156,2026-03-17,已完成,支付宝,932.11
order_000702,user_0102,2025-08-03,已完成,货到付款,1905.51
order_000703,user_0059,2025-08-07,已完成,信用卡,1408.9699999999998
order_000704,user_0128,2025-09-06,已完成,信用卡,3462.57
order_000705,user_0027,2025-08-07,已完成,微信支付,15538.73
order_000706,user_0069,2025-05-16,已完成,货到付款,441.18
order_000707,user_0025,2025-07-18,已完成,支付宝,2242.59
order_000708,user_0131,2026-01-31,已完成,货到付款,204.96
order_000709,user_0097,2026-04-01,已完成,信用卡,7595.37
order_000710,user_0196,2026-04-27,已取消,货到付款,14609.34
order_000711,user_0025,2026-03-24,已完成,支付宝,150.88
order_000712,user_0148,2025-09-03,已完成,支付宝,9322.77
order_000713,user_0162,2026-04-06,已完成,微信支付,910.26
order_000714,user_0154,2026-03-03,已完成,支付宝,4421.84
order_000715,user_0126,2025-07-25,已完成,支付宝,10112.72
order_000716,user_0133,2025-11-26,已完成,货到付款,12096.88
order_000717,user_0189,2025-09-17,已完成,货到付款,621.26
order_000718,user_0009,2025-07-01,已完成,信用卡,2471.29
order_000719,user_0116,2025-07-12,已完成,微信支付,176.33
order_000720,user_0178,2025-11-12,已完成,货到付款,10455.3
order_000721,user_0134,2025-09-17,退款中,支付宝,143.54
order_000722,user_0060,2026-03-09,已完成,信用卡,3551.9
order_000723,user_0172,2025-07-29,已完成,货到付款,16788.600000000002
order_000724,user_0121,2026-02-26,已完成,微信支付,3035.11
order_000725,user_0139,2025-12-07,退款中,微信支付,13972.949999999999
order_000726,user_0194,2026-02-12,已完成,信用卡,3939.8999999999996
order_000727,user_0175,2025-08-07,已完成,信用卡,9508.74
order_000728,user_0108,2026-01-19,已完成,信用卡,2340.22
order_000729,user_0108,2026-04-17,已完成,信用卡,12798.310000000001
order_000730,user_0131,2025-08-15,已完成,信用卡,4069.8999999999996
order_000731,user_0076,2026-03-23,已完成,支付宝,4301.42
order_000732,user_0030,2026-01-17,已完成,支付宝,3905.25
order_000733,user_0021,2025-04-30,已完成,货到付款,557.46
order_000734,user_0156,2025-07-21,已完成,微信支付,5599.49
order_000735,user_0190,2026-02-03,已完成,支付宝,4319.32
order_000736,user_0161,2026-03-21,已完成,支付宝,15613.080000000002
order_000737,user_0163,2026-02-25,已完成,支付宝,2418.5
order_000738,user_0180,2025-08-22,已完成,货到付款,2090.02
order_000739,user_0034,2025-12-04,退款中,信用卡,1449.45
order_000740,user_0041,2025-09-28,已完成,货到付款,7596.259999999999
order_000741,user_0051,2025-09-27,已完成,微信支付,4958.58
order_000742,user_0175,2025-05-09,已完成,微信支付,3195.19
order_000743,user_0082,2025-09-07,退款中,微信支付,7219.24
order_000744,user_0058,2026-02-25,已完成,微信支付,1613.45
order_000745,user_0075,2026-02-14,已完成,支付宝,1650.0400000000002
order_000746,user_0185,2026-02-21,已完成,支付宝,15870.92
order_000747,user_0023,2025-12-11,已完成,货到付款,4339.24
order_000748,user_0176,2026-01-23,已完成,信用卡,403.13
order_000749,user_0128,2025-06-09,已完成,微信支付,5567.969999999999
order_000750,user_0150,2026-04-05,已完成,货到付款,1420.3
order_000751,user_0017,2026-03-19,退款中,支付宝,5299.48
order_000752,user_0069,2026-02-23,已完成,支付宝,5866.79
order_000753,user_0108,2026-04-26,已完成,信用卡,11893.66
order_000754,user_0139,2025-05-18,已完成,信用卡,1524.07
order_000755,user_0094,2025-08-12,已完成,信用卡,6640.58
order_000756,user_0015,2026-03-29,已完成,货到付款,4541.89
order_000757,user_0091,2026-02-24,已完成,支付宝,12447.0
order_000758,user_0163,2025-08-22,已完成,支付宝,74.56
order_000759,user_0033,2025-08-29,已取消,信用卡,6684.7699999999995
order_000760,user_0125,2026-02-02,已取消,微信支付,598.07
order_000761,user_0016,2026-02-13,已完成,信用卡,12086.33
order_000762,user_0162,2025-11-16,已完成,货到付款,8002.92
order_000763,user_0066,2025-06-17,已取消,信用卡,26702.29
order_000764,user_0168,2026-01-23,已完成,信用卡,10520.87
order_000765,user_0156,2026-03-17,已取消,货到付款,6781.63
order_000766,user_0047,2026-01-29,已完成,信用卡,141.57
order_000767,user_0167,2025-09-15,已完成,支付宝,1435.32
order_000768,user_0198,2026-01-27,已完成,微信支付,16893.86
order_000769,user_0148,2026-02-11,已完成,信用卡,296.65
order_000770,user_0124,2026-03-27,已完成,货到付款,1403.82
order_000771,user_0001,2025-06-18,已完成,微信支付,179.6
order_000772,user_0200,2025-05-24,已完成,货到付款,5500.66
order_000773,user_0087,2025-10-01,已完成,微信支付,6438.1
order_000774,user_0128,2025-12-22,已完成,微信支付,14307.109999999999
order_000775,user_0191,2025-09-30,退款中,信用卡,9315.810000000001
order_000776,user_0067,2026-02-12,已完成,支付宝,3473.91
order_000777,user_0004,2025-09-10,已完成,信用卡,330.62
order_000778,user_0186,2025-09-18,已完成,货到付款,4171.53
order_000779,user_0153,2025-08-11,已完成,货到付款,544.79
order_000780,user_0047,2025-10-02,退款中,微信支付,4985.13
order_000781,user_0038,2025-09-20,已完成,微信支付,2906.2799999999997
order_000782,user_0143,2025-04-29,已完成,支付宝,2901.12
order_000783,user_0191,2025-07-13,已完成,信用卡,1150.83
order_000784,user_0021,2025-09-06,已完成,货到付款,9166.69
order_000785,user_0057,2025-07-26,已完成,微信支付,723.1800000000001
order_000786,user_0117,2026-04-07,已取消,支付宝,117.83
order_000787,user_0181,2026-04-12,已完成,货到付款,13320.039999999999
order_000788,user_0046,2026-01-15,已完成,微信支付,4235.37
order_000789,user_0142,2026-04-13,已完成,货到付款,9664.5
order_000790,user_0145,2025-08-13,已完成,支付宝,5186.45
order_000791,user_0039,2025-07-10,已完成,支付宝,5158.4
order_000792,user_0137,2025-06-05,已完成,货到付款,875.53
order_000793,user_0099,2025-10-03,已完成,信用卡,3194.49
order_000794,user_0077,2025-07-07,已完成,货到付款,2361.9900000000002
order_000795,user_0115,2026-03-05,已完成,微信支付,14543.2
order_000796,user_0134,2025-12-24,已完成,信用卡,897.26
order_000797,user_0151,2026-02-19,已完成,微信支付,13716.86
order_000798,user_0187,2025-06-02,已完成,货到付款,695.74
order_000799,user_0091,2025-07-20,已取消,信用卡,67.25
order_000800,user_0098,2026-01-15,已完成,微信支付,2334.39
order_000801,user_0120,2026-03-03,已完成,货到付款,3911.8
order_000802,user_0046,2025-10-16,已完成,货到付款,8962.91
order_000803,user_0038,2025-10-17,已完成,信用卡,9435.140000000001
order_000804,user_0142,2026-04-24,已完成,货到付款,4912.23
order_000805,user_0100,2025-06-13,已完成,支付宝,1691.21
order_000806,user_0072,2025-09-15,已完成,微信支付,17519.260000000002
order_000807,user_0190,2025-08-23,已完成,微信支付,1790.72
order_000808,user_0035,2026-01-29,已完成,货到付款,10374.92
order_000809,user_0147,2025-11-27,已完成,货到付款,489.13
order_000810,user_0030,2025-12-03,已完成,支付宝,5211.35
order_000811,user_0078,2025-05-23,已完成,信用卡,2310.71
order_000812,user_0084,2025-05-06,退款中,货到付款,7925.21
order_000813,user_0113,2026-01-23,已完成,货到付款,3207.5099999999998
order_000814,user_0025,2025-05-07,已完成,货到付款,2786.46
order_000815,user_0168,2025-08-26,已完成,货到付款,346.3
order_000816,user_0088,2025-08-30,已取消,微信支付,4586.19
order_000817,user_0014,2025-10-14,已完成,货到付款,383.26
order_000818,user_0154,2025-07-08,已完成,微信支付,4999.97
order_000819,user_0102,2025-09-26,已完成,货到付款,12800.14
order_000820,user_0150,2025-11-21,已完成,信用卡,7546.57
order_000821,user_0176,2025-06-15,已完成,支付宝,14721.45
order_000822,user_0083,2025-09-28,已完成,信用卡,1569.19
order_000823,user_0110,2026-04-09,已完成,货到付款,2402.42
order_000824,user_0179,2026-02-14,已完成,货到付款,4160.929999999999
order_000825,user_0131,2025-07-04,已取消,货到付款,13648.01
order_000826,user_0170,2025-06-16,已完成,信用卡,4562.43
order_000827,user_0019,2025-09-26,已完成,货到付款,2793.76
order_000828,user_0028,2025-05-16,已完成,信用卡,2702.92
order_000829,user_0173,2025-08-05,已完成,微信支付,2498.82
order_000830,user_0071,2025-06-26,已取消,支付宝,2460.44
order_000831,user_0063,2025-10-11,已完成,支付宝,2541.5599999999995
order_000832,user_0073,2025-11-15,已完成,信用卡,4992.22
order_000833,user_0124,2026-04-07,已完成,微信支付,3373.38
order_000834,user_0119,2025-09-20,已完成,信用卡,4368.22
order_000835,user_0121,2025-10-08,已完成,微信支付,7022.6
order_000836,user_0019,2025-12-25,已完成,货到付款,3723.99
order_000837,user_0175,2025-07-05,已完成,微信支付,9307.22
order_000838,user_0142,2025-10-19,已完成,微信支付,2625.11
order_000839,user_0120,2025-06-15,已完成,微信支付,1256.29
order_000840,user_0166,2025-08-13,已取消,支付宝,1625.1100000000001
order_000841,user_0181,2025-12-09,已完成,微信支付,3301.54
order_000842,user_0061,2025-10-05,已完成,货到付款,8844.31
order_000843,user_0164,2025-08-24,已完成,货到付款,707.58
order_000844,user_0168,2025-09-23,已完成,货到付款,1095.5
order_000845,user_0030,2025-09-24,已完成,微信支付,7432.02
order_000846,user_0009,2026-02-14,已完成,信用卡,623.43
order_000847,user_0064,2025-09-17,已完成,信用卡,3785.7999999999997
order_000848,user_0161,2025-10-04,已完成,货到付款,3218.86
order_000849,user_0120,2025-05-08,已完成,支付宝,11691.92
order_000850,user_0052,2025-09-12,已取消,信用卡,6703.17
order_000851,user_0089,2025-07-14,已完成,微信支付,5231.33
order_000852,user_0142,2025-07-13,已完成,信用卡,3963.67
order_000853,user_0053,2026-01-06,已完成,货到付款,642.6
order_000854,user_0187,2026-01-10,已完成,支付宝,12243.93
order_000855,user_0078,2026-03-13,已完成,信用卡,2465.2
order_000856,user_0041,2026-02-12,已完成,信用卡,11737.19
order_000857,user_0196,2026-01-15,已完成,货到付款,6551.82
order_000858,user_0068,2025-07-21,已完成,支付宝,6905.48
order_000859,user_0008,2025-09-20,已完成,支付宝,5047.33
order_000860,user_0002,2026-03-16,已完成,货到付款,742.06
order_000861,user_0105,2025-06-08,已取消,微信支付,7776.88
order_000862,user_0125,2025-08-30,已完成,信用卡,6092.83
order_000863,user_0110,2025-10-11,已完成,微信支付,7094.42
order_000864,user_0086,2025-12-24,已完成,信用卡,5938.33
order_000865,user_0169,2026-02-01,已完成,信用卡,4453.450000000001
order_000866,user_0120,2025-11-01,已完成,微信支付,3554.3199999999997
order_000867,user_0127,2026-02-23,已完成,货到付款,2014.9
order_000868,user_0183,2025-05-16,已完成,货到付款,1585.08
order_000869,user_0016,2025-07-04,已完成,信用卡,2101.54
order_000870,user_0062,2025-12-01,已完成,货到付款,11514.34
order_000871,user_0113,2025-08-07,已完成,信用卡,10778.44
order_000872,user_0176,2025-06-08,已完成,货到付款,10746.08
order_000873,user_0158,2026-02-09,已完成,信用卡,6429.790000000001
order_000874,user_0012,2025-10-11,已完成,货到付款,5805.14
order_000875,user_0035,2025-08-14,已取消,支付宝,2080.38
order_000876,user_0011,2025-06-02,退款中,微信支付,6269.48
order_000877,user_0064,2025-12-15,已完成,支付宝,926.28
order_000878,user_0050,2025-12-12,已完成,微信支付,2724.3399999999997
order_000879,user_0149,2026-04-15,已完成,微信支付,1134.36
order_000880,user_0069,2025-10-08,已取消,信用卡,75.95
order_000881,user_0048,2025-07-09,已取消,微信支付,1708.0399999999997
order_000882,user_0020,2025-09-10,已完成,支付宝,8084.849999999999
order_000883,user_0101,2026-04-15,已完成,支付宝,3223.0899999999997
order_000884,user_0195,2025-07-06,已完成,货到付款,2280.37
order_000885,user_0172,2025-11-09,已完成,支付宝,11599.48
order_000886,user_0161,2026-01-21,已完成,货到付款,1823.4
order_000887,user_0189,2025-06-15,已取消,微信支付,5813.49
order_000888,user_0137,2026-03-09,已完成,支付宝,6962.71
order_000889,user_0068,2025-09-04,已完成,微信支付,3720.49
order_000890,user_0035,2025-05-02,已取消,支付宝,6074.03
order_000891,user_0065,2025-05-24,已完成,支付宝,118.8
order_000892,user_0008,2025-10-04,已完成,货到付款,1814.3
order_000893,user_0045,2025-09-23,已完成,微信支付,2516.27
order_000894,user_0087,2026-01-16,已完成,支付宝,23348.57
order_000895,user_0175,2025-12-13,已完成,信用卡,2604.11
order_000896,user_0168,2025-11-13,已完成,微信支付,12313.84
order_000897,user_0076,2025-06-16,已完成,微信支付,2145.56
order_000898,user_0182,2025-07-03,已完成,微信支付,49.13
order_000899,user_0076,2026-02-21,已完成,货到付款,9119.47
order_000900,user_0174,2025-06-24,已完成,信用卡,9042.51
order_000901,user_0047,2026-01-11,已完成,微信支付,3209.24
order_000902,user_0015,2026-04-04,已完成,支付宝,4419.78
order_000903,user_0105,2026-03-19,已完成,支付宝,1069.8
order_000904,user_0147,2025-09-04,已完成,货到付款,1322.4499999999998
order_000905,user_0026,2025-11-28,已完成,支付宝,1059.07
order_000906,user_0052,2025-10-16,已完成,微信支付,5851.83
order_000907,user_0093,2026-01-10,已完成,支付宝,3300.63
order_000908,user_0150,2025-08-07,已完成,微信支付,16413.99
order_000909,user_0021,2025-11-22,已取消,支付宝,13066.74
order_000910,user_0051,2026-02-12,已完成,信用卡,6310.08
order_000911,user_0038,2026-04-16,已完成,货到付款,1549.98
order_000912,user_0020,2026-02-07,已完成,货到付款,1457.76
order_000913,user_0157,2025-08-21,已完成,信用卡,5278.04
order_000914,user_0179,2026-01-16,已完成,信用卡,10241.78
order_000915,user_0132,2025-09-24,已完成,货到付款,7350.78
order_000916,user_0055,2026-02-21,已完成,信用卡,7325.849999999999
order_000917,user_0199,2025-06-02,已完成,微信支付,3648.25
order_000918,user_0092,2026-03-26,已完成,支付宝,6413.69
order_000919,user_0028,2026-02-08,已完成,货到付款,4472.2
order_000920,user_0004,2026-02-24,已完成,信用卡,6365.65
order_000921,user_0150,2026-03-04,退款中,微信支付,2235.82
order_000922,user_0076,2025-11-21,已完成,货到付款,12702.0
order_000923,user_0173,2025-08-11,已完成,信用卡,2741.64
order_000924,user_0067,2025-10-02,已完成,货到付款,3570.2999999999997
order_000925,user_0086,2025-08-26,已完成,信用卡,3711.78
order_000926,user_0194,2025-06-21,已完成,货到付款,2648.23
order_000927,user_0162,2025-05-09,已完成,微信支付,3524.47
order_000928,user_0091,2025-09-19,已完成,微信支付,603.15
order_000929,user_0183,2025-09-10,已完成,支付宝,250.83
order_000930,user_0105,2025-04-30,已完成,货到付款,2628.94
order_000931,user_0001,2025-09-18,已完成,支付宝,1999.57
order_000932,user_0072,2025-05-27,已取消,货到付款,8919.47
order_000933,user_0087,2025-12-20,已完成,信用卡,8222.92
order_000934,user_0166,2026-01-31,已完成,信用卡,8824.3
order_000935,user_0006,2026-04-10,已完成,支付宝,80.55
order_000936,user_0153,2025-08-20,已完成,货到付款,6519.82
order_000937,user_0145,2025-08-09,已完成,支付宝,265.16
order_000938,user_0061,2025-08-23,已完成,微信支付,24417.809999999998
order_000939,user_0012,2025-05-02,已完成,支付宝,122.35
order_000940,user_0006,2026-04-22,已完成,支付宝,2250.8199999999997
order_000941,user_0027,2025-12-31,已完成,信用卡,1865.74
order_000942,user_0136,2026-04-26,已完成,支付宝,2994.2200000000003
order_000943,user_0124,2026-03-14,已取消,货到付款,115.58
order_000944,user_0106,2025-08-26,已完成,信用卡,396.99
order_000945,user_0193,2026-02-07,已完成,支付宝,6798.96
order_000946,user_0185,2025-09-23,已完成,微信支付,9813.2
order_000947,user_0093,2025-07-20,已完成,支付宝,2252.46
order_000948,user_0109,2025-12-14,已完成,支付宝,7936.110000000001
order_000949,user_0099,2026-02-09,已完成,支付宝,4157.71
order_000950,user_0168,2025-10-05,已完成,信用卡,7452.34
order_000951,user_0142,2026-01-24,已完成,货到付款,80.31
order_000952,user_0035,2025-06-04,已完成,微信支付,12040.76
order_000953,user_0176,2025-12-09,已完成,支付宝,5389.18
order_000954,user_0084,2025-09-16,已完成,货到付款,299.65
order_000955,user_0056,2026-02-13,已完成,货到付款,2518.8
order_000956,user_0177,2025-09-25,已完成,信用卡,15389.189999999999
order_000957,user_0141,2025-08-19,已完成,微信支付,4454.29
order_000958,user_0189,2025-12-20,已完成,信用卡,6987.179999999999
order_000959,user_0049,2025-07-02,已完成,货到付款,4532.12
order_000960,user_0046,2026-04-23,已完成,货到付款,5738.71
order_000961,user_0113,2026-04-03,已完成,货到付款,4264.84
order_000962,user_0190,2026-01-10,已完成,信用卡,4555.24
order_000963,user_0136,2026-01-01,已完成,微信支付,14557.47
order_000964,user_0043,2026-03-24,已完成,支付宝,3366.33
order_000965,user_0148,2026-03-16,已完成,信用卡,2153.27
order_000966,user_0124,2025-10-24,已取消,货到付款,6532.6
order_000967,user_0097,2025-11-03,已取消,信用卡,1781.06
order_000968,user_0090,2025-09-28,已完成,货到付款,3625.87
order_000969,user_0039,2025-11-09,已完成,支付宝,3437.9300000000003
order_000970,user_0085,2026-03-04,已完成,支付宝,1567.6100000000001
order_000971,user_0177,2026-01-14,已完成,微信支付,8999.1
order_000972,user_0192,2025-09-17,已取消,货到付款,600.08
order_000973,user_0062,2026-04-04,已完成,微信支付,5574.639999999999
order_000974,user_0106,2026-03-09,已完成,微信支付,6335.01
order_000975,user_0107,2025-08-06,已取消,支付宝,1154.16
order_000976,user_0054,2025-12-27,已完成,信用卡,6779.46
order_000977,user_0126,2025-05-09,已完成,信用卡,1980.27
order_000978,user_0009,2025-12-22,退款中,微信支付,301.96
order_000979,user_0088,2025-06-15,已完成,支付宝,1105.99
order_000980,user_0037,2025-06-08,已完成,货到付款,6954.299999999999
order_000981,user_0049,2025-10-10,已完成,信用卡,417.63
order_000982,user_0041,2025-07-18,已完成,微信支付,1814.29
order_000983,user_0017,2026-02-12,已完成,信用卡,6304.17
order_000984,user_0088,2025-10-02,已完成,信用卡,16722.239999999998
order_000985,user_0021,2025-11-29,退款中,货到付款,3512.5699999999997
order_000986,user_0051,2025-10-02,已完成,支付宝,7332.7
order_000987,user_0059,2025-09-08,已完成,货到付款,11437.41
order_000988,user_0167,2025-07-03,已完成,支付宝,19658.78
order_000989,user_0183,2026-03-29,已完成,信用卡,4214.6
order_000990,user_0041,2025-05-04,已完成,微信支付,21603.82
order_000991,user_0039,2025-05-11,已完成,货到付款,4669.77
order_000992,user_0141,2025-07-09,已完成,支付宝,17929.949999999997
order_000993,user_0192,2025-10-07,已完成,信用卡,4434.1
order_000994,user_0011,2025-07-02,已完成,支付宝,11052.23
order_000995,user_0147,2026-04-09,已完成,支付宝,11568.77
order_000996,user_0139,2025-09-04,已完成,支付宝,10259.58
order_000997,user_0077,2025-11-19,已完成,信用卡,14833.42
order_000998,user_0127,2026-01-28,已完成,微信支付,12360.1
order_000999,user_0046,2026-01-08,已完成,微信支付,3279.1
order_001000,user_0045,2026-01-18,已完成,微信支付,1105.7900000000002
