user_id,region,register_date,age,gender
user_0001,华北,2024-07-10,33,女
user_0002,东北,2024-08-20,41,男
user_0003,华中,2024-07-13,33,男
user_0004,华南,2025-02-03,19,男
user_0005,华东,2025-02-01,45,男
user_0006,华东,2025-12-16,49,女
user_0007,华东,2025-07-19,44,男
user_0008,西南,2025-08-15,37,女
user_0009,华南,2025-12-08,41,女
user_0010,华中,2024-11-05,29,女
user_0011,华东,2024-12-12,52,男
user_0012,东北,2025-12-21,50,男
user_0013,西南,2025-10-28,50,女
user_0014,华东,2025-04-26,60,女
user_0015,华东,2025-10-18,54,男
user_0016,华东,2024-05-18,29,女
user_0017,华北,2025-10-20,20,女
user_0018,华南,2024-08-27,18,女
user_0019,华北,2025-02-25,50,女
user_0020,华北,2025-06-26,57,女
user_0021,华南,2024-11-11,27,男
user_0022,华东,2025-03-03,60,女
user_0023,华北,2025-11-15,61,女
user_0024,华北,2025-09-16,46,男
user_0025,华南,2025-02-22,30,男
user_0026,西南,2024-06-28,29,男
user_0027,华东,2026-02-25,48,女
user_0028,华南,2024-05-11,63,女
user_0029,华南,2024-12-25,19,男
user_0030,华东,2024-12-15,52,女
user_0031,华南,2025-03-20,40,男
user_0032,华东,2026-03-08,34,女
user_0033,华东,2024-05-29,43,女
user_0034,西北,2026-02-20,25,女
user_0035,东北,2025-08-12,46,男
user_0036,西南,2025-03-30,43,男
user_0037,华北,2024-09-13,27,男
user_0038,华东,2025-01-16,43,男
user_0039,华中,2025-06-20,51,女
user_0040,华北,2026-03-03,58,女
user_0041,华东,2025-08-16,24,女
user_0042,华南,2025-06-26,21,女
user_0043,华东,2024-07-29,62,女
user_0044,西北,2025-06-19,28,女
user_0045,华北,2024-12-04,46,女
user_0046,华中,2025-01-01,53,女
user_0047,华北,2024-06-09,42,男
user_0048,华南,2024-10-30,38,男
user_0049,华南,2024-09-29,53,男
user_0050,华东,2025-09-19,27,女
user_0051,东北,2026-02-09,54,女
user_0052,华中,2024-11-03,26,男
user_0053,西北,2026-03-13,41,女
user_0054,西北,2025-10-09,52,女
user_0055,华南,2025-08-22,52,男
user_0056,西北,2025-10-23,53,男
user_0057,华东,2024-12-08,35,女
user_0058,华东,2026-02-12,56,男
user_0059,华东,2025-03-22,49,女
user_0060,华北,2024-10-28,41,男
user_0061,华北,2025-12-21,40,女
user_0062,华北,2026-02-21,49,女
user_0063,西南,2025-06-23,54,女
user_0064,华北,2025-04-15,29,女
user_0065,华北,2024-11-18,30,男
user_0066,华南,2025-06-01,40,男
user_0067,华东,2025-09-30,42,男
user_0068,西南,2024-07-31,52,女
user_0069,华东,2025-12-21,58,女
user_0070,东北,2024-04-29,47,女
user_0071,华中,2025-12-04,34,男
user_0072,华东,2025-09-20,37,男
user_0073,华东,2025-07-20,42,男
user_0074,西南,2025-10-20,39,男
user_0075,华中,2025-07-17,30,女
user_0076,华中,2025-05-11,36,男
user_0077,华中,2025-11-22,53,男
user_0078,华东,2026-03-12,29,女
user_0079,华北,2024-09-10,58,男
user_0080,华东,2024-09-06,36,男
user_0081,西南,2025-05-11,29,女
user_0082,华南,2024-05-13,26,男
user_0083,华北,2024-07-12,24,女
user_0084,华东,2025-06-15,45,女
user_0085,华北,2024-06-05,31,女
user_0086,华北,2024-06-29,48,男
user_0087,华中,2025-10-26,36,女
user_0088,华中,2024-11-25,64,男
user_0089,西北,2025-03-09,33,男
user_0090,华南,2025-12-16,22,男
user_0091,华东,2025-03-02,52,女
user_0092,华中,2025-07-27,29,男
user_0093,华中,2025-10-05,42,男
user_0094,华南,2026-02-19,38,女
user_0095,华中,2024-12-08,53,男
user_0096,华南,2024-05-17,40,男
user_0097,华南,2024-10-08,33,男
user_0098,华北,2025-02-15,56,男
user_0099,华东,2024-10-21,62,男
user_0100,华东,2024-11-09,59,男
user_0101,华东,2026-02-22,56,女
user_0102,华中,2024-05-14,31,男
user_0103,华北,2026-03-10,48,男
user_0104,华南,2025-05-13,22,女
user_0105,西北,2024-11-03,52,男
user_0106,华东,2025-02-23,40,女
user_0107,华北,2024-06-14,46,男
user_0108,华中,2024-12-14,60,男
user_0109,华东,2025-11-07,28,男
user_0110,华东,2025-12-28,35,男
user_0111,华北,2025-04-10,64,男
user_0112,华东,2026-02-07,29,男
user_0113,西北,2024-06-03,26,男
user_0114,西南,2024-05-01,27,男
user_0115,华中,2024-09-01,61,男
user_0116,西南,2025-09-21,34,男
user_0117,西南,2025-11-25,55,男
user_0118,华东,2025-10-31,24,男
user_0119,西北,2025-05-20,63,女
user_0120,华南,2024-09-06,30,男
user_0121,西南,2025-04-22,57,女
user_0122,西北,2025-05-29,59,女
user_0123,华北,2024-05-07,26,男
user_0124,华东,2024-05-17,44,女
user_0125,华东,2026-02-04,19,女
user_0126,华北,2025-01-10,22,男
user_0127,西南,2024-07-25,46,男
user_0128,西南,2025-07-09,54,女
user_0129,华东,2026-02-05,55,女
user_0130,华南,2024-09-04,36,男
user_0131,华北,2024-07-18,25,男
user_0132,华东,2026-03-25,62,男
user_0133,华东,2025-12-17,18,男
user_0134,华北,2025-09-15,39,女
user_0135,西北,2025-04-14,34,男
user_0136,华北,2026-02-11,24,男
user_0137,华南,2024-06-12,42,女
user_0138,华中,2025-07-04,62,男
user_0139,华北,2025-03-25,21,男
user_0140,东北,2024-07-02,53,女
user_0141,东北,2025-12-14,23,女
user_0142,华北,2024-05-29,48,男
user_0143,华南,2024-06-09,36,男
user_0144,华北,2024-06-11,61,男
user_0145,华北,2025-11-30,56,男
user_0146,华东,2024-08-03,44,男
user_0147,华南,2026-01-31,27,男
user_0148,华南,2025-04-18,43,男
user_0149,华东,2024-12-11,36,男
user_0150,华北,2025-12-03,56,男
user_0151,西北,2025-11-23,20,男
user_0152,华东,2025-03-02,62,男
user_0153,华东,2024-06-27,30,男
user_0154,华南,2026-01-31,45,男
user_0155,东北,2024-07-04,37,女
user_0156,华东,2024-11-02,45,女
user_0157,华中,2025-12-24,25,女
user_0158,华中,2024-06-30,58,女
user_0159,华东,2025-12-02,56,男
user_0160,华中,2024-09-16,18,男
user_0161,华北,2024-08-06,20,男
user_0162,华中,2024-11-27,30,女
user_0163,华中,2025-08-05,45,女
user_0164,华南,2025-07-01,42,男
user_0165,华东,2025-09-22,50,男
user_0166,西南,2025-01-07,55,男
user_0167,华北,2024-08-26,23,男
user_0168,华东,2025-07-26,61,女
user_0169,华东,2026-01-13,62,女
user_0170,华南,2025-10-27,49,男
user_0171,华中,2024-06-12,62,女
user_0172,华东,2025-01-19,64,女
user_0173,华南,2026-01-03,38,男
user_0174,华东,2024-05-02,33,男
user_0175,华中,2025-06-18,38,男
user_0176,华东,2025-08-22,28,男
user_0177,华中,2026-01-20,54,男
user_0178,华北,2026-02-11,53,男
user_0179,西北,2025-12-26,52,男
user_0180,华东,2025-01-01,36,男
user_0181,华北,2025-09-07,37,女
user_0182,华东,2025-08-24,35,男
user_0183,西北,2024-12-11,64,男
user_0184,西南,2025-01-22,58,男
user_0185,华北,2025-04-23,31,女
user_0186,华中,2024-09-25,32,男
user_0187,西南,2024-07-26,48,男
user_0188,华南,2025-06-14,18,女
user_0189,华南,2025-07-19,20,女
user_0190,华东,2025-04-07,33,女
user_0191,华东,2026-03-07,40,男
user_0192,西北,2024-10-24,28,男
user_0193,西北,2025-12-20,29,女
user_0194,华中,2025-10-01,27,女
user_0195,华北,2025-08-19,49,女
user_0196,华北,2024-06-09,33,女
user_0197,华中,2025-01-12,25,男
user_0198,西北,2024-07-30,55,女
user_0199,西北,2025-05-09,29,男
user_0200,华中,2024-10-30,41,男
