date,temperature,humidity,precipitation,wind_speed
2023-01-01,7.903966818719205,81.64317427626673,0.5799455330931251,3.6757381776285323
2023-01-02,4.433632793585195,83.82691707044951,2.863896594335097,0.2550934251009893
2023-01-03,-4.514059342056251,85.23061831457879,2.7872874388189093,4.336875336747936
2023-01-04,-1.0852233759209162,72.9174950371517,1.089045449779087,2.751495899785721
2023-01-05,4.209197084022961,91.97093738199544,5.615668885668535,1.2555864099118432
2023-01-06,-4.531899905173487,83.75372124963602,1.5896257076064852,4.8715012113167555
2023-01-07,-0.5710222270570657,77.78094585271417,0.872616038924054,2.043123856965647
2023-01-08,0.5535021100963243,93.02144039111948,4.135695954504516,3.893799878444809
2023-01-09,2.642652949085739,69.48387914492517,0.4547150026043738,2.791322615594072
2023-01-10,0.8904866072848567,75.10444629758118,0.17357563681947008,3.3881352847093855
2023-01-11,0.7512059125004715,73.3681775536527,0.05883298391320535,0.9815496063084976
2023-01-12,1.4574561646940076,95.54917394397573,0.3934212675230544,1.4695637543207374
2023-01-13,1.7987229425098685,70.66723293196237,34.86930608081669,5.8263276705392855
2023-01-14,1.920389163151073,81.9154046740035,0.5414455748373266,0.0
2023-01-15,1.2414103903671434,72.29103319979895,1.1077551500931504,0.9096790208938996
2023-01-16,7.189412054146298,83.95600823351496,2.5772559253720217,1.488689862112627
2023-01-17,3.2435760370880895,69.28506597437945,2.3374452914249133,3.297532812530208
2023-01-18,0.9760235515589394,77.96760156543998,0.6745544982373639,1.1023261725953057
2023-01-19,2.0233236597856252,72.9657368932512,0.5879012391631284,0.9539464377032685
2023-01-20,1.5609150435755879,78.84598917185296,0.17462736046810923,2.294815700212076
2023-01-21,2.6006771022640676,69.4185174937726,1.6073902305078667,0.1542369346078558
2023-01-22,3.5284433782601083,92.19538291756474,1.1018822103736197,0.0
2023-01-23,6.0287730901570695,72.66183911485277,0.8297200145926746,2.709722440730874
2023-01-24,5.628011205055969,65.6826915500682,0.4992038492752653,2.2097477344985474
2023-01-25,3.0135972296623987,77.81155456841859,2.4552113634164003,1.914962332657646
2023-01-26,2.066281059275278,71.04490854435434,1.5175328141720072,1.3066112138737282
2023-01-27,6.984050098869504,68.25079151923818,3.961462546021127,0.0
2023-01-28,3.8858805278287396,90.58889524329203,0.828114001015408,0.0
2023-01-29,3.6004673438190795,96.42446161795355,0.18270106018570154,1.417145721843158
2023-01-30,1.1030385604400141,91.75140758103808,1.6348507630914524,0.0
2023-01-31,1.7322603091409317,100.0,6.260765389545181,2.5536726787510804
2023-02-01,3.59175142470137,88.50197199920332,0.3165007420486763,2.284152439451438
2023-02-02,5.2865167540574,89.11223221893128,3.168686516351113,4.248609522399747
2023-02-03,1.8113742530999617,72.41713647669346,2.902814128874436,0.0
2023-02-04,14.990007215726274,90.06313959969732,7.308875024750916,5.151870527010297
2023-02-05,5.237142809831268,95.77034132061601,0.3046712164913772,0.0
2023-02-06,1.0301537881682021,83.26853507727724,1.6706455514233887,2.4457730867793335
2023-02-07,5.52099326112287,86.84494653130518,4.08028090695119,0.24725573173529547
2023-02-08,7.473353837355269,62.507044754862704,1.1390019045609976,1.5078936644156449
2023-02-09,3.6127705028473067,81.28854863976551,0.8777077429358382,1.4168598408824866
2023-02-10,1.8909926440090596,78.57188008827667,0.17469035273821687,4.102422297037838
2023-02-11,8.97838137986848,83.34887475030864,3.328457169220166,4.069085551276374
2023-02-12,9.10892273720226,74.60257069706726,6.746518334356436,3.3030210716243515
2023-02-13,8.481125673127703,68.29395235750202,8.700874128639576,0.841998145079329
2023-02-14,5.337009537772843,56.23394931560787,1.5385173585594125,1.3484231463680691
2023-02-15,7.418416444786864,90.39078665957108,5.737733848612737,0.0
2023-02-16,10.687844224097237,71.52129004842087,82.60755199493506,3.5673014794808635
2023-02-17,3.895848997831838,89.39570993506948,2.389997313985085,6.391367247348894
2023-02-18,5.372286930533578,73.87924776802001,4.93236541019561,1.6918320985250532
2023-02-19,1.070364174989602,64.90533304205412,1.2786978786542629,3.582524487421323
2023-02-20,8.620117444010226,60.30728840422419,0.5782673415760295,3.0174294233236743
2023-02-21,15.166905396925843,71.34209180256818,1.7878841355226074,5.707793135955731
2023-02-22,11.887510316706607,76.48225346176194,8.867196159876121,6.430154667670523
2023-02-23,9.449884055083366,86.25089162679303,3.6850713289138755,2.7730213034945823
2023-02-24,8.678373068586835,86.30569245985674,8.403598017548621,0.0
2023-02-25,8.92975152871974,78.57179561336123,5.893897431940887,3.4985122325278075
2023-02-26,16.26049384506524,82.8913778570856,17.24613746912998,3.7973597990250267
2023-02-27,5.273673553823635,77.60679797317216,6.378718511408904,4.033017631588502
2023-02-28,9.111584941150815,56.4073224131754,1.691845972033493,3.394170534927478
2023-03-01,12.064338543073518,77.47825498777877,2.9168200546034466,6.078849405959591
2023-03-02,9.482633948207164,86.4321767324675,0.4830002023857203,0.5406866105124641
2023-03-03,12.040574075696941,74.06326705191175,7.6648710576856445,5.59432810351403
2023-03-04,16.088442262613974,78.73993221425256,3.470739252426899,5.021544774077499
2023-03-05,15.677301365139447,64.25657123303661,2.4046619357591563,4.335508919224854
2023-03-06,9.129909582489045,76.171587791944,3.85041899621472,2.4356244899190918
2023-03-07,9.67013126282087,82.61747613858992,3.3757930700173517,1.1969893524719288
2023-03-08,6.829866527186836,80.85111117907115,0.3223268265396859,3.1620543425833083
2023-03-09,13.012282584380227,60.78302210717051,1.8154021171821064,7.697052509414906
2023-03-10,9.751051761876552,73.04365461403087,5.155822900062101,1.3800096417775896
2023-03-11,13.416076556809232,73.39669660503819,1.8088165691980564,3.657515981309696
2023-03-12,10.745508033858657,82.52994118988856,8.445440975919896,5.142325878670325
2023-03-13,8.574849516447351,70.60367853304766,0.7184016359796597,3.8039109364930668
2023-03-14,12.096845179821033,64.5733489276425,0.21147486778159097,3.2097652454257966
2023-03-15,14.611153203312107,62.569859091850525,0.09518743316023626,2.9235027092664376
2023-03-16,12.377669493541287,72.06562318347595,0.6555198929496759,5.50026750545666
2023-03-17,12.880060826423412,71.15522905876726,1.9986533588931512,3.2169312881614207
2023-03-18,15.994959662623566,49.5632472716397,1.376876862396303,4.923773546184212
2023-03-19,16.497308109515494,63.32048769424148,0.37742866659689644,6.562899271509228
2023-03-20,13.556468983493746,65.51827649238912,10.564780452532656,1.5602287218391937
2023-03-21,17.900693635731,71.45879273640152,1.7726356493343824,2.246180670338343
2023-03-22,14.459676906407763,66.28314157966959,1.3237235787425288,1.7128241759719112
2023-03-23,10.629437486510504,91.94801148487804,8.119642284900191,3.3648644903720655
2023-03-24,7.97299791156569,90.36918125307523,14.00903399509286,2.3185386165947834
2023-03-25,21.065535423132808,77.51788241828638,0.2968468667976172,5.903999846211226
2023-03-26,18.889883009659304,45.267012231851055,2.9487930421198953,0.6874118236629738
2023-03-27,10.077414306859561,75.95435742245789,0.023352718412491313,3.8976659448842574
2023-03-28,22.822684858313604,58.510978982186415,0.5405422173279195,4.857443599766156
2023-03-29,12.097546497088253,76.60993006502892,1.5060875328328507,3.165587978326289
2023-03-30,20.296642442989377,69.87037201012876,9.305178642823538,6.393305078826152
2023-03-31,14.129231331369706,64.03429296391093,52.692763413252266,6.0504505477020745
2023-04-01,17.26485724983666,67.79565069573658,0.43776634715749463,5.556856680379305
2023-04-02,19.92155556683142,69.82479326766584,2.0917925361420604,6.814280231734584
2023-04-03,21.69885679926619,71.21058992768828,2.2283676578098444,6.204450020216121
2023-04-04,21.19205497077733,88.85249956532644,3.886389511710105,1.9510616517135277
2023-04-05,19.4751952169039,77.5661110829723,5.722300329713677,3.4686942348156724
2023-04-06,14.89148419286858,70.2241550063104,2.2008886776307275,7.078108065005404
2023-04-07,20.59581760903298,68.49576649673035,1.8291622958839362,8.358932329947729
2023-04-08,17.89721906957258,81.49764611853053,0.8151201229336813,5.477549284389308
2023-04-09,16.3351629666468,65.73219262534582,7.380414517727193,7.26186226893509
2023-04-10,18.848166847357447,75.56503072135843,5.423304527102989,7.387057193910071
2023-04-11,18.607225942199424,57.972959063476935,0.44253614975638955,5.249017938876051
2023-04-12,20.930374187593944,47.6049498282666,2.445847344344247,3.8747883136780294
2023-04-13,19.094194903029784,70.59545697728947,2.3887820129873383,6.893711477233855
2023-04-14,22.861524400334375,59.512384784484965,9.690492327902518,4.132201451722071
2023-04-15,22.930311772892132,60.19742283319752,2.3591164066583517,4.290740714567695
2023-04-16,26.26188687475794,53.13389901122255,3.766547993065922,4.04670679514256
2023-04-17,19.6522873802635,76.12416425853142,2.3990156399412967,6.646898172202261
2023-04-18,18.525035305021582,73.083418195929,0.4457272685795326,3.9380496778531606
2023-04-19,22.140296275068867,68.44766766186011,3.533827410042446,3.672369292342502
2023-04-20,21.132864375306944,61.97282127461262,8.692596340848063,5.329244163728674
2023-04-21,23.03603018322393,62.62573828438991,3.345882054383644,10.54658677869788
2023-04-22,22.486310037735407,76.87546191292999,8.225345691870134,7.636944864943432
2023-04-23,22.093351259823585,59.69945161117978,0.6375694107632355,4.605388208842605
2023-04-24,27.517930173070447,63.758350481603415,0.08721821191344503,5.458384832497318
2023-04-25,20.180334228849638,66.24705356896423,3.982986981955354,3.497003359822389
2023-04-26,24.81797455141752,70.6648631353496,2.3446506911410188,7.462964780618566
2023-04-27,23.608749627811402,54.99642516034643,0.2817871105320018,2.0136592892010117
2023-04-28,21.94947077455611,53.35309882234259,1.7246806673840767,3.2259818416907655
2023-04-29,17.80211709148096,68.72205558936749,4.659877365806448,7.589695604889065
2023-04-30,23.65398097043059,60.120686505830754,0.8602107719473944,2.21810689961035
2023-05-01,25.985847433283155,55.21839579473608,7.38741322872786,8.242332045525767
2023-05-02,27.672204720201776,44.34251340786598,7.478306562581427,8.004940221849713
2023-05-03,25.191079239348912,57.172975430913986,6.017857141961523,7.219102750098962
2023-05-04,22.70840940095588,83.15812168524512,10.666086815748766,4.662866324491395
2023-05-05,22.29899129748052,67.49870061257334,6.818212440177682,5.885877895885417
2023-05-06,23.436078172567274,55.63532780113122,8.062158796687182,8.887906555693599
2023-05-07,25.689675836218864,72.21508250876445,6.185321737483404,5.638081427581353
2023-05-08,20.241348582719997,52.16906231260352,7.8576695779982995,5.68190330562238
2023-05-09,26.066776158819305,64.5380930286209,102.64871498906076,5.483344427182388
2023-05-10,28.190893393870425,66.13568505163757,12.627987468594867,4.089086586578125
2023-05-11,26.97947790711153,56.191522054339195,12.163131247405547,3.3328126629706962
2023-05-12,23.41880536590522,49.055760265684455,9.46983611635046,4.554748314181115
2023-05-13,24.65292377808962,46.93107438703737,8.107966543911273,3.6642276170881534
2023-05-14,25.45974382086605,60.34126694962291,6.650889500632021,4.2148145923914395
2023-05-15,25.827902039874285,58.74270275726453,13.094923749913807,6.714237234941168
2023-05-16,28.222131060268218,49.6869893752518,8.477948423856398,8.8017018067877
2023-05-17,26.019481249121363,56.7589467398206,7.553291756686253,5.055383960000459
2023-05-18,22.957361128240066,58.1843501932991,11.164018541600175,2.4197842813248016
2023-05-19,24.41626490104405,44.92940539246934,6.340448588985089,7.304948245436761
2023-05-20,25.006218428510792,28.757491706729763,6.328715413515397,5.733713112113056
2023-05-21,31.905546564590704,77.67432129495896,9.368158269536195,6.3839760673508295
2023-05-22,27.67465876247296,57.22665031135969,6.048446424483878,8.683050839770699
2023-05-23,27.067018842990194,46.72374467218891,10.745485910171062,9.187859180619938
2023-05-24,30.50207248831039,53.87610337110703,11.518955106698787,7.657478431553681
2023-05-25,32.69355816185804,57.81839225690863,6.639085991528589,5.902378859747444
2023-05-26,29.41813836070767,64.98426493224528,8.025261729736386,6.68886589870936
2023-05-27,33.19704429964814,63.20986127097703,6.157104625714792,7.181789511107374
2023-05-28,23.217555838701948,48.53308363265992,43.57163315315716,4.291086656886675
2023-05-29,27.329671106169197,61.54478312695316,6.581422325612957,11.34469534920074
2023-05-30,26.548009782889416,55.11056343222323,6.271515163821656,8.016684689463629
2023-05-31,28.112133238058146,48.143901252210114,19.512282182371976,9.27433848594231
2023-06-01,30.3017580885449,51.764984163830285,7.203134571112729,6.7203929955808075
2023-06-02,27.972822537984797,43.09393016660484,13.50012409474904,7.3162475480211935
2023-06-03,24.971798804690426,53.887299936825755,9.793747445136987,8.172131109724365
2023-06-04,32.015875816557106,40.82341079082005,8.813163037328472,7.640347798980158
2023-06-05,28.347470219077547,49.24157847933385,8.29873734834393,3.5441922585488697
2023-06-06,25.754281902115174,52.96304534457715,6.056707916152707,6.263905471740835
2023-06-07,26.93923320465619,32.80681533171529,7.736198852724415,5.5326679082059576
2023-06-08,31.043988610610832,41.580654098936655,44.27028553836702,8.11852894482923
2023-06-09,29.69015785977625,53.8386140443684,8.353037105061045,9.901036972100929
2023-06-10,29.293590165980657,52.66430709746732,10.31491121876957,5.974394221270845
2023-06-11,31.662466304225912,47.259154147187466,92.66059759912017,10.033934336395275
2023-06-12,34.13682380439072,50.322883002813064,15.182805821746406,8.30577602082256
2023-06-13,31.330694556387897,39.151257558201586,7.788522122915396,7.082762820431512
2023-06-14,30.299008222622206,67.74418914864393,13.904093149880316,3.4720363103835217
2023-06-15,37.43052679118463,49.42277856018442,6.767887719742252,6.886982933243301
2023-06-16,36.35151254449207,53.65797701551505,6.289241105819098,5.198150438536095
2023-06-17,25.369973246783356,38.03854903316284,7.227136821775321,6.508826053713547
2023-06-18,29.225987685403723,46.38236188457295,6.916654428323458,10.215167836186838
2023-06-19,30.854716930507024,41.098466346303574,6.405966508091691,11.651763694038639
2023-06-20,33.69223841981987,56.41925738181232,8.263547380899942,8.349590236472627
2023-06-21,33.08278812632086,50.46897445020481,7.445031045422764,3.4793054409974555
2023-06-22,34.52528032284371,42.126151931043445,7.5971858861410055,8.351378748544388
2023-06-23,29.836842655080062,53.93539121288697,14.736894519727489,10.23374465940137
2023-06-24,38.21461973095017,52.476691968482626,10.405239701662756,12.057645900142607
2023-06-25,32.99261679111421,52.03599670836533,10.894930493144615,4.892778060595986
2023-06-26,29.63955512959108,44.19633473361626,12.927137309841878,4.402579717864987
2023-06-27,30.06099955660535,35.56794451976278,45.24495823305129,9.1861776736079
2023-06-28,33.4951310181995,46.693731565528545,11.841152070596909,6.414192757036991
2023-06-29,28.36780919238886,44.81879770735483,11.020564446929725,7.733371748890777
2023-06-30,31.490781639847626,48.20151295801192,10.130738928582986,6.191735767842177
2023-07-01,33.02071416148975,44.021354093702875,8.933699210409848,2.8511624085316782
2023-07-02,28.568309707332666,43.29252581508849,8.491106726040544,9.04368150862532
2023-07-03,31.50565069495347,40.80277752815899,8.541288526925594,9.270729548861803
2023-07-04,31.464466463208044,33.602804053444224,8.554048128216865,6.915859991105526
2023-07-05,27.157094535804347,20.210644792522462,13.741939933259859,9.109744516988528
2023-07-06,27.871352442807257,61.35924658870271,7.285906186860432,10.16172044539114
2023-07-07,34.62135547092244,51.25475953365749,14.509841446921357,8.703053627891638
2023-07-08,26.623933398134437,49.84958342649219,24.4714279667168,9.644191994287441
2023-07-09,26.818389132120465,32.75562720985242,8.622326257859706,4.072873191674228
2023-07-10,29.47681050094886,52.110960316254655,12.29723920357339,10.206297491286001
2023-07-11,26.227062470687578,35.15094995671613,14.13763298016887,6.417179973593122
2023-07-12,27.778908539583266,37.03088273790735,10.97981469681734,7.586897118547801
2023-07-13,29.81033621182859,28.481176967492406,6.437238833229037,7.055456560537515
2023-07-14,33.7051517520166,40.445823911179176,6.431777463973505,8.477998764631796
2023-07-15,30.816467828212865,47.24572872654588,7.626118834467675,7.905594148575166
2023-07-16,29.656638442522098,27.189342924542103,6.093365415771492,7.378837240456611
2023-07-17,25.040258204734133,47.004985370535294,7.420631315529805,2.829063950884281
2023-07-18,25.886803987033097,24.948824544480487,14.806507530150565,6.571705657542106
2023-07-19,28.278356131681235,35.44187744520639,6.981078466000005,6.587859487441782
2023-07-20,28.316819143116575,59.81306121961757,8.6153424330887,6.208856913220366
2023-07-21,27.08688457998914,30.570745770489395,6.309259952505169,3.190778461963281
2023-07-22,28.14531607064343,39.58063010903753,10.662046413348616,7.0384638947167195
2023-07-23,27.465796958907095,49.94382838957958,9.311562809854077,9.789757710394582
2023-07-24,24.819463590486908,43.156116829777304,14.384789657562134,8.765212287197341
2023-07-25,28.48922901931681,44.84630544771056,6.52787261689067,5.657075033993317
2023-07-26,25.507348007308078,34.43125317063566,8.833642923904074,7.537424537799087
2023-07-27,23.914174183917112,65.13147357256382,6.12313042888103,7.0950512467161335
2023-07-28,25.366482493909107,53.232651978211095,13.317957900329912,8.043974909509117
2023-07-29,24.01867441497182,30.440934742126203,10.383029215275975,5.751693280868729
2023-07-30,25.62944611206906,35.611187784225706,8.504233945438468,6.417220121719653
2023-07-31,31.37954898452915,41.79026653308191,8.700413486540176,9.367915518674806
2023-08-01,25.68305407441086,41.46082294536985,7.4349053327849255,7.18028137330361
2023-08-02,23.111856481367642,43.859071630798766,7.402033753659378,10.407038496536208
2023-08-03,27.436292034782497,37.36089720818726,8.536434121419646,10.214170671760565
2023-08-04,27.49649974089434,23.564941229206653,8.236673804420558,7.379004938959244
2023-08-05,25.88795245778946,51.87942165807592,6.684914919538903,6.077988509743295
2023-08-06,30.661190534825515,30.328028068620377,10.571979797554906,7.282143051431078
2023-08-07,24.721738441456942,38.64369839798061,10.122649716598112,7.42316864081293
2023-08-08,27.50552960035778,31.057933656862016,10.427433681596987,6.827044160277348
2023-08-09,25.84054316620422,24.595174201024882,6.349451930515446,7.716639801398203
2023-08-10,20.703346945577664,43.92866797461305,7.215536867842491,9.351012528675016
2023-08-11,21.363535549800755,44.54536127917157,10.559583085367452,10.046680012370533
2023-08-12,30.286933552815444,40.04333519830428,10.769899899671485,8.308942952372913
2023-08-13,30.934207615476357,49.88708806757103,7.013320619301824,9.847474939418504
2023-08-14,23.466134150367296,50.46501618357054,6.75542059184912,7.769181361890054
2023-08-15,22.390429943892443,33.39082118013214,9.128460462950965,9.588380351646425
2023-08-16,20.094949213346926,38.56745478074574,7.556832569188169,7.045454344181378
2023-08-17,22.749838567498777,59.74108490283773,13.243191230974162,5.700959335434993
2023-08-18,20.815296712035785,37.89444279879758,6.1002648937492285,6.855078674825976
2023-08-19,29.34404152679439,35.92543301722547,6.698982834336011,6.077127638440686
2023-08-20,25.780727701558096,23.04377802524601,7.457590404490695,9.372122596883562
2023-08-21,21.519211851901076,48.87882642052605,7.566965846122407,4.319134735639549
2023-08-22,15.840956354890617,43.73639504438716,6.590193520682096,7.668265144956955
2023-08-23,21.146734231043652,23.698626486922638,10.238280532065069,8.46564010127553
2023-08-24,22.486207345242054,28.098260142766094,9.850362524918047,9.216268508576853
2023-08-25,17.506153392280233,21.735984959258218,6.168904749055166,7.257376162820892
2023-08-26,29.465314884305123,42.07805876442141,9.692587872520733,5.382713775736978
2023-08-27,23.004511623090686,41.455613286135176,6.148528185949653,4.790998281615266
2023-08-28,20.31044975843211,42.584818675298315,7.261522263184807,5.8121480742930824
2023-08-29,19.77052364032013,53.42628964030165,9.040285523482162,8.251529482287951
2023-08-30,21.8460504352767,27.33835763802874,10.75392099122454,7.616749659512184
2023-08-31,19.82416568715876,41.828997244289894,26.423536131997984,6.745467108648105
2023-09-01,15.675014228760288,25.26855443494729,7.400679421422417,6.052685891186207
2023-09-02,16.02806744761978,29.8396957797912,8.515140960621478,5.975298935414694
2023-09-03,20.97600857600828,42.78681927338313,9.35901752587672,6.415474072477441
2023-09-04,19.610837392350987,51.13227999888938,10.152058528022987,6.665226018061892
2023-09-05,20.259458853866946,34.391042042439715,7.702659408553075,5.2655527442914
2023-09-06,13.747167446234215,49.1488317173563,11.338514093520796,6.649573724815365
2023-09-07,13.830276456341096,28.980955195053383,7.910145028221477,4.77691600392865
2023-09-08,18.554003593050794,48.36884944930249,11.003887930824984,10.109812747035381
2023-09-09,17.321924075023823,62.40643612654064,6.492378945102653,6.101437696607199
2023-09-10,15.581711204293349,34.96042377638721,13.397694700490893,5.945303264217308
2023-09-11,19.720933855578917,46.72471182253156,11.058034048492885,4.178253542987873
2023-09-12,15.064637156157081,46.511783001746245,7.232567818454731,6.9514202941964
2023-09-13,16.60151748347739,52.96537238968831,15.271957225530649,6.47199605979733
2023-09-14,17.422401838277175,41.42770807688651,15.28920245494967,9.693161631978633
2023-09-15,13.816210859174923,51.276059643809965,9.026507402948509,9.763682695638312
2023-09-16,10.764677695636637,37.80846573030307,14.691818037026238,4.559178192233228
2023-09-17,16.530450983384466,50.03411630611304,8.314991884682094,8.163779307253881
2023-09-18,16.402664946202222,53.953488170858726,6.003129511191684,4.386857292169092
2023-09-19,18.671520703684923,52.454639532622636,8.742501545824535,4.290244674565931
2023-09-20,17.652991509619717,56.63634774014446,10.746177333930543,6.697474745679435
2023-09-21,15.381095633020289,58.808197098667364,20.771838464040783,9.274798533706921
2023-09-22,15.032870160559984,38.312136755178244,6.832541866560646,7.924523833802418
2023-09-23,12.39485910368817,51.3413754182138,13.36147625321071,7.8469868168056145
2023-09-24,14.360308817604006,27.752742292249557,6.333121938451777,7.027611310441289
2023-09-25,20.099667659958214,44.446418753360035,8.872140520347326,6.834806493188413
2023-09-26,8.81219633051754,41.618561985828045,9.487561058209073,8.938975576769616
2023-09-27,15.61194443178553,56.2673126406526,0.5395578909464951,3.182332016397191
2023-09-28,13.29323752932737,43.805601296246785,4.2085024118423835,3.662059656253774
2023-09-29,18.213628766844458,47.30629112820391,1.2760453675137633,5.126734016834744
2023-09-30,12.309970390736863,71.05477780467314,4.443487190043085,3.7386020550690144
2023-10-01,12.555875091497626,50.6301962416395,58.41429327351383,1.876964325911318
2023-10-02,19.30525759332543,35.745096223589236,4.424601806695826,6.902245460330798
2023-10-03,17.555853504424245,51.390364022777504,1.7986395142255724,9.327769504763681
2023-10-04,9.10862776058036,39.81493521678607,1.3662983833619062,6.429534964574164
2023-10-05,7.259161573973782,52.40048198355629,0.4899155673565909,4.322762302212742
2023-10-06,12.877337379602679,68.14763143582203,1.593305024462968,4.569492461173791
2023-10-07,16.618972842532106,45.86559634277411,4.293604306528301,5.946324275811593
2023-10-08,12.638445232104035,30.684638704879113,3.6377875932930124,7.073162002126267
2023-10-09,9.17124848444144,41.32674855684564,12.79095503418501,3.6426962519585597
2023-10-10,7.285955942199599,47.9071488117406,2.3832481148692484,5.094090815585702
2023-10-11,11.654980742048515,53.41833452966176,4.565607695929277,3.881715419975855
2023-10-12,8.041872895800026,56.60105014786827,2.2947497645104047,4.938869778189686
2023-10-13,10.28995731075222,64.84316596608127,0.5362491538813146,5.694143795213043
2023-10-14,7.338376505495463,63.64021921843593,3.3026512541361015,5.551352828157795
2023-10-15,5.642261005821498,55.19889889518067,1.0441382724021633,2.5426757975377843
2023-10-16,8.568349870138746,39.071436629340695,1.3446742249270467,7.019179145779952
2023-10-17,8.477407725669591,68.13100494542856,0.9856886622719427,6.568672875728147
2023-10-18,8.545563518620934,70.13302397665095,1.604878530552028,9.960076314504773
2023-10-19,11.502505982604747,56.02318325216403,0.8500556938022368,3.482493885987875
2023-10-20,6.9815137166447405,57.572014680328046,0.8681562104522373,6.234418810806114
2023-10-21,8.501791383407115,43.99987455397776,0.6562478024386262,5.662313251270287
2023-10-22,7.9525154687558155,57.96090968592524,7.992666205007929,3.5318760611072464
2023-10-23,3.0069542693993068,53.16656577906045,6.6905845068041,4.3345897256899315
2023-10-24,9.719687239963754,82.01151309148058,6.778028820676166,6.968102279792494
2023-10-25,6.825735234273063,60.09894363912166,5.035619685764979,1.1800271214196831
2023-10-26,4.94073819415674,55.69172113634117,2.259746026232712,7.481085127879812
2023-10-27,6.850442788209536,54.69582669765784,4.719896673527466,1.57691548869736
2023-10-28,3.3060675159471646,73.960767486143,3.004816910221285,6.661116779688238
2023-10-29,11.08768864674727,57.90189825552057,3.7396089404416673,1.088405396344081
2023-10-30,5.131597256991244,48.17337260109477,2.636352516555597,4.7551614146167696
2023-10-31,5.044252880927975,62.49330111885182,0.7592285639623069,4.0640758654206515
2023-11-01,-4.624249626189579,63.12801587550714,4.649659172578384,3.8032877008425388
2023-11-02,4.252732429714109,67.59386626381976,1.9064182120386999,1.7951712625099145
2023-11-03,4.97928550869931,56.225066371780436,0.3859783069904035,0.7509626526487128
2023-11-04,0.5276099905578064,58.83087750412163,89.70931131594101,0.6345913793552422
2023-11-05,6.3392713209871925,48.127000955883794,1.5442073960098366,4.480238490871288
2023-11-06,6.94374237671088,72.79508353243449,5.761088894140477,3.0917110527807017
2023-11-07,3.728528149450227,50.65093037366486,6.132069370849104,3.16898036112272
2023-11-08,4.3388313003189936,63.93326131660066,0.5643266490514622,4.544183035894559
2023-11-09,0.9247392950861659,56.0144850795361,9.129454430104404,3.695504560622656
2023-11-10,8.062009720420498,57.40910890637218,3.8203521287096356,2.2536560921483337
2023-11-11,3.24594386152676,63.91197926840014,0.20498563007515402,1.5638003673610945
2023-11-12,-1.6059477486997462,56.77513760259041,2.5554244515809144,0.8062615523143166
2023-11-13,2.7688307088211013,68.99846367776298,4.228937566962047,2.49050819223553
2023-11-14,0.08647388015961299,53.90718392085374,4.182473190121501,4.097239282603318
2023-11-15,-1.7817571653696787,89.61776892142517,1.3103270527994253,2.086542030260478
2023-11-16,-0.34468770721944786,76.1476208173333,1.608274067247271,6.551082753194304
2023-11-17,5.275471330904835,62.90780012169725,0.08122621370916239,1.677517048222346
2023-11-18,3.40808475264086,62.18626214318329,0.9680885894752427,4.898298254251504
2023-11-19,6.494761639973664,64.91511190279876,6.295356963892287,4.520708388589332
2023-11-20,-2.097539702827003,58.473018530519056,16.51248837440212,3.6941705361642994
2023-11-21,3.991769048864656,82.70951530261621,1.5203350518890941,0.0
2023-11-22,3.0543085263570013,63.11546469930398,0.6043483550701136,6.966535493798708
2023-11-23,-0.5690791344057908,60.857223483531214,14.177126566862523,5.51023583887029
2023-11-24,1.9546548206052705,61.13582219139595,1.3911956916299886,3.117329973212118
2023-11-25,5.678005365873869,73.35813042508696,5.458355378935288,4.302533831591341
2023-11-26,2.9892792353412645,66.73154688957538,0.6005767312672505,5.123296008320796
2023-11-27,-0.385576161878898,61.81809086178623,2.4719146658508846,2.9147588452962294
2023-11-28,3.417187862115541,83.76439933921819,47.155409853567846,3.1042796816942704
2023-11-29,-2.1907936046139893,74.29927325388527,1.073005655120364,5.12205991896205
2023-11-30,-0.8197428911394853,90.82389537869149,0.6939922769824003,1.0574801445524054
2023-12-01,2.7243132655275852,76.09410192472433,1.4132843259792383,4.170165518881429
2023-12-02,-0.448478494924043,57.77325793780878,5.148491522580862,2.661985323043939
2023-12-03,2.9100454654210424,60.47975832432192,0.2062697080544993,3.0185571212064106
2023-12-04,-3.4235828411572076,59.00761469942123,2.127631855271927,0.6063633435574174
2023-12-05,-1.8716383098781764,68.4011321863328,7.800581786495327,0.6774519474207135
2023-12-06,1.9055850548599973,64.77002653317791,1.0211047416696868,1.3428060207950019
2023-12-07,1.920146664096722,71.31722372600456,3.5405545601418424,0.0
2023-12-08,-1.366735324115714,92.35258983356307,0.2681144238086004,3.8725912845414485
2023-12-09,6.156945446049673,73.8159090356919,0.8014441009393036,0.0
2023-12-10,1.5741878638358309,61.72414737042408,10.181385065384465,1.537753671052691
2023-12-11,0.12224168504394718,76.5356335553471,1.622377700461668,1.3811122636895368
2023-12-12,1.2724854375270471,69.43209625969934,0.41158835925204373,0.0
2023-12-13,-1.2665462384462227,71.17154038912432,0.49532022562540945,0.9080929223958585
2023-12-14,-0.21885646220122912,67.7055454922976,2.1475103657899774,2.4615810516873866
2023-12-15,2.8354533342411483,69.81039078237455,0.32249770034842395,4.398033441803972
2023-12-16,-0.34744390041839224,67.39379507357334,1.211660876281793,3.3937041695630783
2023-12-17,5.399281999261013,71.04118596617977,3.9378684798100787,0.995006482604196
2023-12-18,1.9105007907906808,93.75112212609554,1.0894103055888706,3.2228437710568443
2023-12-19,0.07526245627901612,69.94978299751737,92.74382807863122,5.330212823913639
2023-12-20,-5.697836058467394,78.45834142959558,5.033635568748489,1.2965157400493763
2023-12-21,-4.168023481438631,100.0,14.901820204061611,0.5561575972552886
2023-12-22,-4.139181421349959,96.91743831778477,1.012705545296681,5.954177155070956
2023-12-23,-0.6393643146406592,87.68867373443585,0.8899484487307872,7.363266983005724
2023-12-24,-4.2566663799261075,82.57646083424666,1.4304709414236099,0.9215563484131368
2023-12-25,3.0675473851473183,81.6877998521288,2.4159383534577437,2.3295881237051552
2023-12-26,-2.497579728480757,83.52884774549612,4.4862632909157885,0.0
2023-12-27,2.7814480800610912,92.26643399049416,2.416194975204304,5.858403481360478
2023-12-28,-1.6610696002249699,63.82865853473023,4.54468333816385,3.6611390435366413
2023-12-29,-0.1222486632748474,67.33159106970712,2.034801205163877,4.302544515206282
2023-12-30,2.1960702370268055,71.33545293879202,4.668822276838719,0.0
2023-12-31,3.4526883737731886,79.78020198247697,0.4316782516523743,1.9888844278233195
2024-01-01,0.009022075549022457,67.13798817662683,2.6975002675719004,3.898416787008323
2024-01-02,-0.4017959173142829,75.73361019439066,1.1118447945480603,5.196720999208633
2024-01-03,2.2264824770456233,78.3586617727348,1.563824495685481,2.5666437698181026
2024-01-04,-1.6505241568000564,90.93305205354989,6.586616392858673,3.5561003320790556
2024-01-05,-2.618392344873223,60.18544029403689,2.1832881956701016,0.0
2024-01-06,0.32332307012191375,68.19922453541098,7.663197384579885,1.1549272963950572
2024-01-07,3.916498347648237,83.4576609686105,6.24849196264749,3.678110459399396
2024-01-08,0.5714628401616441,80.43225844895186,2.2299915462329,2.795684228865784
2024-01-09,-1.4733781652969267,91.32023964744172,2.7300444344958255,2.833616250766335
2024-01-10,0.9823983424460889,99.22634382265765,5.625964147641313,4.377322353262971
2024-01-11,-1.4665492053879006,93.27994321836773,1.0677608610379772,3.3474564452534135
2024-01-12,5.706289041336966,83.3448852034393,2.5155076196070443,1.8342075552048434
2024-01-13,1.3650207173415165,80.16019859317124,0.3265129141640575,1.136170727148827
2024-01-14,0.15981633217368385,65.0829619727826,2.7687927307745976,0.44251077898981483
2024-01-15,-1.6379309539533682,78.74419398211572,0.9214872819057445,0.0
2024-01-16,2.3600305933223638,100.0,1.7490383929535671,5.291208862085565
2024-01-17,2.5572598695624382,80.78309648715637,0.6737077637084061,0.0
2024-01-18,-2.031026935406542,74.46665642650139,1.5781427194234885,5.074212936694192
2024-01-19,-0.9835055693338286,70.09453821489456,3.892517658153441,3.5121974178651376
2024-01-20,3.83617124936895,60.644396574233184,3.7652223928642083,1.9182043126368948
2024-01-21,4.940116247866734,77.36245354166876,8.534954551259233,1.108315201640999
2024-01-22,8.225487318611652,75.02315580474836,2.996281625901723,1.5734722735836724
2024-01-23,-0.11525107586990258,69.24060314324653,0.5701695232912134,0.0
2024-01-24,1.6453243429461522,78.37008459076601,0.05039293841293224,4.805718555049995
2024-01-25,5.470416754384455,70.27882214322294,7.444907707739036,0.0
2024-01-26,8.964821093178863,100.0,3.844114930599881,2.325217082591756
2024-01-27,8.184402595352491,90.97549526475254,3.4783685327320013,0.06066197373187521
2024-01-28,1.7827452234651089,81.82872766724478,3.5913916365645253,3.52303164392249
2024-01-29,5.675142762553764,71.41245429491312,0.7752438286005443,6.618499848842189
2024-01-30,8.257526669002843,88.33696195388399,1.7843063678394557,1.6931695563116915
2024-01-31,10.309759645666846,81.0428769691764,0.37689463915633326,3.062218852710151
2024-02-01,5.703783429339675,76.89554202664493,3.274996215958587,1.7143401268173588
2024-02-02,3.700476042132349,79.16415734593605,2.8299293440525233,1.4214997378483873
2024-02-03,3.849228457781742,65.4421248043914,0.6261068945059267,3.0405102390406773
2024-02-04,-1.5635738405462263,87.08455806127411,4.270636462425309,3.2260308873737595
2024-02-05,-2.026066524532867,64.4141524815188,3.056213002863643,3.759654475342038
2024-02-06,3.8522060879059645,77.50214562614036,0.637736341163055,4.118904500767894
2024-02-07,10.896761755257595,84.77547203866719,4.231755183547454,0.9143321641253981
2024-02-08,8.313071166618826,93.17856579901749,7.250694095440075,2.1684861395498025
2024-02-09,2.3941782175718203,84.64722836721062,2.0676068785229837,2.267142464889565
2024-02-10,4.145090031725545,75.51096295982545,7.4393098454842175,0.46975864000183853
2024-02-11,-1.420420475605777,84.53693130592951,1.94491681693653,3.107742450160322
2024-02-12,9.4250581621778,77.24400834724968,1.8722931432376582,0.0
2024-02-13,9.19284696483279,88.56464922453266,1.185107440957517,2.62475827475921
2024-02-14,3.957965908289639,60.425798475571376,3.0410099330835214,0.0
2024-02-15,6.063251891809427,79.52670413522955,1.330222235301231,4.643972640977569
2024-02-16,8.438494643022839,70.0480903640874,1.7555399359711163,3.3297066976409413
2024-02-17,7.982959547959407,80.16458335909937,0.27976598604760516,3.821087145669604
2024-02-18,4.557939369148844,80.48125571376889,0.8345379333499636,3.4702880445832642
2024-02-19,13.371537838642535,74.5083791199882,3.996116748239219,1.658726869019608
2024-02-20,9.519869945302473,74.76115821329456,1.6063766336212195,5.839055325648337
2024-02-21,3.4387880523195378,76.46141044103972,0.12515848871110924,1.8416214389868564
2024-02-22,10.25435271461318,75.69319031168251,5.090983108309624,2.858132343994777
2024-02-23,8.898222273438464,93.51444154603274,1.6535746804826799,4.144316826071671
2024-02-24,3.683413011086034,88.83758217923607,2.134031700021392,1.0404894728697827
2024-02-25,12.054849314396566,79.75825599407666,1.324449103123401,0.42869283449468076
2024-02-26,7.168476691231676,78.14806177850247,3.5415996740177054,4.457772156777107
2024-02-27,10.129966840626356,73.8570063565766,0.7403097969125056,2.10166106981616
2024-02-28,8.371531948027581,69.62679645237625,0.4978291395243719,0.5725023950891188
2024-02-29,13.846058993734369,67.33126830039907,5.326308608099604,3.110324325855531
2024-03-01,12.212262868063668,64.94840763231053,4.857580340061547,5.3816412026820135
2024-03-02,6.9161451967154814,72.45269776281312,10.617445395696269,4.719846924950696
2024-03-03,12.993698273630162,79.25780499810823,2.602800442474072,3.359749611147786
2024-03-04,17.43929886289148,68.91335715205665,1.2933380858528025,0.9553052814460798
2024-03-05,9.00603133446822,84.19221578497827,0.25607651013249777,0.0
2024-03-06,15.999138495130987,83.11384291501189,9.486612878549556,3.0522533516426127
2024-03-07,14.43680706699416,73.01650783484374,1.3700052059089751,7.663069068567257
2024-03-08,15.934944400038711,78.90063725257764,4.873390016908944,3.8419143978021593
2024-03-09,14.74796253976356,63.96353345265936,2.751474329443381,1.4719659096905264
2024-03-10,10.971972714606833,55.07230729389954,5.387744550002638,3.4510305798384837
2024-03-11,14.923442300417316,71.66509440533945,3.9087649963255586,5.493294155569268
2024-03-12,8.157945214589773,80.44130686639559,0.35990074785846016,0.6318013588490885
2024-03-13,15.19179205828901,92.40898074919991,2.807256190452917,0.0
2024-03-14,15.52728830894206,67.64389269767594,5.393277619773531,7.1938723002145615
2024-03-15,17.342597565166326,89.8321716682932,13.807758258907414,0.33188914217209575
2024-03-16,17.661655238147315,53.385366233415155,1.8855886684120966,2.704961633469294
2024-03-17,13.218013591523722,68.16705545761306,0.1198718913792951,2.5345290347724365
2024-03-18,10.929142288579307,63.759478501280554,0.03567597561694846,4.632355932344925
2024-03-19,12.745144982273509,87.45139416688187,3.3112123601153858,6.323967389977895
2024-03-20,7.717283815826722,69.0252293082176,7.4777354545017936,5.89351403319703
2024-03-21,15.965272594125878,71.38695296071262,85.62746299412109,5.262849293859427
2024-03-22,11.732154544407809,87.72824511646859,1.899080570102969,6.08687117670616
2024-03-23,12.776737881807325,68.48700265124698,2.841646049094857,3.287385292797045
2024-03-24,16.87315624025568,78.94630365688482,2.6864037976019723,5.382842558782702
2024-03-25,10.662605959887536,80.63771594546306,10.213177657805014,6.24806631382176
2024-03-26,12.025933066715904,73.66149060263675,2.729812239985722,7.568137534895998
2024-03-27,19.11880282779527,68.20593444618846,2.568287619593981,1.3529981974883118
2024-03-28,15.568540121399177,62.549055767175524,5.910153009737099,4.920073219436304
2024-03-29,18.184177571819546,36.386185381636764,0.4392018453586801,4.254410532143109
2024-03-30,17.755522499990295,84.6194001659556,0.9395757197898384,8.598758996635844
2024-03-31,19.30290009568305,64.1433142861614,0.4669848772833869,6.015970348739277
2024-04-01,20.095637135997592,76.12055095090227,1.4337579935198068,5.149189750693537
2024-04-02,18.212425243529587,78.87586349341285,0.3094560114065996,6.704157680386734
2024-04-03,18.392434244119272,77.56338221914037,7.353876080926618,6.639617060416143
2024-04-04,14.198109475034734,61.364282167823205,2.297308740716847,1.1012177573928503
2024-04-05,21.66583596441749,67.55501066067573,0.6316619377894934,5.875644096151573
2024-04-06,18.72166969685889,75.32083755729192,1.7366445797696355,3.5034501594888567
2024-04-07,16.54104999028645,59.12968775492716,0.1828446468603251,6.455383868501787
2024-04-08,23.01763022700723,57.453440926924614,0.31852240910569174,3.3176659433507014
2024-04-09,21.17879277248951,63.70705889694709,1.32632319546338,1.2319732697550245
2024-04-10,19.037842798062034,55.7648604424628,1.544611931421163,7.119638875317808
2024-04-11,26.49449344789069,66.25390023215435,6.130726090370237,5.827465988022071
2024-04-12,19.37683488170301,71.47931707628157,3.744245619180406,7.321589017814619
2024-04-13,17.600949306870547,69.64221089973873,0.8261290805384172,4.85069238227325
2024-04-14,16.14370530767981,62.54904352333775,4.087848748949282,4.490031663486756
2024-04-15,20.340579983451367,53.71244195683743,1.3295006840502603,7.915750044447764
2024-04-16,22.230431554371535,69.87106329396273,58.09242346090039,8.332809569451552
2024-04-17,17.570820909618533,59.74309537770952,1.4211996538379594,8.262458936871637
2024-04-18,23.84031979238254,69.87216950237043,5.788616247366221,5.390691794074146
2024-04-19,27.25236485065549,56.29102427955162,2.062219697781951,4.785442826768262
2024-04-20,23.957579593675383,67.45085769376716,5.19047459356475,3.897367569491039
2024-04-21,22.799149210375354,59.79112214718106,0.9032011131378059,5.476898427979364
2024-04-22,28.24986996301276,65.58069485467674,1.4204624466486022,4.163536004617507
2024-04-23,20.568360558678542,45.95888762097658,0.5811348708473947,9.646182266276494
2024-04-24,28.630196328867306,69.20785791162461,2.1442824473920084,7.2226572859918505
2024-04-25,23.584704433204887,69.89440092526308,0.030517271089178344,5.086322287308505
2024-04-26,21.919247938042176,57.05059943910392,1.6320803170940081,5.334554933852441
2024-04-27,28.783789279832888,67.2290812608287,3.659748225295104,8.548327714261
2024-04-28,22.925341434567223,66.63823797542655,2.3470227322846533,8.810624420807855
2024-04-29,25.05144819865106,66.14108754879673,4.065063164863817,5.895581096635653
2024-04-30,27.73444277413016,60.78758060556042,7.367026048435566,5.580590698714168
2024-05-01,29.46444096724577,71.41978748972596,6.105649756103995,4.805807235655676
2024-05-02,19.53064894897617,50.90960550811061,9.346661609876447,1.7174798584463478
2024-05-03,21.743563168223616,41.34405833469634,10.871622186711782,6.385506903308661
2024-05-04,29.64236575268322,70.05001316136915,6.510830183785355,5.17070006333425
2024-05-05,27.15671444895335,53.92441778758573,6.627963854180273,5.933618143717914
2024-05-06,27.270859218667766,73.09840703771468,7.894347223532829,4.7684448791553375
2024-05-07,25.37776461326453,60.59936551831215,6.682083813650184,4.2386660225716115
2024-05-08,27.80123275006371,53.091113798997156,7.078306493939177,2.700019762255897
2024-05-09,25.17118048856151,51.920969325171306,7.941017073864554,5.871284852312139
2024-05-10,23.313422056885887,78.32745491660287,11.233296885195784,5.012191256227917
2024-05-11,26.491868140326197,65.86727240091383,63.76073954700238,8.775788496604932
2024-05-12,23.586805604667422,52.64566613601605,6.028185832500794,9.795360614285734
2024-05-13,25.794452699498684,52.277282198765754,6.295218352892055,7.6908855238372285
2024-05-14,27.352008962256136,60.54326356451226,7.01285085459058,6.22239558267356
2024-05-15,23.470806743294798,68.73057214225042,7.264249489924712,10.401160775443763
2024-05-16,35.893630044890386,57.32716513737918,6.479535090340905,5.996054790593061
2024-05-17,25.38201069232982,40.148811631426376,6.324135650566873,7.623880203467556
2024-05-18,24.903923995040557,34.08890332451722,6.212531694226643,3.802788444806461
2024-05-19,28.266314321836333,65.36042655181068,10.482513462679432,5.843223942441909
2024-05-20,28.57383008369678,52.27189398859914,7.250235405540835,4.50017179687223
2024-05-21,31.024056495379483,53.707828734953914,6.091825913859875,7.6908216187789336
2024-05-22,27.265176103995113,55.99081475731991,8.623663833964908,8.33463044964236
2024-05-23,26.52086369115088,62.88266157940937,7.829192412099545,8.994734569888935
2024-05-24,26.452670617929428,72.2401833283796,14.528746695687481,7.078643571431379
2024-05-25,28.782853067896884,41.31748229640522,6.2303990712529735,4.284649679188871
2024-05-26,26.03577886513734,38.97848089883164,97.77650218571094,10.981254687644405
2024-05-27,22.94270317865109,32.546713039515616,6.9070096017576805,5.516124505174863
2024-05-28,31.53184686703414,39.60354681126562,17.938710257334815,8.218481349749313
2024-05-29,29.612134569217435,69.64449387491456,7.199439818929985,5.812563226143123
2024-05-30,31.470171571050223,50.65370274396484,18.831819340918237,9.666994151891618
2024-05-31,30.306537599389145,52.8904711691737,7.057714696392679,11.148863885784225
2024-06-01,30.21680657308129,40.525237580447616,8.031911373483256,8.76895936631473
2024-06-02,26.556013959731956,46.86246738761129,6.069363776013567,6.194156848734387
2024-06-03,33.96036101683643,45.881354621318295,7.717237451245856,5.454150242748813
2024-06-04,34.78989914297483,50.25476747324535,25.115933992032858,6.42583339170719
2024-06-05,29.521173802547388,44.61595397073046,13.250662946247376,7.395293316048709
2024-06-06,24.880681364577967,47.97156934617409,8.98981509563255,4.640343673427192
2024-06-07,26.170841017726374,49.21121328651767,9.90343189244042,7.154229789865399
2024-06-08,24.14808722290144,79.29281007655015,7.2598145700979995,3.512375549888181
2024-06-09,29.5450999879491,50.70133527025466,6.466905204501323,9.662829188174186
2024-06-10,25.241073090848435,43.86880542722508,10.37150747334926,5.131091114514142
2024-06-11,25.64781459711451,41.10414176108242,8.106813153728744,6.240349851589064
2024-06-12,32.25904504553909,52.86874617895114,6.312308452023036,6.561124880948681
2024-06-13,33.42745652705669,40.58016928151121,7.087994853589139,8.144770274427481
2024-06-14,29.444924264536564,47.18898128692662,6.38322849531165,7.644313344522461
2024-06-15,32.947233728580294,65.9053172327819,6.785899129008106,3.241947093990375
2024-06-16,32.443156907210025,50.506336130325224,9.923205978113435,3.3037173048179946
2024-06-17,29.100092658348593,46.02266167355672,8.009700915299824,8.698514105086073
2024-06-18,24.73676320115623,40.020584412868594,8.098064196125792,9.013958265858248
2024-06-19,25.932084956906685,42.574247155496124,9.54211846807073,4.152552992528338
2024-06-20,27.653152515203267,60.482967451904216,10.18273475128905,6.292564865632638
2024-06-21,31.260505958596365,30.439287616602016,6.896590348896272,10.320063318276599
2024-06-22,31.699355795791103,28.859449834550755,7.48664057424895,6.564577790429526
2024-06-23,33.294911338279945,25.172460943658642,9.917832070832539,8.79259212031272
2024-06-24,31.35460984222717,39.249628944469684,6.79368543880903,9.020672045127856
2024-06-25,28.426011840280527,27.557951011155083,7.512521544357195,7.344457622098122
2024-06-26,37.75838410386305,38.522920095818236,10.666741280067551,3.779771657379575
2024-06-27,30.07088228011417,60.87862404960033,6.625459713849892,8.074973935592354
2024-06-28,26.512992129677173,49.4306189806682,8.957052937443828,7.635107084858705
2024-06-29,32.53931899122691,45.111080771520164,6.8284747701768485,5.6681360393042715
2024-06-30,25.967371220871108,52.00057740761818,6.923812374324223,7.301011322792758
2024-07-01,31.309602587954682,40.3702314624419,7.52593385100511,6.797089868436787
2024-07-02,30.97933498258057,50.80722331299325,6.226542024476103,6.668636409010225
2024-07-03,29.614233785963904,38.4440262680507,11.181531421905675,9.07514111260156
2024-07-04,33.48200342658278,40.34142729671944,18.059777555134332,6.569535304936224
2024-07-05,29.69505453511641,20.0,6.280245863864968,8.444444462574928
2024-07-06,25.274465902547057,45.43870662845323,6.3331719350805535,8.507860985984223
2024-07-07,32.48799465183989,46.20922003780648,53.71699953718513,11.065569663709553
2024-07-08,32.616564354086506,26.87391844845913,12.10556633274838,6.87654968145553
2024-07-09,25.17495739722587,26.84661982444453,6.530784080932904,6.690878295588386
2024-07-10,23.74823831848088,45.42880428773071,6.1606775262910745,6.242896270211058
2024-07-11,29.222609692941205,45.93235429825317,12.740788015149315,9.464962904445384
2024-07-12,31.643340761750537,64.0040744925134,10.816648361030142,5.558743376750589
2024-07-13,23.603671798970744,35.581182417822895,9.976504094432883,11.073965419816847
2024-07-14,27.02659110904186,45.46707723465287,12.152955973208414,10.747987219192657
2024-07-15,28.178379072625486,46.374796773926114,11.927699086011309,4.666068194465604
2024-07-16,31.101157233363036,53.79833966256029,6.476426905201093,7.881164677727044
2024-07-17,28.934315077088865,48.35383516509978,9.940440744883976,10.169315160402828
2024-07-18,22.206709874504156,34.33158329640034,6.454434752030918,6.531701028002342
2024-07-19,19.361744845387033,40.802002577059056,8.317153311518961,10.206554828025872
2024-07-20,24.775000101032518,20.0,9.861538663190728,10.76847288726288
2024-07-21,27.057159265010487,41.73699240003994,8.194627362608255,9.194548363682983
2024-07-22,21.07995961861262,29.816209794615474,7.9604226909021705,7.728879267834276
2024-07-23,27.02644798048057,43.39839032484547,8.58213022269182,8.035544304247702
2024-07-24,36.91176529299254,43.29837536535933,10.175254022147353,5.214359205504535
2024-07-25,26.55789839568382,42.31205254577973,6.582792080922346,8.42646275539495
2024-07-26,24.70784319176325,37.61093130287561,6.148485931934449,5.244700846420656
2024-07-27,29.189204757525978,20.984435652650035,13.264573907555139,10.469292470750519
2024-07-28,26.385795256352537,48.18303863216451,7.724610267929087,8.794959485339206
2024-07-29,25.09492604613215,35.225933645646975,6.914756489442675,5.59080333615499
2024-07-30,25.66602552787854,35.23516290753274,7.4671569717977135,6.837907333512039
2024-07-31,20.734645778944667,50.94472530923756,16.837455544673617,10.976483440354624
2024-08-01,36.22636803806054,50.57644222984635,6.833059259596094,8.54109220116023
2024-08-02,27.95259233426642,36.99280774464395,14.07229927441496,8.701478714187296
2024-08-03,26.157327739721453,38.726064207577146,6.708172328435284,10.455761023715986
2024-08-04,26.357103605865113,39.42317959931986,7.069708326551368,10.055738584977519
2024-08-05,30.181242303205934,23.434797665603725,6.664364146490227,7.737639853584986
2024-08-06,25.610428760237017,57.83430595345352,7.9178031772510575,6.3023753148476525
2024-08-07,24.873245818247586,38.43376384729768,13.198075521773488,6.001201268620213
2024-08-08,24.196555735498038,36.15870330184331,7.942849764316197,4.678403940653601
2024-08-09,26.507809351308257,36.3069720314425,7.308497118336886,9.876328430014985
2024-08-10,29.713477672810377,32.601847456923444,6.683904197892337,4.534392248059615
2024-08-11,23.525130268287345,36.82093981515287,10.443268511532716,8.2320214790744
2024-08-12,23.978490666685722,44.83079946829512,6.13339466421659,10.16244960297353
2024-08-13,22.52281974527307,39.73177137710404,9.640739274904309,7.930704378003377
2024-08-14,24.945842051013404,42.05958301173347,8.794654717306571,9.625168253497188
2024-08-15,22.739838203953504,49.86744100605945,6.505585545572783,8.365929720655366
2024-08-16,22.630691265359346,41.83383832154257,6.959136777256621,4.832598047543312
2024-08-17,23.433766931943442,39.98292881478751,8.327742089039809,4.112401763715974
2024-08-18,20.135880272876093,32.84674569753608,6.804997162845801,11.686184165356899
2024-08-19,23.461581320884445,37.9899544559907,12.75292388277923,6.278025269505013
2024-08-20,26.36544844946158,46.27355804178357,10.253285497113836,7.21359205871808
2024-08-21,22.40811559969647,41.31199115310767,6.784444366346419,8.303648208289664
2024-08-22,24.736626110786716,38.187972943931676,7.676156211539453,10.59345922342286
2024-08-23,20.569048771382143,34.814050698818825,6.105087665060166,7.552791806728052
2024-08-24,22.253605686939572,35.37119245042216,6.202383985579916,7.051886126060524
2024-08-25,21.218739690545657,33.64846811039053,7.300010263926964,6.155281747010463
2024-08-26,19.510767919420203,44.83353663233539,8.223045076500451,7.072388078251001
2024-08-27,19.69809212341641,24.25486260145316,9.696258171927711,2.261615499481092
2024-08-28,18.259987879748245,41.43633189211216,8.716521653157029,6.5418930724328614
2024-08-29,16.98734790623938,29.190303650603603,6.6501877154934,10.133222746637482
2024-08-30,14.35880773202243,36.58840652020283,10.006685247563702,9.86215617086732
2024-08-31,22.805787907164323,41.48818131130332,9.117371962339721,5.001125461786147
2024-09-01,14.998626686667293,40.23938729259211,7.1325093947717555,9.20473281027672
2024-09-02,22.65778699976081,63.52542261907173,6.609066988698771,7.897880536450735
2024-09-03,21.223312710788235,31.461570240134677,14.23744108252097,7.826631154615251
2024-09-04,18.2204946036939,49.484287764492265,11.559759773723782,9.4283882462118
2024-09-05,19.354425168194094,38.93622538775821,10.40567476253731,5.239513074383596
2024-09-06,16.267791688985067,49.24807628891315,9.394598025609467,6.398932736186833
2024-09-07,12.297905536394083,34.391250680264044,11.043136931394706,5.369815205159998
2024-09-08,13.622389704547235,45.55816796151985,8.915771303395891,7.835153768064333
2024-09-09,20.303377927018676,62.59184528005727,7.293595719828781,4.610029248158293
2024-09-10,14.39063953800536,59.859350791355496,7.7563601702878096,6.636312482481952
2024-09-11,13.398982499446177,72.9662395970443,13.159184425957141,7.231052417320675
2024-09-12,16.735579889672653,45.16922946895827,8.63777572155873,5.2925016184957245
2024-09-13,17.92715747634942,42.92731129972807,7.840041313334488,9.368099414163716
2024-09-14,18.940755336780814,54.0793983548048,13.038755653721484,7.45047702875374
2024-09-15,16.846695129687212,27.403296239645144,9.24273183050661,7.769385274302743
2024-09-16,18.705487760831936,56.98203950156906,6.298529368566163,8.692794092522448
2024-09-17,14.119910973926943,51.37106067458713,10.648924579074217,5.862069933359577
2024-09-18,19.755448614383695,54.23191478173423,8.116300300183,3.6986544339390455
2024-09-19,11.457179371274814,65.18822608654028,8.062057814640939,7.071145951955867
2024-09-20,15.292811914206457,49.74165250919649,9.2184388341595,5.479803324301433
2024-09-21,15.69451142769526,58.29505759212206,8.06400850313029,1.371656397805637
2024-09-22,11.579091501109257,50.323894488243845,6.858767192317888,6.865362885582587
2024-09-23,13.689043233562842,47.520654958466686,7.490361409966754,6.496442321730685
2024-09-24,15.118495725085536,56.543181600809476,7.644203755973914,3.274429372474378
2024-09-25,15.257435919136235,55.95352466746412,6.115158462616138,5.3882986193619065
2024-09-26,11.235876700757132,59.00166087020135,1.7970359402447653,3.885434405914439
2024-09-27,18.006180502625135,58.97410442272411,2.3088701637136015,8.728598209496777
2024-09-28,11.140326976958391,52.02745671836996,1.675779814842409,2.5173296498455153
2024-09-29,13.574268043412976,40.520060194088025,1.748024635035946,5.311032838760278
2024-09-30,16.965332661885093,45.53143520750606,0.7107890420804086,8.196203863637546
2024-10-01,6.942000765454084,65.04285585453601,1.539977419044202,5.204254825221417
2024-10-02,10.349518638326956,48.58935132342384,1.6103985059534165,4.839724977189494
2024-10-03,9.97939496566707,48.45835627740712,0.59003325581791,8.10445393860785
2024-10-04,10.307736726635282,63.82438078227507,5.865421607157365,3.9927367597228858
2024-10-05,10.437419279407804,46.422642499962656,1.1162664116253667,4.8949465465127195
2024-10-06,15.062392495621246,60.108449323225734,4.125167894451093,5.379810081406599
2024-10-07,5.245480766609937,46.41020496362661,0.6885272802480982,6.629029530751278
2024-10-08,5.522878603500785,38.6259466913877,3.3797032987256106,9.587085028805166
2024-10-09,11.726478508080994,56.35189834913588,1.4154063619924533,6.853628660114692
2024-10-10,13.618488857416665,48.6054251604756,4.056540673384979,4.826376148389743
2024-10-11,3.60628036866167,51.56995246401014,31.91161610401765,5.121995415258723
2024-10-12,7.201237022472051,59.82359901050813,5.0261381633685325,8.377832385408363
2024-10-13,5.930117825978249,44.23865666127921,3.5428443536818586,4.421115612937969
2024-10-14,6.324668124960844,55.11830748297136,1.7103468918110516,5.277594851136587
2024-10-15,5.0643079550725,54.605231981185476,1.0280266816075572,7.204907542274746
2024-10-16,8.215268900738206,50.95190552141892,0.9256000980163943,2.758699096166432
2024-10-17,9.516636110726996,51.95274593483505,1.7046124585875049,4.512287016956911
2024-10-18,-0.31094478301564177,44.29030039844902,0.24848576284228585,0.0
2024-10-19,6.367051943652605,39.42754137616376,1.401737505184479,3.475659540206513
2024-10-20,10.650782617121896,68.05458077866857,0.829683190073732,3.1728093214646558
2024-10-21,7.651655355784537,52.60083465188864,2.007560563855475,7.08075127570951
2024-10-22,3.90070745759907,53.25428459173878,4.407213778057603,5.650040695018193
2024-10-23,10.359768502658762,43.326023767872655,2.3799209186456913,2.1561731510579767
2024-10-24,2.092731172630999,76.13203104358053,0.6474377390471613,4.359912707652216
2024-10-25,1.443841407345431,68.39470940967833,3.5190371738913218,2.9510409542515954
2024-10-26,6.900922900528974,43.665791721895474,0.43371258650098055,1.1884368546510604
2024-10-27,2.9972133429194687,70.15603560898506,5.5753557861444465,3.8495667973932366
2024-10-28,4.264000413328739,67.00377008696407,5.594914850425967,2.0873956369021394
2024-10-29,5.629841786162372,70.92500881334507,3.3727498682025523,7.011456471042411
2024-10-30,2.6462394696253373,52.94433911152798,3.321534382078842,2.853429241234691
2024-10-31,7.426078300368077,53.92768507308034,1.3190444892049413,3.719132243601148
2024-11-01,7.587873086677401,62.84756957602387,5.242908124766499,0.8295542351448533
2024-11-02,2.8121893089340566,40.11953522726934,1.9223054563022357,3.9906059824191047
2024-11-03,1.7747149170034247,63.682295042110525,2.587969677828937,0.7292620673648833
2024-11-04,3.8954772792788024,84.4234248920614,0.41852294753939034,1.632474639224148
2024-11-05,7.779920655810685,49.11858168312792,3.20338642234724,4.83668976566114
2024-11-06,1.9184004909188492,56.65535848059991,3.7902102053484388,4.69830903287691
2024-11-07,4.828522578102747,62.855209496895114,1.8111901153762657,4.2929747176812585
2024-11-08,0.48230388915718425,78.19812758695963,1.1200562108899321,4.466313465734776
2024-11-09,5.602394363257579,61.88976217195766,7.827594201537718,6.125278030611642
2024-11-10,1.0555287350657871,57.14379173736081,1.1996283415789675,0.8201636457356907
2024-11-11,-1.3443823765396186,69.9014876186371,1.0268375655713875,6.594384596712722
2024-11-12,6.640363392692042,70.95068081203624,1.7478087853115993,3.026374536046505
2024-11-13,-0.3109396153578827,60.97129430997861,0.7190647458000043,2.830902754866685
2024-11-14,8.859345130976667,78.96423947752737,0.9060971836113141,3.5194986859600568
2024-11-15,2.3377194211846657,60.2280880974266,4.484420447895799,2.637795675699036
2024-11-16,8.693886954823531,66.75982595105965,0.8852312262715687,4.341988836432444
2024-11-17,-5.674018897544768,62.48854200987102,0.17620378563171846,5.3214385792497545
2024-11-18,0.5134208345140361,49.55974478783648,2.962601842163691,0.901485767782531
2024-11-19,6.559469957090236,70.2383681572136,1.2840559967606504,5.549966317401506
2024-11-20,3.6713641405810375,80.7490721438198,6.479152264763094,2.834670895366752
2024-11-21,-0.035685714394096735,50.79954963504579,7.040533551605305,4.478617440666383
2024-11-22,4.506391657840695,56.9957605026069,1.0662169628515397,3.8902959339859957
2024-11-23,-3.93893897309212,80.65344316319909,3.7533750955477334,3.274825942403832
2024-11-24,1.5824152749997196,65.08275488145426,2.408438246175942,1.557696785808455
2024-11-25,-0.972813008051534,64.49301076902458,4.486465939071208,0.9139596236539769
2024-11-26,5.653834574586104,56.21313269039352,2.9223823281096477,0.0
2024-11-27,2.5819725836525604,58.935569381392455,1.7820073754115424,1.5164597608990535
2024-11-28,-2.401433694170692,52.19688465735726,11.449177403977291,3.971107350355434
2024-11-29,5.702407131828792,67.56913509777714,0.045065882393157786,4.801411717081548
2024-11-30,3.2259525004973137,63.75167511539078,3.6317141527942987,0.868693849885154
2024-12-01,4.301536510718808,70.20615963150962,4.611227600935948,0.8583915156417576
2024-12-02,3.549024077862607,62.36467392171746,0.7990878309640146,6.208765673569177
2024-12-03,-0.7850891838402405,71.40335095393615,8.702497891821608,0.8725925242682506
2024-12-04,-0.27750763746552054,52.21606512179055,3.3365046517804107,0.0
2024-12-05,-4.027235729892599,80.43076398102959,0.29490030543007295,1.2921332429431722
2024-12-06,-0.9139424419238054,72.67776658396919,2.411166879226574,3.552856030532288
2024-12-07,1.389809298205777,61.01715092750759,1.7890278368125103,3.869591640718353
2024-12-08,-4.237105162272512,55.50113631554507,0.7275368428331617,2.768520206220433
2024-12-09,4.009890620745129,83.75094214922657,1.33839044145817,0.5824069925700661
2024-12-10,-5.229130354269657,78.78323721305136,0.9015386424610692,3.248777876846429
2024-12-11,-1.5304786438094191,77.75494238898968,1.6375792894933086,4.690790007653979
2024-12-12,-3.2752654962543213,65.51464684338424,14.994939133270272,4.151520425592246
2024-12-13,4.594669190995991,93.87943397927569,3.276338933720771,4.932848851296313
2024-12-14,1.956082239054168,76.20709552065931,5.368935704042704,2.5688630506624204
2024-12-15,1.4627404511538393,50.06169548519391,1.321973459347535,1.8712286132035396
2024-12-16,1.7026889114014117,88.86031868330068,1.4569741107055494,2.0975880271554495
2024-12-17,1.845453701081416,51.89787932894262,11.74422539798818,2.691528553400582
2024-12-18,0.8673408402330642,77.17053771698993,1.1452079808587259,1.9379509043038712
2024-12-19,1.4101139809113894,96.54201858186806,5.4932952202220795,3.1260433963585266
2024-12-20,0.34497341180926044,78.75411913340497,3.2387730402353867,3.6557020207642674
2024-12-21,0.9040358106446984,71.48150799417196,1.440785138403717,4.475182553800023
2024-12-22,2.552193650769625,55.57198156347092,0.6939600603890366,1.2066353544449162
2024-12-23,-1.344819256971985,82.05688645881243,1.9302696432740314,3.15816300899895
2024-12-24,1.444307927093394,71.71931957957874,1.8820089734201009,0.0
2024-12-25,1.1000442334489973,90.55419952623514,1.7798805751607656,1.4184198672771222
2024-12-26,2.35157677366801,68.42394035559931,1.9600060496846177,4.7964545127111515
2024-12-27,-0.6527644973767492,70.3472046062451,8.168629434080582,3.3798551825833063
2024-12-28,-1.983675502623793,81.25392436836964,1.6087530957157936,3.683757255271594
2024-12-29,-1.1426392318272311,64.85046489302049,1.5060146922242916,0.13087470854771088
2024-12-30,-0.6761149552835941,83.09240373691745,6.59079732033957,2.0635096345622634
2024-12-31,-2.610345279875969,82.93966440658022,4.747815084630928,2.7178534595907857
2025-01-01,2.5819225111552626,83.80174288670716,3.9172626936455686,5.359044287869603
2025-01-02,-0.2571351012633458,79.46516625483143,4.213273529458048,0.2801896702870825
2025-01-03,-0.9019973627532514,93.62135112862194,1.4814698149725203,5.450359110917363
2025-01-04,4.460227922113977,67.23428096905434,2.3745268651088667,3.5487570534810287
2025-01-05,0.7825186112951606,76.05433344078047,1.6433483596351603,3.8173501400811043
2025-01-06,-0.22022070958725748,85.28305636466085,2.347339337910771,0.0
2025-01-07,-0.545131912659691,90.5952517104128,10.25373398228334,5.841477613773241
2025-01-08,5.726398946288585,70.5673973063875,0.8366661001823368,0.8290312698327211
2025-01-09,-2.5883204941343907,74.13561080011964,5.642266281285367,0.7912026031551302
2025-01-10,0.5582993633731874,95.67400624514727,2.690526397889265,1.309737601148548
2025-01-11,3.6176275659483346,67.19712687542426,2.783410943014162,2.6445992820028494
2025-01-12,2.9583382657601356,81.01219546885295,6.44250417523379,0.7304810641028197
2025-01-13,2.032402094274079,86.77397040586804,2.3481900806337865,5.768115567103923
2025-01-14,3.575217107446873,84.01767344770627,1.6369000744121505,2.350674229294274
2025-01-15,-0.6097188153903903,74.8897122483701,14.07013664939446,2.6183681853786887
2025-01-16,0.04995748240383424,73.03839064928546,0.5062526177229114,0.0
2025-01-17,2.2995745100723695,64.6833893391112,0.914112736040674,0.0
2025-01-18,0.08293133462537017,87.38021968594249,1.2374424078510664,4.1783323106493615
2025-01-19,0.7832041304039041,78.60228850534726,0.8773595809515529,1.1161758827379349
2025-01-20,-1.7046674739917869,100.0,1.7376392618352603,5.183689905869216
2025-01-21,1.3050376923066036,74.20037322451554,2.3313137441076055,3.4268475049360747
2025-01-22,-0.438195847562147,93.59086186107955,1.8668883052781764,0.0
2025-01-23,6.337738491199028,76.28061307255854,9.594097412468315,2.790733157540189
2025-01-24,6.320292970119943,82.74386362926238,9.545498047858423,1.327434977996071
2025-01-25,-2.255574836720621,63.452243106012986,1.562930940086901,1.2505156762251526
2025-01-26,3.070049254341655,94.58750234416365,1.8336792769673402,0.6375558559780876
2025-01-27,-0.1539531611805378,81.51649334479305,0.6442583981721848,5.3176838864226905
2025-01-28,7.154953888109631,80.89423747092808,4.646653068699467,0.6222162972139917
2025-01-29,2.2761068018261366,92.01716062490334,1.7946424081004735,5.434642648854654
2025-01-30,1.1511316230238453,72.26294120986864,2.752486609408395,3.216004840714895
2025-01-31,1.3625090198201946,62.942812893008174,0.13319847915290506,3.460845328865271
2025-02-01,4.45979531509918,98.46427252017592,3.2190759233546045,3.064894713511738
2025-02-02,4.435920820556422,72.59944025111793,9.074600940333573,5.588246184100144
2025-02-03,5.706737697134036,78.8392404809245,0.7934839829221376,4.137527379862126
2025-02-04,2.0154256378269526,80.48202227297007,3.3871784851821376,2.3499550347616474
2025-02-05,5.032305832042048,66.95985433822764,1.3275338021894818,1.7716822905027838
2025-02-06,5.636540012461285,80.28627266574438,3.067237651420081,0.5030621756003646
2025-02-07,1.3865264043774315,74.72778091256814,3.6000467719701916,2.2320966460017364
2025-02-08,7.583916350438976,93.90408251616674,1.645821558198294,3.3216329127280653
2025-02-09,0.3949808328660218,62.651917412926885,0.2566066587245439,4.0212821359641175
2025-02-10,0.06072279717210183,67.67978106504391,11.234215439429095,1.8655675534115852
2025-02-11,2.11153481084661,83.39393991110406,2.087884302545847,0.0
2025-02-12,9.730160906965908,72.90963607123332,0.577694727341679,2.913419137427797
2025-02-13,8.034414691062816,69.64142812424183,0.0053791202959136974,2.3905243664888136
2025-02-14,7.288095538347585,74.21808942076808,5.871808936188368,2.328243197872052
2025-02-15,6.0983914741905805,53.709426892868706,4.273845790300761,3.677715863958645
2025-02-16,2.4731032977295895,89.631342381793,1.7653220175376299,3.805617863491543
2025-02-17,9.92235174333879,60.44441618447206,4.53723286306369,3.417424512272739
2025-02-18,9.254092198856895,63.92032368623705,1.4538845356208676,3.1539235348354633
2025-02-19,4.992043607295291,74.68760869761314,5.705529561464927,0.10778787702477599
2025-02-20,7.120358882895902,75.20627070804261,0.35279727593364996,2.949850813743662
2025-02-21,8.526389723163405,94.53725168730027,3.7077383016755228,4.602347393980866
2025-02-22,5.953355427580312,80.4639790783794,3.167290795402396,1.3435505162936787
2025-02-23,1.2990583237580298,100.0,5.308632215446381,4.916253500541522
2025-02-24,13.515153184570256,84.01771370319193,3.0821914406335766,5.1467726217312375
2025-02-25,5.348440521623412,82.74592695330978,0.5753319719978109,4.179090723217437
2025-02-26,8.553411759649052,78.6354094958758,5.693652859950457,0.0
2025-02-27,8.002732013351974,85.37220210831272,7.861197417215893,4.963798221160582
2025-02-28,10.791421769993239,65.83261765753961,0.2915585007762509,2.8275632922257086
2025-03-01,11.498997428279043,84.99271889141474,2.3203570238770608,4.590584142697837
2025-03-02,9.268827197635504,78.72284191868228,5.639361913281082,5.609459433991556
2025-03-03,12.329709071059407,52.717616531489966,1.8032012548443026,3.3120953174462637
2025-03-04,7.233841170546375,66.60886344863745,3.010009154603776,1.4485178430201766
2025-03-05,13.628778804372487,90.61121709174252,1.6383762371486403,6.152039621732504
2025-03-06,8.827057353814864,61.97613410220686,0.967639001319994,1.900577321281786
2025-03-07,12.74578639803268,72.053976341026,4.63273141669179,3.3924876447807537
2025-03-08,10.327917872420045,66.34633007333251,5.906142117160222,6.437729993534079
2025-03-09,9.390580810692928,85.78687114811726,1.8574182954932383,2.7180158920581157
2025-03-10,11.465430457337972,93.5844256187308,2.727707011508679,2.448292491316666
2025-03-11,14.501734046217477,68.95747948784492,0.47932756861605075,4.682075527651704
2025-03-12,13.90525720361864,83.415814323902,2.570477508046226,1.2988903677867385
2025-03-13,7.704284735944423,67.64602601703946,1.409021193261709,3.192626948630972
2025-03-14,11.315444954372087,75.56959607915783,0.6768628816089901,1.0751352789398858
2025-03-15,12.799722502831333,64.43908536672606,0.05376569075687687,1.5820336757008953
2025-03-16,13.251548653666452,64.75445846439197,4.599269154253252,5.567579427951394
2025-03-17,10.728265422368494,84.35005130613638,0.5553665953377518,2.891819956164932
2025-03-18,10.998105285251764,72.51103669208506,0.15682117417596464,3.24051512793257
2025-03-19,13.99506516009161,77.35163875983831,5.602423436423119,5.850237861341296
2025-03-20,18.23598315047402,78.66417984472345,2.3886539414652876,4.3333404989115
2025-03-21,2.700624300881298,74.00210517651097,1.1292462895145503,6.069505082446203
2025-03-22,12.60771734133604,100.0,4.824174131209675,5.7442056528963645
2025-03-23,15.428554405587272,73.40386611334077,1.1453463472749967,5.0681752346251425
2025-03-24,18.126018500364097,63.81375585951237,4.332349594237537,0.0
2025-03-25,18.3426188824672,86.43129174102475,2.1715507429506413,1.6811093461491313
2025-03-26,12.76502191913866,67.90164415626123,2.0443922649908943,4.8093661705804065
2025-03-27,14.219854623267805,68.517844635438,3.556080970525608,6.84895055422714
2025-03-28,19.25034025432205,66.02184183995912,5.795458647095003,9.265811013259574
2025-03-29,18.149736926182037,53.08905113569387,3.5380652685631775,3.7237708077176435
2025-03-30,15.059348685372049,89.34451509639675,0.49689101374602984,7.6275039332386925
2025-03-31,18.157515054459246,84.32299708871042,3.2346676242412835,4.522946136798614
2025-04-01,15.08045881250764,56.51096572664555,0.48770596906377106,5.397378960538781
2025-04-02,16.708068106518482,53.91069522625136,0.6926255288704515,3.0225753292969415
2025-04-03,18.860269913699412,82.55260481368569,3.120358249308114,2.4436598059428722
2025-04-04,16.811492644627968,78.71523149776898,1.9825051225111796,1.3945567344865761
2025-04-05,12.717195735601383,66.75088244303487,6.8607449498887405,3.68412595932608
2025-04-06,18.08303740689047,72.37839456135796,1.1855675350879658,2.662964515459082
2025-04-07,19.836222821504176,40.57359219721215,7.676916199359349,4.505254103428004
2025-04-08,22.453977265185337,52.611648425012696,0.052178028483335304,6.847368077587504
2025-04-09,19.783391523319477,62.938620718400855,0.5328250181158176,3.076850343958637
2025-04-10,24.196484195304834,78.68684152746917,2.423991691669465,2.798868078020693
2025-04-11,20.619508299957698,89.57644394163847,0.2699941249315314,5.46639477339177
2025-04-12,22.846756654409283,67.77395974917994,5.829219904725714,4.968968259084018
2025-04-13,22.24437874692549,61.06097062174118,0.31466630650829597,5.028349359833103
2025-04-14,19.841059575871107,68.39113439233712,6.049735141837228,3.517582773396665
2025-04-15,26.610348673528982,62.5535700162907,3.569873143325399,3.6229360687507115
2025-04-16,19.15612769723365,73.1482773458888,5.383080358788361,6.6790017582150565
2025-04-17,22.387191354462438,40.09461953685103,2.314932396933039,4.34084323125852
2025-04-18,20.720871916874533,59.934675947109056,8.173245299879772,4.324448429367295
2025-04-19,24.38687588800334,77.43748329795213,0.37249665385846864,2.801986977237674
2025-04-20,19.083963478213796,45.91888124751659,3.3069770496947983,4.170639105182978
2025-04-21,24.911873901079254,68.97012919290232,5.760475887864206,5.690277240284406
2025-04-22,27.203525968387318,59.60886953064528,2.347050251894344,2.9807012514697755
2025-04-23,21.218604717812443,61.85335594807936,3.6614088225967585,3.6033506526954686
2025-04-24,22.54575589661255,61.35207620342512,2.7990722419032004,4.526910600454968
2025-04-25,25.198839843260668,83.14738826590305,3.1896500307151534,5.505130941455735
2025-04-26,22.02022439882385,66.23867537011658,3.7541941464676016,7.137719460384064
2025-04-27,23.90492625479498,55.151441219912016,2.015948100688398,8.291470494619238
2025-04-28,25.402030769860637,63.83551221344404,1.1268165617105281,3.731969371143859
2025-04-29,32.35067195537282,68.39285420501291,0.08236462746608275,7.847244609556418
2025-04-30,24.547722563578027,43.78347715235619,0.005023766361226922,4.060630390090201
2025-05-01,24.06297795423759,49.13189536221915,12.439065049608798,6.93787449481602
2025-05-02,28.59629339909349,51.422588706743014,11.197431014262012,7.893060562175498
2025-05-03,28.146101436399235,67.88433853819404,8.966350591496095,8.34759743462066
2025-05-04,29.22547884953895,63.59413842605251,7.0578037922465455,6.904924223168225
2025-05-05,27.77857076610388,62.971743309427836,10.442778453193352,7.815720088262067
2025-05-06,29.13937716378011,40.20547603181768,16.203612261927034,6.938852826625301
2025-05-07,21.898243235293304,45.65133864119396,14.891349190227295,3.892427297736339
2025-05-08,30.866095803434057,60.2496236091287,9.83148527076369,10.372715050579238
2025-05-09,28.651561826682155,60.59571730132115,11.46464041408732,9.027379824034153
2025-05-10,31.509938647535385,45.082145379766104,6.209474643889115,5.3034899513697455
2025-05-11,25.849490558932583,54.26433437295985,9.507677632674426,7.306683613827115
2025-05-12,28.737496571227545,50.82839620891228,7.741561211241553,6.835189158264517
2025-05-13,19.22411061465157,63.56168341081629,6.711948665792214,7.986649693085396
2025-05-14,27.226131157881312,61.850142062358934,9.205867871090682,5.874528651218366
2025-05-15,31.552755662900793,60.97798294936385,8.482555299710327,6.478296648167499
2025-05-16,25.99019036854629,62.41027610823122,9.79541091637376,5.671399815472149
2025-05-17,29.172214439849053,48.68838904117752,18.17519518297606,9.571078759936128
2025-05-18,27.624553767037707,71.32649232619337,11.519600838500288,8.995877144625887
2025-05-19,29.826544987231717,55.456171059896846,9.08031507940777,7.833199890235071
2025-05-20,30.059250295635408,54.107693551071044,7.062725934815774,7.310593808042815
2025-05-21,28.146074461944764,50.20615016909176,8.619205071156323,10.826551604055632
2025-05-22,31.715432895069608,60.637702517314395,8.890621194232398,7.971901388499315
2025-05-23,31.19613804644721,45.84862595235445,15.371681875237726,7.373500169851153
2025-05-24,23.490701594354057,48.94652737731053,6.1472701169553865,9.045861538152732
2025-05-25,31.425985964758453,50.69383555764645,6.94037377542489,7.514984004354381
2025-05-26,28.977749677780164,52.77124092808142,6.829086076124225,7.631123847006736
2025-05-27,20.870602503489714,59.85515095198558,6.766994327753526,7.493728044261754
2025-05-28,32.94568855895289,45.87115827395091,12.321013936283972,11.033031965478065
2025-05-29,29.017946270589864,46.763182935085894,6.493331831916743,8.719397186478837
2025-05-30,27.955269493968295,58.819454601817284,10.177759548240829,6.652648063591652
2025-05-31,32.11630404779376,54.687905145058124,6.353481749401986,7.105782428565285
2025-06-01,27.214398532422408,46.65671232866069,13.573916108705504,7.895296043353325
2025-06-02,29.495005229738954,66.60331460718524,7.336665603109191,4.852251194165857
2025-06-03,25.232203914260058,37.30581528233072,6.039181599222331,5.933542729868108
2025-06-04,27.961517429414066,48.36029901595255,10.28688452326348,6.5119349671995055
2025-06-05,35.16705015980241,30.248610681306342,8.799520620328394,12.244693525643886
2025-06-06,33.82981935304391,58.56605408556344,7.63348220767182,8.276148708882085
2025-06-07,26.061423935201056,56.1728074799741,10.924850330184217,9.664804025756062
2025-06-08,30.929047180020493,46.82688424716635,7.834619979051322,6.723694563995256
2025-06-09,27.229587472307024,42.34717943935027,7.292564922190234,4.922937501645345
2025-06-10,35.29722147566633,36.887996167643735,6.581252994752017,7.133061877539621
2025-06-11,27.487789242996715,60.09917006291978,9.209912423651636,8.074761828791441
2025-06-12,28.392093256187113,32.927849524307234,6.367283158290272,6.915612461878133
2025-06-13,25.803307782809576,43.786685030393905,9.753951286786844,9.456146254376215
2025-06-14,30.12681354440193,39.38226162153146,6.746443262396436,3.4418950352243263
2025-06-15,32.664830466192136,40.35497612497809,6.133238000892424,7.381252630853112
2025-06-16,35.09394575237078,44.140751414296254,9.450757757237788,4.488682746657439
2025-06-17,28.04749602879314,32.83639258448542,7.564492539589557,8.635450208620815
2025-06-18,31.593104574861627,27.466404882889613,12.245041673365812,7.571260331595081
2025-06-19,30.43659901271132,48.343185989047015,9.311479321110417,6.978035340912515
2025-06-20,25.27606260247137,48.87268727422093,6.538793710935735,8.561941592463917
2025-06-21,26.32507873783931,34.31348603366749,9.840379669619423,7.840677667233797
2025-06-22,28.352040969567607,46.81612880543188,6.164492497749643,14.48129829345027
2025-06-23,29.126539353664597,41.86654165889621,11.417646341333462,2.208326757811765
2025-06-24,33.633854095674096,52.496490428152,8.288901394719748,4.327439645542255
2025-06-25,29.926760952021105,42.466605623519186,8.242023891856377,8.954851962134429
2025-06-26,30.95777398068815,56.621768129667004,10.40573647789489,7.19016698128806
2025-06-27,27.65533566398796,41.59391342991189,10.886671193794262,5.067391489859794
2025-06-28,24.41029022636303,29.51452275976681,10.074749709037862,9.550944691068802
2025-06-29,31.053242406940317,43.57034509987663,13.247643950763413,5.986333897434028
2025-06-30,30.892011613667083,42.78851737369866,6.764003642476084,8.13014430296496
2025-07-01,30.85116140079153,45.320670071288646,6.496492342367125,9.135398086701406
2025-07-02,31.54374457579466,27.86951815783291,6.762162255801389,8.649688305347787
2025-07-03,27.948894127137738,41.34489706265774,6.782839276455672,7.116647891960409
2025-07-04,33.50642036044037,41.16662114951141,6.421701265473642,9.985767386675017
2025-07-05,27.657733927092377,42.82508179704745,11.01094274354558,11.521851236294504
2025-07-06,27.649619541761382,37.86760622303871,6.094538941653196,8.060549264733998
2025-07-07,28.40587689800661,44.25478458699596,9.256379625770634,10.935412323802469
2025-07-08,27.724476952823963,43.7402648781642,7.819698579252755,11.76997205213925
2025-07-09,31.015306935583503,40.428763428888125,10.478978549802637,9.578669813190263
2025-07-10,41.27667839090701,30.154301810621753,6.689469396304528,5.060981704558761
2025-07-11,30.331489057838006,37.765217518442334,7.031203995133874,4.785535558336084
2025-07-12,30.671840055823942,43.336016251976794,7.724256765222565,10.304671788831179
2025-07-13,30.578302019800805,41.17182419582219,6.671642821509213,6.071803497039402
2025-07-14,29.098499614965913,42.482021743642974,7.749596440000316,10.855378956352062
2025-07-15,29.564778075024236,38.91048058975863,8.638185788595273,8.9230520822378
2025-07-16,25.097826714353616,37.025647017334016,7.717656575036445,12.453668546266362
2025-07-17,29.18726524027174,43.36015110004507,11.865198007945109,12.535146296309248
2025-07-18,32.82399088415791,35.892148816524,6.6081329954068515,8.369961177298233
2025-07-19,31.491121742671055,56.022660537656456,13.98029404175879,7.881447608165859
2025-07-20,25.7120805418502,48.43032550592722,78.25318551856233,5.089553856065245
2025-07-21,27.809122370463708,53.647323069741255,12.139974461089055,8.567084143429843
2025-07-22,29.378543318954677,51.46532058841975,7.451453568190132,8.070725675594742
2025-07-23,29.623468802928375,62.52702972768825,8.949011183520557,10.102871806766274
2025-07-24,21.392643912369486,27.466089133806722,6.2874786590575855,6.244441473266575
2025-07-25,28.46165373541126,41.29153338665904,6.435964382210633,6.205922249811553
2025-07-26,35.95091576036272,44.66342106426758,12.001169262433065,9.641290596062397
2025-07-27,27.234797566500905,46.90040807234582,8.265386432053138,9.51404517866958
2025-07-28,28.691021807285978,33.41555998632361,16.477293097979448,6.959906431615504
2025-07-29,27.381843568121717,50.38635571752758,10.954671098813012,7.463313153806887
2025-07-30,27.837062462756485,38.890536555675645,8.399446128914159,7.47880273087768
2025-07-31,27.152482258004333,31.134809340055476,7.747174705545273,7.392500376068868
2025-08-01,28.33388097944423,36.108943673293524,13.985800818309439,7.268701068475467
2025-08-02,24.163211682017227,30.923963785615165,10.581379316685506,4.9177032376242265
2025-08-03,26.48605460747701,32.31600403950689,7.9749276356438585,6.8346873968175395
2025-08-04,32.52357357690111,50.634738462118776,14.571130831366233,5.862250355112035
2025-08-05,24.525863907810617,53.20915936143149,9.270179115658664,6.735731674167788
2025-08-06,29.42865952491732,31.795617532094155,9.987167681746874,10.823413676567428
2025-08-07,27.21543801116095,46.421512517385764,6.361365191201623,7.980246469224109
2025-08-08,26.440374593915255,46.53960086690261,7.657939524312775,7.211574908972696
2025-08-09,23.995109038275903,38.10044875003637,7.971651968193948,8.116778762579084
2025-08-10,23.86304063714548,27.881346639138595,9.537238709522265,7.30805460425734
2025-08-11,23.606292177373124,45.95770124931937,7.867006911573252,7.901480300141403
2025-08-12,19.752354251717154,37.54138334753838,7.651207131848423,9.43145251047096
2025-08-13,23.91889648164592,36.17175271098736,10.244861703007661,6.960666240485859
2025-08-14,24.921091197605868,45.32364366530844,52.43063241540552,7.9719622952728955
2025-08-15,23.895687118108192,38.82432364183584,7.859472934957219,8.567675056512227
2025-08-16,25.523122294856456,44.88167382534959,6.07831921070548,8.022058249339162
2025-08-17,18.693387372707644,40.83712806781149,6.204968096913877,7.10720651288525
2025-08-18,21.771136283399912,38.41722381742968,10.378436690022866,8.008846958314992
2025-08-19,19.32824841393399,41.42870204773108,6.075174682176682,3.725997600686832
2025-08-20,22.13684987175196,33.36050745036831,10.831347051170898,9.816784528748752
2025-08-21,22.067223805036207,52.421931702016465,6.680039310448139,2.0079073028178236
2025-08-22,18.938121482620115,44.35225805131602,7.469069769828595,7.218277998708318
2025-08-23,22.972542417829022,46.22574145692066,7.5756702182980185,9.06480079870057
2025-08-24,24.491688579311244,33.62998351813724,6.173579833187414,10.475536820794382
2025-08-25,20.945476808716297,33.72637711861489,6.363725257292064,4.277436206302198
2025-08-26,21.589446366912867,41.59376407304833,8.78950867632659,1.4876224998839893
2025-08-27,22.724650299326687,50.826835187152135,8.06669747651472,9.149707927618408
2025-08-28,18.786144237313504,35.53145732843252,11.53582664376925,7.230502144950913
2025-08-29,17.92170422900525,37.568672322805725,8.892767683493412,9.515476464340566
2025-08-30,18.222005781966125,48.063314870271434,7.982141030166666,5.556195277948501
2025-08-31,15.702346454536807,44.56501427714282,10.016579242320311,6.075305067246123
2025-09-01,19.608172704100017,47.456039879947824,6.007177846491775,6.929017281017952
2025-09-02,17.19245561580158,42.91007875837406,6.915485337046446,7.632057702743966
2025-09-03,19.336288963948434,59.215490541268665,6.285652245994573,6.862595866395451
2025-09-04,13.065750307406772,47.514700638625385,9.681085223751214,2.6934747117757993
2025-09-05,14.300181724694795,55.30115903572596,8.522521744469172,7.259895281142707
2025-09-06,14.562834491585019,27.51435369966088,6.4540399178675045,9.798564177247897
2025-09-07,21.611757225856813,40.619944839766994,9.797944060315482,4.2263036653799375
2025-09-08,15.052550171345041,66.09817121231202,8.471293387943437,5.417898233075118
2025-09-09,15.755822236335627,51.96141831301804,8.765504192204917,5.679712428358466
2025-09-10,18.326047953200778,55.51224555088298,7.826385597117822,4.6106001773674885
2025-09-11,14.801451913639271,49.21099225879,6.020575497768414,4.262882630067283
2025-09-12,13.392702343982478,53.24596656052228,8.581901925854257,6.952536171605138
2025-09-13,21.95498743038329,32.9114576315735,8.357653272015565,3.2835628557383063
2025-09-14,16.153735589203276,28.755972322021293,6.262595003967197,9.145108158317369
2025-09-15,10.250680807215796,58.76027164712295,14.444764199591923,7.786783610948134
2025-09-16,14.850540316056234,49.659645730697996,7.1891453861181756,10.678543655505145
2025-09-17,16.29546505563441,47.194878836790394,7.6356884421845646,8.47322768534238
2025-09-18,13.533460268858127,48.669768447318674,10.87948732110597,4.121452613939296
2025-09-19,13.860916409602643,44.57892787538176,6.033975870005319,7.498199259105315
2025-09-20,15.00064764355219,52.00319006338268,18.644343679071582,3.2695902054312724
2025-09-21,16.022523301816033,56.358730299325686,6.028903933449961,5.641632731753386
2025-09-22,14.066817702210793,63.241533002614375,6.240013294431003,2.7429743096845107
2025-09-23,19.22749434083994,58.74296403889839,10.434886243749142,5.673138386117872
2025-09-24,14.43280503983721,70.61873322730446,7.318646683432217,2.965105447393005
2025-09-25,11.337436158211258,59.318413005232415,8.745728311379683,6.245207958233604
2025-09-26,12.550871445947697,42.28604292892581,11.786208537935103,6.333386577940926
2025-09-27,13.855967849713135,53.09880543767819,0.008879345614077216,3.172906242694475
2025-09-28,11.384524408966236,79.99394633988393,1.2345650916678652,7.842433110858902
2025-09-29,10.169785440857552,53.885179123142706,0.6615066032662269,5.003328362803913
2025-09-30,15.656846368551829,48.05319697019513,0.7136563253085235,7.184327801086293
2025-10-01,9.420617050853608,36.82687915246977,1.379576174002663,4.472151019223176
2025-10-02,7.9810074749130635,48.27482570902915,1.510890049060131,7.424892459359584
2025-10-03,7.576911980254094,41.697434017528735,1.5160146091416657,8.571627835822689
2025-10-04,11.692495719340888,71.89403689364389,0.5720501329347085,0.8256436295392069
2025-10-05,12.620035725329068,43.69258128678657,2.822915643955434,5.109891224707527
2025-10-06,12.791274057736596,72.12661632480604,2.089057844163052,0.3710081063995121
2025-10-07,9.90114890660944,59.81848292617352,2.651978066478284,4.947941733913549
2025-10-08,15.836000374550217,29.334569698027337,4.1816008739540305,7.103607620029061
2025-10-09,3.604170515991136,64.69894763526082,4.920779072999876,6.291884389250553
2025-10-10,3.9991173084298994,66.3871451363322,1.6184774078566164,3.327744386945401
2025-10-11,4.3608970840188,46.42521983119565,0.8854165757535495,4.052639631510538
2025-10-12,9.915108821403296,60.72808340227853,5.042908202261262,9.946375208648966
2025-10-13,7.655819666969192,40.34205400622074,0.47525448264400083,4.594074510758496
2025-10-14,7.389537753459324,79.98743557735285,0.43820644418117505,1.3413670258650572
2025-10-15,12.713221668294224,46.504822081824045,0.7962211879917063,6.461219998047964
2025-10-16,4.750754119106361,65.56729877840625,1.690549617907672,4.077501430825166
2025-10-17,12.999710191618654,59.52133013485562,1.9983130310680828,5.658743433293872
2025-10-18,7.850661162231334,65.60140426616128,0.571228329233946,5.681600080827417
2025-10-19,8.923152298092145,43.49469454976585,1.8185262728810168,4.990335877260577
2025-10-20,8.897123430358407,37.04919000794821,0.21796570771809431,2.804813332701899
2025-10-21,8.379253972431258,60.74865487862465,8.95433398821769,7.236257276871323
2025-10-22,8.299701548781607,50.39929360332309,6.585836591679241,4.010310482697207
2025-10-23,5.132684424216498,56.54459087369185,2.040929608192023,5.175147002096041
2025-10-24,12.041565347801958,61.652994291894586,0.9553780780384145,5.213766140420854
2025-10-25,4.4818941331575,79.69912784786828,9.936551384975168,6.604468588297623
2025-10-26,12.221525984283254,74.84600444604244,1.6522311733656512,5.887539804258868
2025-10-27,11.803963809103431,75.10043525832,10.997275250539904,6.6380441659174885
2025-10-28,12.64185341678079,39.35130311597452,0.9106226985616619,4.229735575295184
2025-10-29,8.802631119568037,53.21714956405832,0.8439222620325966,4.208420217273052
2025-10-30,6.884454059668471,42.05817602480667,0.618365724832695,4.36419419764449
2025-10-31,5.1086779501322415,59.51212970801645,3.3429994593229146,6.68725653644035
2025-11-01,4.982364352892369,64.63769079939473,1.0516992395617288,1.7732771179777629
2025-11-02,-0.4122099963073147,47.11652018965712,1.8951329339932892,3.0666337679684927
2025-11-03,4.253948224710591,55.209339000111555,3.3253219962604206,1.9565478442019346
2025-11-04,7.9768665055220005,52.48157618269678,1.3686827505219563,0.963513200073312
2025-11-05,4.147064281477286,55.638239865688156,9.202414468875048,3.472548240754258
2025-11-06,7.297088680482544,50.564063464473435,0.5536994046146155,3.3198048091703485
2025-11-07,3.418237469452948,60.33276316669493,7.796112235730792,6.114089932794058
2025-11-08,3.136618013067422,62.73261819944083,0.03855468298283249,3.129107971388685
2025-11-09,1.952172332073031,57.27528739861426,2.3297587862837332,1.4972986901531786
2025-11-10,6.158794565569993,61.55843618969489,2.480580075671077,1.5401333181259884
2025-11-11,-2.228675654757077,58.17037972197352,2.9930674117433433,4.007703739706184
2025-11-12,4.189949140383275,63.55062556646221,1.6401795876665664,5.945197768420688
2025-11-13,5.173822627955554,58.96097904991695,3.434700712856671,1.3509022896600458
2025-11-14,-1.5732149929019767,70.37715859224315,1.6305816959285995,6.60217412837167
2025-11-15,4.582645506425681,51.8293970697284,3.2172587608154313,2.205291708213829
2025-11-16,7.142330054754165,50.633003249333456,0.08971204349021988,3.898859519905292
2025-11-17,3.49799410349339,50.322156536003824,1.3599742818202976,0.3071023031664777
2025-11-18,-0.7682167327821694,66.90067951301467,0.8039832851768409,2.612605552999515
2025-11-19,-2.507539238732468,52.92092046315068,0.3771824920975324,1.5336923041418802
2025-11-20,3.3363491104055885,68.26263326870314,0.15102332927135143,0.3891253996455175
2025-11-21,-2.608151744670624,58.20085431285973,3.05441570723893,3.3027878803734803
2025-11-22,-0.20697099404061614,66.33510656441482,0.3399693034742528,0.13552531735681272
2025-11-23,-3.237551348049241,73.38735511361374,1.332169133460051,1.6539108795714486
2025-11-24,-0.04382116525064683,58.979965306677556,3.4484716193411025,4.958167807854974
2025-11-25,5.966005450756951,61.05021188583034,2.1100557111418397,3.678229084625401
2025-11-26,2.637336732526985,59.92586368746157,0.23294385268206064,1.0091720585748465
2025-11-27,-0.26167264413211755,55.56217451986696,4.338862063516984,4.654737349545433
2025-11-28,-1.0016951061253754,46.77088385441347,1.9196150007071755,2.540190908528558
2025-11-29,-0.06607431815174203,76.3098789346047,1.257646131555755,3.463353270673771
2025-11-30,2.6091881098595766,71.04207077648503,4.227189894571195,0.5933873420624347
2025-12-01,-1.230651782811607,82.30989684293192,1.5155455962066715,0.3332987735020736
2025-12-02,-2.7738947708330626,76.30266350746629,2.4261682440887373,4.011392363982669
2025-12-03,-3.559281595933834,59.23404949945778,1.9795244641094034,3.6226912285693964
2025-12-04,5.667288116132285,79.17445875860093,1.7991047776589806,3.9275273766395458
2025-12-05,2.060480281964847,68.23093157422646,1.4959150897528652,2.8295578860560178
2025-12-06,0.27028636666185696,86.63856079041378,0.20100617660750864,2.6819702724772925
2025-12-07,2.72298133143107,65.16455943708225,1.3457304232428644,0.671704942840953
2025-12-08,0.12227491614665459,77.39297965068188,6.586446226375731,0.0
2025-12-09,-0.3555849682814649,59.56592537140534,1.6124374758010878,1.852770987621769
2025-12-10,-3.006199194949831,66.75075245281394,2.0625336634494644,1.7889186896162228
2025-12-11,2.6097087483559784,55.414869785749794,0.8202941869013398,0.0
2025-12-12,-1.6100310739311563,64.94890476641771,1.6067372170523817,2.150322541590423
2025-12-13,0.2644938124726929,87.41905667704674,1.3107037342636243,0.15475004910828627
2025-12-14,3.204868011032398,74.8406111427853,3.4224048680288837,6.710225248221962
2025-12-15,1.9930425129193732,88.68535269209875,4.140174289826836,2.1548985984061
2025-12-16,5.9045507354205045,80.57193127328159,0.6148489393458858,2.6969814441853814
2025-12-17,2.992643479716774,77.16941307081561,3.5212665020833,0.0
2025-12-18,2.838497733792338,64.95202265072436,6.422598263668583,0.96276592317846
2025-12-19,2.807307309116297,98.04919671507025,0.6506772886504146,2.7901237134845447
2025-12-20,2.848056923952909,64.82871961614569,0.4288403015298998,3.43049257944175
2025-12-21,3.862632564789566,75.23369066867816,0.8413644239000719,1.684777200297963
2025-12-22,0.4889547373431776,55.64921588305284,2.923749812259044,0.7579183693316323
2025-12-23,-5.153602233692065,92.59150414127544,12.19260112001586,3.1987318966043583
2025-12-24,4.252631168305449,91.8595909489668,1.9981513878050672,0.7407121644606458
2025-12-25,-0.6189967616591555,69.325964421263,0.6371776207944495,1.6217760467510098
2025-12-26,-2.914107759737569,79.86770018247583,13.325218412394086,3.596675605738404
2025-12-27,-2.2209910777511688,85.68632058679835,0.2988035424985087,0.5885887103777587
2025-12-28,1.4644581466144513,70.5419717437859,1.6380147083962475,2.840162682490101
2025-12-29,5.758614138187255,77.59443786429752,2.674106286921673,1.9149787674089378
2025-12-30,0.21391860461403042,82.17549434760467,1.6352700487399279,0.9299183604752532
2025-12-31,-3.152473424574414,65.82598670174572,3.4829507083427735,2.578624008376457
